{"type":"FeatureCollection","features":[{"type":"Feature","properties":{"psgc_code":"0931700001","name":"Arena Blanco"},"geometry":{"type":"MultiPolygon","coordinates":[[[[122.161345,6.914665],[122.161202,6.914793],[122.161426,6.915109],[122.16133,6.915232],[122.161349,6.915854],[122.161215,6.916305],[122.161211,6.916618],[122.160618,6.916148],[122.160259,6.915503],[122.159766,6.914838],[122.158431,6.914046],[122.158158,6.913588],[122.157799,6.913194],[122.157116,6.912724],[122.156626,6.912167],[122.157064,6.912207],[122.157241,6.912365],[122.15744,6.912365],[122.157366,6.912054],[122.157213,6.911879],[122.156768,6.91176],[122.157042,6.911393],[122.157144,6.911116],[122.156941,6.910838],[122.156736,6.910821],[122.156645,6.911064],[122.156331,6.91125],[122.156115,6.911233],[122.155967,6.910894],[122.156166,6.910634],[122.156041,6.910323],[122.156229,6.910057],[122.156423,6.910119],[122.156605,6.909699],[122.156946,6.909578],[122.157058,6.910169],[122.156916,6.910493],[122.157068,6.910573],[122.157221,6.910179],[122.157242,6.90972],[122.157654,6.909871],[122.158097,6.910367],[122.158336,6.910731],[122.158631,6.910867],[122.159063,6.911317],[122.159012,6.911832],[122.159363,6.912269],[122.15973,6.912966],[122.15978,6.913274],[122.160373,6.91385],[122.160312,6.914103],[122.16047,6.9143],[122.160633,6.914067],[122.160587,6.913577],[122.160236,6.913057],[122.16018,6.91281],[122.160485,6.912744],[122.160639,6.912898],[122.160523,6.913067],[122.161232,6.913143],[122.161465,6.913403],[122.161697,6.91337],[122.161777,6.913129],[122.16206,6.913182],[122.162326,6.913004],[122.16252,6.913107],[122.162817,6.912927],[122.163065,6.913449],[122.162673,6.913568],[122.162464,6.91372],[122.162397,6.914081],[122.162608,6.914655],[122.162397,6.915054],[122.162168,6.915025],[122.16202,6.914703],[122.161345,6.914665]]],[[[122.153191,6.912069],[122.153487,6.911898],[122.154173,6.911245],[122.154712,6.911247],[122.154922,6.911395],[122.155055,6.91176],[122.155472,6.912422],[122.155435,6.912752],[122.155659,6.912869],[122.155968,6.913369],[122.156132,6.913734],[122.157191,6.914135],[122.157754,6.914632],[122.158003,6.914941],[122.158646,6.915457],[122.159221,6.916042],[122.159328,6.91651],[122.158993,6.916535],[122.159031,6.917318],[122.158649,6.917665],[122.158152,6.917905],[122.158207,6.918227],[122.157847,6.918241],[122.157557,6.918355],[122.157364,6.918675],[122.157606,6.918968],[122.157391,6.919239],[122.157073,6.918842],[122.156904,6.91886],[122.156635,6.919142],[122.156912,6.919659],[122.156585,6.919498],[122.15654,6.919307],[122.156217,6.919302],[122.156046,6.91969],[122.156636,6.919981],[122.156409,6.920122],[122.156566,6.920447],[122.156357,6.920874],[122.156002,6.920735],[122.155792,6.920947],[122.155628,6.920899],[122.155223,6.92121],[122.154925,6.921097],[122.154467,6.921071],[122.154231,6.92097],[122.153971,6.921],[122.153831,6.920702],[122.153576,6.92081],[122.1538,6.922025],[122.152176,6.922119],[122.149794,6.922477],[122.149478,6.921463],[122.149594,6.921288],[122.149058,6.920597],[122.149041,6.920355],[122.149392,6.919244],[122.149554,6.918944],[122.150371,6.918248],[122.150694,6.917568],[122.150867,6.91732],[122.151396,6.917032],[122.151529,6.916727],[122.151633,6.915996],[122.15184,6.915155],[122.152203,6.915011],[122.152347,6.914631],[122.152289,6.914026],[122.152329,6.913583],[122.152957,6.912327],[122.153191,6.912069]]]]}},{"type":"Feature","properties":{"psgc_code":"0931700002","name":"Ayala"},"geometry":{"type":"Polygon","coordinates":[[[121.949106,6.982685],[121.947374,6.982568],[121.946924,6.982934],[121.946532,6.984911],[121.944996,6.986281],[121.944842,6.986307],[121.944413,6.986026],[121.943672,6.985194],[121.942882,6.984485],[121.942017,6.981719],[121.942005,6.980836],[121.942407,6.979411],[121.943138,6.977528],[121.942503,6.977266],[121.941896,6.977077],[121.941978,6.976491],[121.941781,6.976457],[121.94126,6.975871],[121.940226,6.975209],[121.939997,6.974796],[121.939845,6.974235],[121.939468,6.974075],[121.939478,6.973849],[121.939199,6.973809],[121.93883,6.973064],[121.938745,6.973025],[121.938749,6.972461],[121.938579,6.97212],[121.938579,6.971852],[121.938343,6.971453],[121.938756,6.97127],[121.939281,6.970847],[121.939746,6.970343],[121.939806,6.970114],[121.939619,6.969779],[121.939676,6.968729],[121.938911,6.968006],[121.938512,6.968271],[121.937705,6.967009],[121.938037,6.966431],[121.93775,6.966072],[121.938055,6.965243],[121.938626,6.964637],[121.93881,6.964799],[121.939153,6.964721],[121.93962,6.964483],[121.940253,6.963852],[121.940386,6.963776],[121.940797,6.963114],[121.941859,6.962048],[121.942421,6.961401],[121.94309,6.960709],[121.943536,6.960639],[121.943694,6.960415],[121.943683,6.96016],[121.94408,6.95988],[121.945259,6.959304],[121.946192,6.958775],[121.946714,6.958414],[121.946997,6.958082],[121.947367,6.957532],[121.947649,6.957031],[121.947481,6.956698],[121.947707,6.956476],[121.948238,6.955821],[121.94894,6.955367],[121.949278,6.955652],[121.950417,6.954839],[121.950804,6.955337],[121.950941,6.955253],[121.950685,6.954918],[121.951072,6.954675],[121.951337,6.955015],[121.951535,6.954883],[121.951313,6.954585],[121.951563,6.954541],[121.951831,6.954353],[121.951989,6.954552],[121.952264,6.954527],[121.95268,6.954247],[121.952993,6.954185],[121.954675,6.956917],[121.954782,6.957121],[121.95589,6.95868],[121.95629,6.959206],[121.95592,6.960117],[121.957553,6.960951],[121.956707,6.96232],[121.956509,6.962599],[121.95712,6.963355],[121.956543,6.964156],[121.953722,6.962188],[121.952982,6.962865],[121.953208,6.964783],[121.952995,6.966024],[121.951139,6.966024],[121.951052,6.966721],[121.950338,6.967863],[121.950225,6.968279],[121.949855,6.969083],[121.949955,6.969348],[121.95073,6.969413],[121.951158,6.969536],[121.951381,6.969788],[121.951381,6.969958],[121.951616,6.970451],[121.951839,6.970492],[121.952332,6.970205],[121.952473,6.970275],[121.953159,6.971191],[121.953599,6.971596],[121.954075,6.972318],[121.954597,6.972728],[121.955155,6.972975],[121.955524,6.973268],[121.955677,6.97365],[121.955573,6.97443],[121.954841,6.975364],[121.953227,6.976771],[121.953093,6.976636],[121.951715,6.977859],[121.951382,6.978192],[121.949523,6.979945],[121.950257,6.981288],[121.949091,6.981838],[121.949106,6.982685]]]}},{"type":"Feature","properties":{"psgc_code":"0931700004","name":"Baliwasan"},"geometry":{"type":"Polygon","coordinates":[[[122.059234,6.921221],[122.058514,6.921345],[122.058043,6.92148],[122.057598,6.921402],[122.057437,6.921169],[122.055822,6.921304],[122.055519,6.920431],[122.054802,6.918579],[122.053603,6.918962],[122.053515,6.918424],[122.053787,6.918084],[122.053605,6.917669],[122.053333,6.917971],[122.053046,6.917926],[122.052472,6.918235],[122.052253,6.917994],[122.051868,6.917971],[122.051467,6.917329],[122.051089,6.917223],[122.050863,6.916951],[122.050765,6.916558],[122.050946,6.916105],[122.051044,6.915243],[122.051006,6.915032],[122.050311,6.914888],[122.050175,6.914752],[122.050047,6.913793],[122.049986,6.913067],[122.050032,6.912795],[122.050266,6.912228],[122.050375,6.912155],[122.050526,6.911744],[122.050697,6.91164],[122.051086,6.911568],[122.051422,6.911411],[122.051417,6.91129],[122.051963,6.910993],[122.052233,6.91065],[122.052593,6.9105],[122.052493,6.910224],[122.05281,6.909942],[122.053104,6.910007],[122.052846,6.910258],[122.052961,6.910575],[122.053892,6.910325],[122.053697,6.90988],[122.054111,6.909827],[122.05395,6.910105],[122.053969,6.9103],[122.054282,6.91023],[122.054889,6.910593],[122.055379,6.910569],[122.055793,6.910716],[122.055602,6.909479],[122.055096,6.909635],[122.055063,6.909544],[122.055804,6.909275],[122.055708,6.909546],[122.055901,6.910696],[122.055972,6.910773],[122.056983,6.911109],[122.057188,6.911049],[122.057291,6.910181],[122.057263,6.909917],[122.057498,6.909938],[122.057393,6.910195],[122.057261,6.911142],[122.057904,6.911241],[122.057923,6.911458],[122.05829,6.911463],[122.058375,6.911598],[122.058768,6.911709],[122.059363,6.911725],[122.059652,6.911672],[122.060243,6.911393],[122.061223,6.910655],[122.06183,6.910084],[122.062281,6.909523],[122.063093,6.910213],[122.06364,6.910745],[122.063358,6.91136],[122.063554,6.912356],[122.063734,6.912349],[122.063859,6.913292],[122.062649,6.914088],[122.06283,6.915064],[122.062986,6.915724],[122.062117,6.915835],[122.062125,6.915967],[122.062466,6.91773],[122.062197,6.917934],[122.061499,6.917427],[122.061325,6.917576],[122.060552,6.917938],[122.060751,6.918162],[122.060734,6.918749],[122.060414,6.918808],[122.060469,6.919152],[122.059077,6.919242],[122.059111,6.919453],[122.059234,6.921221]]]}},{"type":"Feature","properties":{"psgc_code":"0931700005","name":"Baluno"},"geometry":{"type":"Polygon","coordinates":[[[122.031152,7.002047],[122.031826,7.003821],[122.03247,7.004636],[122.031402,7.005635],[122.030873,7.005854],[122.030977,7.007266],[122.029139,7.009242],[122.029759,7.012744],[122.030345,7.015995],[122.033733,7.018659],[122.035249,7.021082],[122.034342,7.024539],[122.034032,7.026963],[122.035927,7.030052],[122.036857,7.03236],[122.036225,7.035346],[122.03379,7.036529],[122.03379,7.039343],[122.033434,7.0411],[122.034032,7.043903],[122.034032,7.045958],[122.032619,7.047061],[122.030862,7.046542],[122.026337,7.047773],[122.021846,7.048209],[122.017505,7.048049],[122.01356,7.048156],[122.010612,7.047801],[122.010219,7.04395],[122.010536,7.039976],[122.011321,7.037945],[122.011503,7.037112],[122.011062,7.036403],[122.009951,7.034708],[122.008543,7.033319],[122.006238,7.032372],[122.004343,7.030259],[122.001713,7.027548],[122.001748,7.026124],[122.000128,7.022794],[122.000105,7.018728],[122.00045,7.016546],[122.001047,7.013365],[122.001311,7.011182],[122.003115,7.009873],[122.003781,7.008621],[122.003425,7.007611],[122.002954,7.007013],[122.002965,7.005854],[122.002288,7.005429],[122.002701,7.00459],[122.003275,7.003786],[122.003516,7.002753],[122.004045,7.001535],[122.00447,7.001041],[122.004906,7.000214],[122.004804,6.999144],[122.004456,6.999014],[122.00356,6.998285],[122.0033,6.998014],[122.003185,6.99766],[122.003191,6.997207],[122.003045,6.99678],[122.002675,6.996291],[122.002102,6.995765],[122.001618,6.99564],[122.001202,6.99563],[122.000598,6.995224],[122.000296,6.995161],[122.000197,6.994948],[122.000192,6.99449],[122.000103,6.994104],[121.999916,6.993854],[121.999744,6.993417],[121.999718,6.993058],[121.999614,6.992886],[121.998937,6.992782],[121.998396,6.99211],[121.998031,6.991892],[121.997583,6.991965],[121.997209,6.991803],[121.996662,6.991418],[121.996428,6.991152],[121.995969,6.990757],[121.995464,6.990403],[121.995064,6.990236],[121.994684,6.99022],[121.994418,6.989934],[121.993986,6.989846],[121.993127,6.989887],[121.992721,6.98984],[121.992195,6.989929],[121.991695,6.990194],[121.991398,6.990455],[121.991039,6.990647],[121.990643,6.990455],[121.990493,6.989814],[121.99004,6.989617],[121.989066,6.989632],[121.988821,6.989481],[121.987816,6.989398],[121.987436,6.989132],[121.987249,6.98908],[121.987067,6.988679],[121.986374,6.988695],[121.985984,6.988607],[121.985541,6.98858],[121.985073,6.988372],[121.984667,6.988065],[121.984292,6.987956],[121.983849,6.987956],[121.983219,6.988268],[121.982668,6.988331],[121.982053,6.988331],[121.981069,6.98856],[121.980731,6.98857],[121.980184,6.988888],[121.979924,6.988888],[121.979533,6.988752],[121.978674,6.988169],[121.978143,6.988075],[121.97742,6.987831],[121.976743,6.987909],[121.975597,6.985319],[121.975264,6.982838],[121.974207,6.979358],[121.974793,6.976016],[121.975666,6.972421],[121.978526,6.969447],[121.980335,6.965977],[121.980808,6.965031],[121.983443,6.961126],[121.984774,6.962231],[121.986248,6.962932],[121.987128,6.962813],[121.987805,6.962314],[121.987912,6.96311],[121.988233,6.96374],[121.989243,6.963824],[121.989849,6.962778],[121.990075,6.961708],[121.990574,6.961328],[121.990966,6.961779],[121.99118,6.962207],[121.991786,6.962326],[121.99225,6.962029],[121.992511,6.962386],[121.993093,6.962195],[121.993034,6.961779],[121.993486,6.961482],[121.994448,6.962041],[121.99547,6.962516],[121.996611,6.962469],[121.9973,6.962409],[121.997811,6.962556],[121.998299,6.962944],[121.998374,6.963469],[121.998312,6.96437],[121.999725,6.96442],[122.001665,6.96417],[122.003366,6.96402],[122.00463,6.963369],[122.004617,6.962521],[122.004367,6.961705],[122.004868,6.960804],[122.007398,6.960569],[122.010424,6.96226],[122.012232,6.964829],[122.013772,6.967555],[122.014319,6.971181],[122.016118,6.973268],[122.017268,6.973518],[122.018223,6.973302],[122.018487,6.973738],[122.019135,6.974095],[122.021024,6.974399],[122.022464,6.974505],[122.023072,6.974465],[122.023786,6.974491],[122.02405,6.974769],[122.023667,6.977715],[122.023839,6.980265],[122.02475,6.9823],[122.024565,6.984824],[122.024843,6.987889],[122.02623,6.989924],[122.025492,6.991137],[122.024976,6.995808],[122.027039,7.001026],[122.028343,7.002421],[122.031152,7.002047]]]}},{"type":"Feature","properties":{"psgc_code":"0931700010","name":"Boalan"},"geometry":{"type":"Polygon","coordinates":[[[122.124952,6.968651],[122.124108,6.968972],[122.12272,6.969925],[122.121448,6.970576],[122.121426,6.970821],[122.121213,6.971246],[122.120657,6.971552],[122.120177,6.971885],[122.120078,6.972212],[122.119593,6.972708],[122.119795,6.973106],[122.119882,6.973488],[122.11956,6.973837],[122.119429,6.974459],[122.119069,6.97477],[122.118731,6.97495],[122.118317,6.974907],[122.117433,6.974601],[122.117095,6.974743],[122.11692,6.975337],[122.116582,6.975485],[122.11596,6.975561],[122.115873,6.975779],[122.116266,6.976019],[122.116664,6.976368],[122.116729,6.976521],[122.116053,6.976734],[122.115104,6.976782],[122.114447,6.976938],[122.113999,6.977194],[122.113287,6.977716],[122.112856,6.977825],[122.112691,6.976505],[122.112612,6.974175],[122.112833,6.972627],[122.11234,6.971717],[122.112051,6.970503],[122.111904,6.970028],[122.111572,6.969962],[122.111121,6.970028],[122.110443,6.969943],[122.110235,6.969957],[122.109969,6.969834],[122.109869,6.969086],[122.110078,6.968536],[122.110503,6.967217],[122.110314,6.965916],[122.110732,6.965387],[122.110856,6.965145],[122.11066,6.964674],[122.110516,6.963557],[122.110444,6.962563],[122.110438,6.962066],[122.110693,6.961635],[122.110889,6.961191],[122.111274,6.960014],[122.111274,6.95955],[122.110921,6.958779],[122.11049,6.958478],[122.109088,6.957247],[122.109437,6.954418],[122.110086,6.951155],[122.110432,6.948283],[122.11065,6.946763],[122.110731,6.946055],[122.110907,6.946057],[122.110959,6.94535],[122.110444,6.945275],[122.110919,6.945014],[122.111363,6.944836],[122.111332,6.94441],[122.112158,6.944543],[122.112245,6.943304],[122.112171,6.942033],[122.112235,6.941182],[122.112313,6.941048],[122.112515,6.938861],[122.112633,6.938388],[122.114185,6.9376],[122.116447,6.936099],[122.117859,6.932241],[122.116066,6.931531],[122.117071,6.929435],[122.118132,6.927654],[122.118551,6.926497],[122.120278,6.921997],[122.121214,6.921689],[122.121301,6.922018],[122.122598,6.923218],[122.122646,6.923933],[122.124489,6.92483],[122.125774,6.925727],[122.124356,6.928159],[122.12346,6.928528],[122.122887,6.928974],[122.122696,6.929283],[122.122168,6.930384],[122.122014,6.930766],[122.121905,6.931539],[122.122041,6.932012],[122.122478,6.93264],[122.12316,6.933076],[122.123815,6.933686],[122.124115,6.934168],[122.124579,6.934641],[122.124861,6.935059],[122.124824,6.935568],[122.124597,6.93666],[122.124742,6.937105],[122.125133,6.937342],[122.125816,6.937651],[122.125934,6.938333],[122.125861,6.938688],[122.125552,6.93907],[122.125163,6.939652],[122.125763,6.939841],[122.1257,6.940473],[122.12671,6.941341],[122.129496,6.944304],[122.12901,6.946103],[122.127496,6.947434],[122.125224,6.947854],[122.12554,6.948918],[122.12602,6.950129],[122.126487,6.95149],[122.123958,6.953008],[122.124332,6.953626],[122.124879,6.954419],[122.125077,6.954768],[122.1256,6.955093],[122.126512,6.955346],[122.127051,6.955457],[122.12778,6.95579],[122.128041,6.956012],[122.128208,6.956289],[122.128303,6.956662],[122.128255,6.957851],[122.128295,6.958168],[122.128445,6.958437],[122.128782,6.958792],[122.126228,6.965347],[122.12634,6.967184],[122.126326,6.968092],[122.126274,6.969055],[122.124952,6.968651]]]}},{"type":"Feature","properties":{"psgc_code":"0931700011","name":"Bolong"},"geometry":{"type":"MultiPolygon","coordinates":[[[[122.253798,7.104321],[122.253554,7.104394],[122.253107,7.104318],[122.253001,7.104087],[122.252646,7.104175],[122.252403,7.104003],[122.252021,7.103932],[122.251731,7.103536],[122.251384,7.103256],[122.250996,7.10321],[122.251034,7.102919],[122.250886,7.102435],[122.250575,7.102316],[122.250738,7.101588],[122.250872,7.101301],[122.250922,7.100966],[122.250788,7.100878],[122.250714,7.100411],[122.25058,7.100022],[122.250748,7.09998],[122.250743,7.099512],[122.250974,7.099566],[122.25154,7.098906],[122.251889,7.098738],[122.252206,7.09841],[122.252854,7.09832],[122.253099,7.098533],[122.253398,7.098446],[122.253525,7.098533],[122.25376,7.098929],[122.253772,7.099295],[122.253493,7.100401],[122.253459,7.100787],[122.253518,7.101084],[122.253747,7.101628],[122.25369,7.101837],[122.253887,7.102365],[122.254059,7.10333],[122.254358,7.103798],[122.254367,7.103932],[122.25412,7.104187],[122.253798,7.104321]]],[[[122.235988,7.12323],[122.2357,7.123161],[122.23481,7.123504],[122.234304,7.123483],[122.233824,7.123367],[122.233092,7.123559],[122.232181,7.123613],[122.23142,7.123399],[122.231058,7.123641],[122.230387,7.123654],[122.230189,7.12375],[122.229648,7.123798],[122.228874,7.123695],[122.228272,7.123832],[122.228101,7.123737],[122.228019,7.123326],[122.227594,7.123346],[122.227396,7.123257],[122.226951,7.123819],[122.225766,7.123812],[122.225355,7.123928],[122.224958,7.124175],[122.224897,7.124428],[122.225081,7.124654],[122.225369,7.12475],[122.225698,7.125003],[122.225643,7.125202],[122.22528,7.125339],[122.224979,7.125955],[122.224999,7.126461],[122.225164,7.126585],[122.226156,7.126571],[122.226286,7.12677],[122.22617,7.127242],[122.226567,7.128064],[122.226574,7.128344],[122.225883,7.128844],[122.225718,7.129097],[122.22567,7.129645],[122.225773,7.129967],[122.226218,7.130316],[122.226684,7.130501],[122.226889,7.130809],[122.226636,7.131637],[122.226026,7.132377],[122.225718,7.133027],[122.22565,7.13391],[122.22593,7.134355],[122.226553,7.134705],[122.227012,7.135081],[122.227382,7.135204],[122.227416,7.135492],[122.227293,7.135793],[122.226903,7.135923],[122.226115,7.135814],[122.22578,7.135827],[122.22565,7.136163],[122.22578,7.136402],[122.225794,7.137012],[122.225951,7.137717],[122.226636,7.138518],[122.226889,7.139127],[122.227238,7.139264],[122.227396,7.139538],[122.227087,7.139908],[122.226786,7.140004],[122.226471,7.140428],[122.224226,7.142222],[122.22196,7.142406],[122.22009,7.142986],[122.216218,7.14375],[122.20904,7.143355],[122.205971,7.142802],[122.205669,7.142288],[122.204799,7.142077],[122.204615,7.141155],[122.205194,7.141089],[122.206077,7.140852],[122.205761,7.140233],[122.206143,7.139772],[122.206709,7.139443],[122.20659,7.138627],[122.206511,7.137836],[122.207247,7.136748],[122.207687,7.135604],[122.207886,7.133688],[122.207128,7.133422],[122.206941,7.133022],[122.206981,7.132011],[122.208305,7.13077],[122.208686,7.130518],[122.208856,7.130096],[122.208639,7.129416],[122.208675,7.129111],[122.208892,7.129046],[122.20923,7.129629],[122.210095,7.129509],[122.211027,7.129283],[122.211266,7.128351],[122.211413,7.127619],[122.210947,7.127366],[122.209869,7.127154],[122.210122,7.126648],[122.21104,7.126635],[122.211253,7.126089],[122.210747,7.125956],[122.210069,7.12553],[122.209936,7.124452],[122.210388,7.123707],[122.211426,7.123467],[122.212624,7.12376],[122.213063,7.123747],[122.213236,7.122443],[122.212784,7.121431],[122.21301,7.121192],[122.213462,7.121098],[122.213609,7.120526],[122.213436,7.119941],[122.213635,7.119315],[122.213303,7.118357],[122.212624,7.117532],[122.213595,7.114405],[122.21393,7.110608],[122.213333,7.10965],[122.212611,7.109053],[122.213513,7.107901],[122.215415,7.105124],[122.216817,7.102486],[122.21715,7.098463],[122.216473,7.096112],[122.215671,7.094657],[122.214644,7.094213],[122.214691,7.093513],[122.214325,7.092804],[122.213547,7.092049],[122.213442,7.091164],[122.214494,7.090692],[122.214683,7.090314],[122.217541,7.088373],[122.219079,7.087361],[122.220427,7.086674],[122.221101,7.085959],[122.223677,7.082669],[122.223516,7.082467],[122.22405,7.081853],[122.224311,7.082585],[122.224224,7.08288],[122.224551,7.083035],[122.224516,7.083219],[122.224208,7.083561],[122.224128,7.083861],[122.224665,7.084228],[122.224864,7.08421],[122.224869,7.084608],[122.225119,7.084764],[122.225322,7.084745],[122.225789,7.085016],[122.226205,7.084945],[122.226497,7.084998],[122.226751,7.085898],[122.226617,7.086043],[122.226877,7.086194],[122.227674,7.086517],[122.228654,7.086368],[122.228573,7.085544],[122.228088,7.085488],[122.228496,7.08521],[122.228398,7.084539],[122.228671,7.084211],[122.228612,7.083959],[122.228506,7.082926],[122.22878,7.082889],[122.228929,7.084202],[122.228856,7.084265],[122.228933,7.085261],[122.228962,7.086708],[122.229167,7.086805],[122.229497,7.086672],[122.229293,7.08619],[122.229547,7.085726],[122.22979,7.085721],[122.229899,7.085583],[122.230151,7.085668],[122.230225,7.085932],[122.230685,7.086025],[122.230833,7.08618],[122.230782,7.08662],[122.231323,7.086534],[122.231152,7.086219],[122.231183,7.085723],[122.231134,7.085572],[122.231342,7.0853],[122.231603,7.08526],[122.231486,7.084961],[122.231814,7.08487],[122.231755,7.084608],[122.231936,7.084194],[122.232144,7.084086],[122.232174,7.083904],[122.231932,7.083775],[122.231859,7.083578],[122.231889,7.083263],[122.232303,7.083111],[122.232504,7.082908],[122.232907,7.083102],[122.232923,7.083358],[122.233202,7.083336],[122.233313,7.083745],[122.233592,7.083476],[122.23388,7.083405],[122.234047,7.083561],[122.234277,7.083367],[122.235136,7.084023],[122.235068,7.08415],[122.234707,7.084304],[122.234807,7.084811],[122.235081,7.085225],[122.235446,7.086927],[122.235621,7.087574],[122.235949,7.088618],[122.236654,7.089801],[122.236875,7.090342],[122.237026,7.090579],[122.23712,7.090937],[122.236953,7.091523],[122.237122,7.091964],[122.237487,7.092057],[122.237574,7.091743],[122.237715,7.091738],[122.237936,7.092496],[122.238482,7.093744],[122.239114,7.094965],[122.239695,7.095876],[122.239968,7.096358],[122.240977,7.097824],[122.242926,7.100117],[122.243332,7.100547],[122.243703,7.10086],[122.244305,7.101104],[122.245192,7.101115],[122.24573,7.100971],[122.246323,7.100955],[122.246865,7.101057],[122.247681,7.101498],[122.247887,7.101541],[122.248083,7.101761],[122.248247,7.101765],[122.248325,7.102005],[122.248644,7.102342],[122.248804,7.102385],[122.249027,7.102241],[122.24935,7.102437],[122.249683,7.102814],[122.249488,7.103031],[122.249567,7.103257],[122.249819,7.102901],[122.250225,7.103159],[122.250261,7.103367],[122.250017,7.103816],[122.250141,7.103969],[122.25006,7.104312],[122.250562,7.10439],[122.250776,7.104599],[122.250356,7.104718],[122.250707,7.10491],[122.251118,7.105285],[122.251369,7.105119],[122.251389,7.105407],[122.251725,7.105551],[122.251363,7.106143],[122.251612,7.106347],[122.251736,7.106781],[122.251691,7.107187],[122.251913,7.107645],[122.25179,7.107803],[122.25199,7.108133],[122.252073,7.108448],[122.252264,7.108767],[122.252477,7.108912],[122.252629,7.109197],[122.252966,7.110233],[122.253121,7.110528],[122.253468,7.11072],[122.253556,7.111348],[122.253798,7.111261],[122.254013,7.111012],[122.25406,7.110803],[122.253826,7.11059],[122.253691,7.1103],[122.254019,7.110243],[122.254356,7.110445],[122.25454,7.110457],[122.254598,7.110699],[122.254999,7.110768],[122.255293,7.110643],[122.255834,7.110751],[122.256258,7.110626],[122.25679,7.111127],[122.256881,7.111317],[122.256904,7.111694],[122.256694,7.112157],[122.256473,7.112506],[122.256083,7.112799],[122.255833,7.112806],[122.25504,7.112556],[122.254637,7.11276],[122.253951,7.112625],[122.253664,7.112407],[122.253467,7.11251],[122.253109,7.112473],[122.252959,7.112697],[122.253225,7.113214],[122.253247,7.113479],[122.252908,7.113599],[122.252662,7.114083],[122.25236,7.114301],[122.252536,7.114959],[122.252508,7.115408],[122.252431,7.115537],[122.252093,7.115641],[122.251784,7.115918],[122.250924,7.1164],[122.251088,7.117275],[122.250522,7.117551],[122.248816,7.118688],[122.248002,7.118888],[122.247433,7.118688],[122.246787,7.117858],[122.24545,7.115353],[122.24482,7.1146],[122.244082,7.114784],[122.243575,7.115076],[122.243433,7.115438],[122.243794,7.115788],[122.243821,7.116182],[122.24357,7.116751],[122.243537,7.117112],[122.243357,7.117686],[122.242979,7.117916],[122.242553,7.117626],[122.242252,7.117741],[122.242082,7.118517],[122.242301,7.118938],[122.242143,7.119348],[122.241842,7.11989],[122.242011,7.120037],[122.242356,7.120513],[122.242356,7.120918],[122.242082,7.121656],[122.241831,7.121809],[122.241836,7.122093],[122.241639,7.12234],[122.240475,7.122055],[122.24036,7.121804],[122.239551,7.121492],[122.239026,7.121202],[122.238823,7.121519],[122.238916,7.121908],[122.238692,7.122025],[122.238035,7.121826],[122.237569,7.121785],[122.23733,7.122306],[122.236953,7.122812],[122.23646,7.123182],[122.235988,7.12323]]]]}},{"type":"Feature","properties":{"psgc_code":"0931700012","name":"Buenavista"},"geometry":{"type":"Polygon","coordinates":[[[122.278213,7.249899],[122.277144,7.249875],[122.27705,7.249519],[122.276832,7.250568],[122.275367,7.252727],[122.273941,7.254371],[122.271148,7.255203],[122.269287,7.255975],[122.267227,7.256965],[122.264553,7.256173],[122.262434,7.256711],[122.261424,7.257361],[122.260137,7.257817],[122.260057,7.259164],[122.259107,7.259401],[122.256552,7.258312],[122.256222,7.257824],[122.255992,7.257363],[122.25605,7.257017],[122.256027,7.256349],[122.255842,7.255888],[122.255059,7.255681],[122.254793,7.255888],[122.253779,7.255197],[122.252788,7.255162],[122.252373,7.255035],[122.252016,7.254724],[122.252051,7.254205],[122.252892,7.253526],[122.253272,7.253168],[122.253111,7.252638],[122.253053,7.25205],[122.252869,7.251705],[122.252005,7.25129],[122.251474,7.250921],[122.251232,7.250379],[122.251601,7.250057],[122.251809,7.249723],[122.25129,7.249596],[122.251117,7.249262],[122.251106,7.248247],[122.250794,7.247763],[122.250541,7.248075],[122.250172,7.248674],[122.249665,7.248927],[122.249377,7.249688],[122.248974,7.249803],[122.248709,7.24925],[122.247936,7.248443],[122.24721,7.247464],[122.246888,7.247579],[122.246496,7.247464],[122.246427,7.246888],[122.246588,7.246553],[122.247038,7.246277],[122.247118,7.245966],[122.247591,7.245839],[122.24796,7.245608],[122.248432,7.244744],[122.248259,7.244295],[122.248997,7.243903],[122.249631,7.243764],[122.249792,7.243326],[122.249227,7.243142],[122.248732,7.242912],[122.248616,7.242347],[122.248662,7.241632],[122.249412,7.241241],[122.249953,7.241252],[122.250011,7.241563],[122.250368,7.241736],[122.250656,7.241471],[122.251129,7.24139],[122.25106,7.241241],[122.25076,7.24116],[122.250541,7.241229],[122.250287,7.241068],[122.250149,7.240296],[122.25031,7.239938],[122.250599,7.2395],[122.25023,7.238936],[122.249953,7.238878],[122.249884,7.239166],[122.249688,7.239143],[122.249319,7.239374],[122.248824,7.239547],[122.248455,7.239489],[122.247925,7.239201],[122.247752,7.238152],[122.248063,7.238048],[122.248501,7.238117],[122.24925,7.238705],[122.249377,7.238025],[122.249573,7.23776],[122.249619,7.237288],[122.249435,7.237011],[122.249423,7.236527],[122.248397,7.236366],[122.248351,7.235985],[122.248536,7.235525],[122.248524,7.235156],[122.248213,7.234649],[122.247602,7.234741],[122.247233,7.235064],[122.247049,7.23549],[122.246749,7.235743],[122.24645,7.235352],[122.246242,7.233519],[122.246669,7.23322],[122.247199,7.232943],[122.247487,7.232563],[122.247475,7.23209],[122.247072,7.23194],[122.246749,7.231618],[122.246991,7.231318],[122.246934,7.230903],[122.246519,7.230915],[122.246231,7.231353],[122.245885,7.231675],[122.245424,7.231583],[122.244998,7.231929],[122.244756,7.231687],[122.243969,7.231575],[122.242479,7.231124],[122.241092,7.23005],[122.239721,7.228834],[122.238424,7.228074],[122.234091,7.227987],[122.233032,7.228473],[122.232501,7.228358],[122.232539,7.227517],[122.232288,7.226832],[122.232037,7.226417],[122.231921,7.225886],[122.232269,7.22577],[122.232626,7.225364],[122.233099,7.224225],[122.233302,7.223955],[122.233186,7.223588],[122.232704,7.223105],[122.232491,7.223066],[122.232559,7.222381],[122.232404,7.222033],[122.232452,7.221772],[122.232964,7.221637],[122.233457,7.221338],[122.233573,7.220903],[122.233824,7.220527],[122.233679,7.219716],[122.233534,7.21932],[122.233766,7.218972],[122.23477,7.219136],[122.235021,7.218741],[122.234973,7.218393],[122.234355,7.217881],[122.233795,7.217466],[122.233457,7.21707],[122.233679,7.216838],[122.234026,7.216607],[122.234171,7.216829],[122.23449,7.216723],[122.234644,7.216134],[122.234432,7.216056],[122.234248,7.215825],[122.234432,7.215641],[122.234432,7.215409],[122.233988,7.215091],[122.234248,7.214927],[122.2342,7.214328],[122.234567,7.214135],[122.234876,7.213411],[122.235272,7.21316],[122.235542,7.213353],[122.235803,7.213382],[122.236189,7.213179],[122.236653,7.213362],[122.236855,7.21314],[122.236923,7.212822],[122.237338,7.212725],[122.237396,7.213121],[122.237821,7.213275],[122.237676,7.213623],[122.23784,7.213874],[122.238227,7.213855],[122.238091,7.214125],[122.238545,7.214144],[122.238922,7.214338],[122.239559,7.214521],[122.240129,7.214405],[122.240486,7.21428],[122.241181,7.214154],[122.241693,7.213691],[122.241828,7.213131],[122.241577,7.212657],[122.241712,7.212339],[122.242089,7.212416],[122.242427,7.212851],[122.242745,7.212744],[122.24291,7.212252],[122.243286,7.212329],[122.243759,7.211856],[122.244454,7.211817],[122.244995,7.210987],[122.245188,7.210292],[122.244889,7.209741],[122.244696,7.21006],[122.244281,7.210234],[122.244261,7.209761],[122.244319,7.208863],[122.244599,7.208303],[122.24515,7.208486],[122.245372,7.209037],[122.245632,7.209085],[122.246608,7.207926],[122.246637,7.207318],[122.247197,7.206999],[122.247653,7.206254],[122.248067,7.206425],[122.248331,7.206301],[122.248583,7.206301],[122.248721,7.206536],[122.248658,7.206892],[122.248891,7.207127],[122.248965,7.207462],[122.248613,7.207698],[122.248456,7.208341],[122.248829,7.208051],[122.249188,7.207954],[122.249423,7.207769],[122.249739,7.207836],[122.25009,7.208003],[122.250107,7.208148],[122.250515,7.208399],[122.25115,7.20825],[122.251608,7.20822],[122.251728,7.208571],[122.252049,7.208649],[122.252265,7.208598],[122.252471,7.208731],[122.252643,7.208628],[122.252683,7.208377],[122.252967,7.208634],[122.25308,7.208325],[122.2535,7.208161],[122.253884,7.207839],[122.254245,7.207807],[122.254284,7.207704],[122.254795,7.207555],[122.255011,7.207035],[122.255315,7.206949],[122.255822,7.206673],[122.255911,7.206924],[122.256167,7.207284],[122.256428,7.207826],[122.256528,7.208656],[122.256996,7.208803],[122.256958,7.208546],[122.257054,7.208122],[122.257051,7.207692],[122.256845,7.207106],[122.256913,7.206744],[122.257028,7.206613],[122.2571,7.206193],[122.257003,7.206073],[122.257098,7.205626],[122.257057,7.2055],[122.257296,7.205029],[122.25744,7.205103],[122.257653,7.204936],[122.257741,7.204703],[122.258126,7.204327],[122.258305,7.204441],[122.25849,7.204338],[122.258566,7.204114],[122.258868,7.204247],[122.259206,7.204107],[122.259138,7.203858],[122.25954,7.203674],[122.259508,7.203495],[122.259917,7.203503],[122.26045,7.20384],[122.260952,7.203694],[122.261238,7.203464],[122.261572,7.203648],[122.261467,7.203873],[122.261531,7.204059],[122.262177,7.20373],[122.262514,7.204233],[122.262901,7.204068],[122.262995,7.204266],[122.262761,7.204752],[122.262816,7.20504],[122.26302,7.205086],[122.263124,7.205338],[122.262939,7.205464],[122.263073,7.205749],[122.262948,7.206194],[122.263105,7.206536],[122.263124,7.206783],[122.263314,7.207051],[122.263339,7.207668],[122.263067,7.20745],[122.263129,7.20718],[122.262848,7.206973],[122.262503,7.207144],[122.262631,7.207378],[122.262543,7.207934],[122.262598,7.208284],[122.262858,7.20869],[122.263207,7.208614],[122.262981,7.208063],[122.263364,7.207902],[122.263542,7.20809],[122.263366,7.208213],[122.263463,7.208428],[122.263693,7.208487],[122.263729,7.20889],[122.263934,7.208737],[122.264131,7.208761],[122.264281,7.209084],[122.264507,7.209032],[122.2644,7.208754],[122.264647,7.20856],[122.265194,7.208588],[122.265221,7.208827],[122.265052,7.208945],[122.26494,7.209318],[122.265221,7.209379],[122.265397,7.209523],[122.265325,7.209768],[122.265501,7.210171],[122.265439,7.210317],[122.265154,7.210329],[122.264842,7.210225],[122.26482,7.210477],[122.265065,7.210493],[122.265268,7.2108],[122.264943,7.210958],[122.264912,7.211083],[122.264558,7.211215],[122.26461,7.211557],[122.26447,7.211904],[122.264175,7.212416],[122.264615,7.212505],[122.265092,7.212822],[122.265222,7.213291],[122.265127,7.213518],[122.265197,7.214282],[122.265164,7.214509],[122.264926,7.214754],[122.26484,7.215068],[122.264491,7.215226],[122.264386,7.214681],[122.264025,7.214511],[122.263554,7.214587],[122.263552,7.215266],[122.264145,7.215289],[122.264178,7.215633],[122.263762,7.215794],[122.263724,7.216011],[122.264074,7.21637],[122.26389,7.216799],[122.26351,7.216966],[122.263356,7.21685],[122.263165,7.216509],[122.263296,7.216327],[122.262887,7.216223],[122.262288,7.216317],[122.262186,7.216098],[122.26178,7.216265],[122.261435,7.215852],[122.261264,7.215937],[122.261424,7.216333],[122.261785,7.216579],[122.261792,7.216763],[122.262213,7.217171],[122.26214,7.217621],[122.262197,7.217765],[122.262571,7.217663],[122.262615,7.217919],[122.262972,7.217806],[122.263574,7.217823],[122.263807,7.218002],[122.263782,7.21816],[122.263332,7.218138],[122.263607,7.218501],[122.263786,7.218384],[122.264093,7.218567],[122.264082,7.218741],[122.263541,7.219397],[122.26413,7.21933],[122.264142,7.219592],[122.264374,7.219653],[122.264831,7.219571],[122.265102,7.21942],[122.266072,7.21941],[122.266482,7.219681],[122.2668,7.219767],[122.267257,7.220502],[122.267243,7.221082],[122.267588,7.221086],[122.267992,7.221199],[122.268115,7.221492],[122.26809,7.221876],[122.267983,7.222302],[122.267729,7.222438],[122.267428,7.222749],[122.266891,7.223097],[122.267089,7.223513],[122.266875,7.223641],[122.267039,7.223921],[122.26713,7.22426],[122.267037,7.224433],[122.266689,7.22456],[122.266436,7.224503],[122.266291,7.224145],[122.266298,7.223793],[122.266134,7.223829],[122.266125,7.224673],[122.266177,7.225105],[122.266429,7.225319],[122.266655,7.225268],[122.267084,7.225559],[122.266536,7.225633],[122.266448,7.225781],[122.266475,7.226133],[122.266714,7.226408],[122.266716,7.226703],[122.266484,7.226902],[122.266511,7.227119],[122.266768,7.227525],[122.266918,7.227614],[122.266799,7.22865],[122.267195,7.228717],[122.267357,7.228262],[122.26727,7.227625],[122.267413,7.227336],[122.267692,7.227301],[122.267848,7.227431],[122.267741,7.227791],[122.267822,7.227985],[122.26768,7.228138],[122.268071,7.228468],[122.268176,7.228251],[122.268397,7.228343],[122.269091,7.228214],[122.269494,7.228316],[122.269664,7.228281],[122.270048,7.22845],[122.270394,7.228702],[122.270603,7.229102],[122.270773,7.229206],[122.270903,7.229009],[122.271148,7.229395],[122.270794,7.229677],[122.271064,7.229933],[122.271239,7.22995],[122.271518,7.229624],[122.271986,7.229795],[122.271896,7.23019],[122.272331,7.230077],[122.272375,7.230442],[122.272672,7.230495],[122.272947,7.230795],[122.27286,7.230974],[122.273017,7.231143],[122.273076,7.23143],[122.273382,7.231396],[122.273451,7.231912],[122.273992,7.232064],[122.274419,7.231965],[122.274598,7.23179],[122.274872,7.232126],[122.275043,7.232142],[122.275364,7.231901],[122.275543,7.23187],[122.27564,7.231602],[122.275908,7.231571],[122.276297,7.231831],[122.276484,7.23161],[122.276829,7.231405],[122.277136,7.231457],[122.277217,7.231757],[122.277523,7.2316],[122.277828,7.231641],[122.278223,7.231129],[122.278545,7.231188],[122.278637,7.230861],[122.278951,7.230804],[122.278963,7.231162],[122.279368,7.231097],[122.279757,7.230843],[122.279755,7.231191],[122.279362,7.23151],[122.279199,7.231725],[122.278912,7.231759],[122.2786,7.231952],[122.278372,7.2318],[122.278136,7.231969],[122.278061,7.232247],[122.278255,7.232397],[122.278247,7.232716],[122.278021,7.232856],[122.278104,7.23315],[122.277854,7.233605],[122.278137,7.233751],[122.278443,7.23356],[122.278516,7.23372],[122.278832,7.233842],[122.279027,7.2343],[122.279086,7.234637],[122.278951,7.234836],[122.278991,7.235665],[122.278961,7.235828],[122.278588,7.236598],[122.278338,7.236618],[122.278287,7.236813],[122.278399,7.237034],[122.278225,7.237164],[122.278187,7.237707],[122.278065,7.237812],[122.277927,7.238384],[122.278175,7.238569],[122.278084,7.238874],[122.278375,7.23931],[122.278451,7.239645],[122.278929,7.240377],[122.278762,7.240507],[122.27897,7.240789],[122.278844,7.240869],[122.278713,7.241285],[122.278932,7.241365],[122.278944,7.241992],[122.278806,7.24207],[122.278794,7.24234],[122.278625,7.242517],[122.278849,7.242653],[122.278865,7.242936],[122.278683,7.243194],[122.278785,7.24365],[122.278571,7.244071],[122.278881,7.244514],[122.278663,7.244862],[122.278497,7.245442],[122.278745,7.245779],[122.278653,7.246211],[122.27877,7.246458],[122.278628,7.246628],[122.278303,7.246255],[122.278005,7.246367],[122.278021,7.246611],[122.278234,7.246865],[122.278599,7.246991],[122.278538,7.247486],[122.279253,7.248171],[122.279655,7.248398],[122.280024,7.248243],[122.280034,7.248821],[122.279749,7.24861],[122.279457,7.248569],[122.278557,7.24951],[122.278137,7.249478],[122.278213,7.249899]]]}},{"type":"Feature","properties":{"psgc_code":"0931700013","name":"Bunguiao"},"geometry":{"type":"Polygon","coordinates":[[[122.121211,7.16806],[122.116676,7.172707],[122.109096,7.177549],[122.104623,7.177067],[122.101238,7.175395],[122.099412,7.172841],[122.097411,7.170296],[122.095893,7.166419],[122.094826,7.164542],[122.097452,7.162316],[122.101515,7.161936],[122.106172,7.16168],[122.10927,7.157238],[122.108326,7.154868],[122.107967,7.152416],[122.10769,7.149513],[122.108183,7.146497],[122.110583,7.141973],[122.11323,7.138414],[122.115015,7.136229],[122.1172,7.134844],[122.116871,7.131192],[122.117045,7.123662],[122.123162,7.123332],[122.123991,7.122567],[122.124341,7.122466],[122.124866,7.122853],[122.125207,7.122853],[122.125355,7.122355],[122.125696,7.121977],[122.125944,7.121489],[122.125944,7.121213],[122.125576,7.120927],[122.124654,7.119702],[122.12424,7.119748],[122.123945,7.119564],[122.123825,7.119186],[122.123835,7.11878],[122.124019,7.118458],[122.125198,7.118725],[122.125622,7.118734],[122.125778,7.118559],[122.125474,7.118172],[122.125216,7.118071],[122.124489,7.117905],[122.124212,7.117426],[122.123881,7.116652],[122.123613,7.116311],[122.123291,7.115676],[122.123641,7.115547],[122.123954,7.115786],[122.125051,7.11632],[122.125465,7.116293],[122.125843,7.116063],[122.12599,7.115712],[122.125825,7.115473],[122.125115,7.115372],[122.125078,7.115031],[122.125622,7.114717],[122.126294,7.114616],[122.126976,7.114791],[122.127529,7.11504],[122.129021,7.115418],[122.129252,7.115077],[122.129003,7.114395],[122.128782,7.113962],[122.128957,7.113741],[122.129961,7.11387],[122.130007,7.113695],[122.129906,7.1134],[122.129961,7.113114],[122.131085,7.112064],[122.131362,7.111659],[122.130809,7.110737],[122.131122,7.109613],[122.131481,7.108784],[122.132338,7.108397],[122.1336,7.107937],[122.134595,7.107605],[122.135323,7.107458],[122.135664,7.107153],[122.135535,7.106896],[122.134559,7.106149],[122.134559,7.105716],[122.134734,7.105514],[122.135655,7.10556],[122.135977,7.105467],[122.13606,7.105034],[122.136374,7.104813],[122.136567,7.1052],[122.13712,7.105385],[122.137369,7.105044],[122.137092,7.104675],[122.136724,7.104491],[122.136392,7.104205],[122.136475,7.103837],[122.136991,7.103487],[122.137571,7.103487],[122.137802,7.103846],[122.138336,7.105071],[122.138686,7.10556],[122.139165,7.105587],[122.139589,7.104758],[122.140842,7.104436],[122.140952,7.104086],[122.140648,7.103818],[122.140271,7.103735],[122.139313,7.103606],[122.138815,7.103597],[122.138649,7.103395],[122.138704,7.102952],[122.139377,7.102114],[122.139349,7.101533],[122.138916,7.10122],[122.138474,7.100787],[122.138437,7.100271],[122.138972,7.099009],[122.138926,7.098558],[122.137838,7.098917],[122.137018,7.099405],[122.13677,7.099875],[122.136871,7.100262],[122.136309,7.100502],[122.135784,7.100852],[122.134936,7.101497],[122.134383,7.101791],[122.133656,7.101939],[122.13335,7.10178],[122.133481,7.100661],[122.133455,7.100055],[122.133626,7.099647],[122.134285,7.099146],[122.134285,7.09858],[122.133653,7.097777],[122.133679,7.097263],[122.134087,7.096776],[122.133982,7.096118],[122.134232,7.095801],[122.134864,7.095762],[122.134969,7.09538],[122.135259,7.095156],[122.13547,7.095472],[122.135707,7.09596],[122.136089,7.096039],[122.136379,7.096341],[122.1373,7.095499],[122.137077,7.094801],[122.13655,7.094366],[122.135799,7.094037],[122.135286,7.092812],[122.135562,7.092193],[122.135391,7.092101],[122.13493,7.092259],[122.134509,7.091706],[122.134627,7.091087],[122.134851,7.090903],[122.135114,7.090455],[122.135127,7.089533],[122.134969,7.088888],[122.134219,7.08898],[122.133653,7.089322],[122.133416,7.08898],[122.133718,7.087834],[122.133165,7.08686],[122.13389,7.086293],[122.13439,7.08574],[122.135022,7.086004],[122.135746,7.086004],[122.135997,7.085556],[122.136023,7.085029],[122.136221,7.084858],[122.136892,7.084555],[122.137788,7.083778],[122.138222,7.083344],[122.138243,7.082597],[122.138479,7.081573],[122.138715,7.081473],[122.139186,7.081799],[122.139576,7.082226],[122.140003,7.082171],[122.14032,7.081899],[122.141907,7.082459],[122.146472,7.081461],[122.149782,7.081522],[122.154665,7.08199],[122.166862,7.082013],[122.171554,7.082399],[122.175688,7.082342],[122.178285,7.081372],[122.17891,7.084179],[122.179436,7.085649],[122.181472,7.085554],[122.182214,7.085595],[122.182497,7.086943],[122.18394,7.086997],[122.184533,7.087469],[122.184492,7.088467],[122.186569,7.089033],[122.187248,7.089135],[122.1882,7.089734],[122.189535,7.090678],[122.190344,7.091123],[122.192529,7.090692],[122.19443,7.090638],[122.196507,7.090948],[122.198502,7.091083],[122.198128,7.089436],[122.200046,7.088307],[122.203418,7.089485],[122.205197,7.087558],[122.213442,7.091164],[122.213547,7.092049],[122.214325,7.092804],[122.214691,7.093513],[122.214644,7.094213],[122.215671,7.094657],[122.216473,7.096112],[122.21715,7.098463],[122.216817,7.102486],[122.215415,7.105124],[122.213513,7.107901],[122.212611,7.109053],[122.213333,7.10965],[122.21393,7.110608],[122.213595,7.114405],[122.212624,7.117532],[122.213303,7.118357],[122.213635,7.119315],[122.213436,7.119941],[122.213609,7.120526],[122.213462,7.121098],[122.21301,7.121192],[122.212784,7.121431],[122.213236,7.122443],[122.213063,7.123747],[122.212624,7.12376],[122.211426,7.123467],[122.210388,7.123707],[122.209936,7.124452],[122.210069,7.12553],[122.210747,7.125956],[122.211253,7.126089],[122.21104,7.126635],[122.210122,7.126648],[122.209869,7.127154],[122.210947,7.127366],[122.211413,7.127619],[122.211266,7.128351],[122.211027,7.129283],[122.210095,7.129509],[122.20923,7.129629],[122.208892,7.129046],[122.208675,7.129111],[122.208639,7.129416],[122.208856,7.130096],[122.208686,7.130518],[122.208305,7.13077],[122.206981,7.132011],[122.206941,7.133022],[122.207128,7.133422],[122.207886,7.133688],[122.207687,7.135604],[122.207247,7.136748],[122.199529,7.13579],[122.197772,7.133355],[122.196074,7.128489],[122.195563,7.126754],[122.19115,7.124158],[122.188585,7.123794],[122.179489,7.1209],[122.178198,7.120708],[122.177831,7.120917],[122.176996,7.121485],[122.176337,7.121652],[122.175819,7.122094],[122.175652,7.12242],[122.175109,7.12272],[122.173941,7.122612],[122.173607,7.122737],[122.173381,7.122478],[122.172914,7.122612],[122.172663,7.123221],[122.172246,7.123422],[122.17147,7.123263],[122.170735,7.123872],[122.170334,7.124014],[122.169858,7.123839],[122.169057,7.123839],[122.168205,7.123998],[122.168005,7.12429],[122.167696,7.124524],[122.167195,7.124515],[122.166836,7.125116],[122.166502,7.125442],[122.166252,7.125918],[122.165818,7.126444],[122.165358,7.126661],[122.165358,7.127354],[122.164749,7.127746],[122.163388,7.128823],[122.163171,7.12985],[122.162704,7.130843],[122.162704,7.132137],[122.162295,7.132346],[122.162086,7.132688],[122.161785,7.133381],[122.161769,7.133749],[122.161643,7.134049],[122.161218,7.134057],[122.160617,7.134191],[122.160124,7.134083],[122.159807,7.133941],[122.159114,7.134007],[122.158989,7.134391],[122.159848,7.134851],[122.159815,7.135193],[122.159373,7.13546],[122.159247,7.135694],[122.159606,7.135986],[122.159798,7.136746],[122.159573,7.137155],[122.159122,7.13723],[122.158496,7.137188],[122.157937,7.137088],[122.157795,7.137363],[122.157945,7.137881],[122.158755,7.138799],[122.15812,7.140227],[122.157945,7.140394],[122.15807,7.14107],[122.158287,7.141897],[122.157836,7.142748],[122.157828,7.143191],[122.158337,7.143341],[122.158713,7.143742],[122.15883,7.14446],[122.159339,7.144952],[122.159114,7.145436],[122.158646,7.146071],[122.158404,7.146555],[122.15792,7.146889],[122.157536,7.146664],[122.157043,7.146505],[122.156325,7.146672],[122.155749,7.146413],[122.155098,7.145896],[122.154898,7.145503],[122.154313,7.145578],[122.153712,7.145896],[122.153529,7.146488],[122.152318,7.147115],[122.152026,7.147774],[122.151968,7.148768],[122.152527,7.149861],[122.152928,7.14992],[122.153053,7.150128],[122.152928,7.150562],[122.152969,7.150871],[122.153579,7.151556],[122.153696,7.151907],[122.153487,7.152374],[122.153595,7.152791],[122.153445,7.153117],[122.152635,7.153226],[122.152377,7.153075],[122.151567,7.15381],[122.151049,7.153985],[122.150799,7.154219],[122.13709,7.161187],[122.131315,7.161741],[122.121211,7.16806]]]}},{"type":"Feature","properties":{"psgc_code":"0931700014","name":"Busay"},"geometry":{"type":"Polygon","coordinates":[[[122.254686,6.996043],[122.254515,6.996036],[122.254253,6.995768],[122.253915,6.996001],[122.253507,6.995565],[122.253158,6.995479],[122.253042,6.995249],[122.252796,6.995429],[122.252653,6.995389],[122.252329,6.994688],[122.252225,6.994303],[122.252076,6.99431],[122.25189,6.994577],[122.251678,6.994283],[122.251078,6.994504],[122.250804,6.994202],[122.250612,6.993705],[122.250646,6.993533],[122.250882,6.993374],[122.250855,6.992716],[122.25059,6.992698],[122.250607,6.992908],[122.25044,6.993282],[122.250412,6.99353],[122.249837,6.993471],[122.249339,6.993131],[122.249084,6.993044],[122.248196,6.992896],[122.247984,6.992963],[122.247615,6.992732],[122.246883,6.992372],[122.246514,6.991973],[122.246134,6.991985],[122.245743,6.992116],[122.245096,6.992071],[122.244498,6.991852],[122.244167,6.99162],[122.244037,6.991313],[122.244279,6.990924],[122.244698,6.990646],[122.245706,6.990484],[122.246152,6.990563],[122.246542,6.990973],[122.24698,6.990965],[122.247294,6.990781],[122.247558,6.990728],[122.247696,6.990436],[122.24745,6.990281],[122.247195,6.989812],[122.24679,6.989832],[122.246763,6.989513],[122.246589,6.989215],[122.246627,6.988743],[122.246758,6.988615],[122.24689,6.988257],[122.246592,6.98831],[122.24637,6.988051],[122.246199,6.987721],[122.245998,6.987902],[122.245514,6.988088],[122.24516,6.988469],[122.244883,6.988675],[122.244323,6.98875],[122.243915,6.988552],[122.243515,6.988134],[122.243426,6.98779],[122.243607,6.987309],[122.244203,6.987144],[122.244425,6.987151],[122.24452,6.986501],[122.244795,6.985975],[122.244459,6.985979],[122.244244,6.986206],[122.243936,6.986136],[122.243743,6.986393],[122.243342,6.98665],[122.243075,6.98664],[122.242822,6.986508],[122.24282,6.986263],[122.242505,6.986154],[122.242391,6.985968],[122.242503,6.985432],[122.242385,6.985268],[122.24182,6.985221],[122.241927,6.984523],[122.242152,6.984237],[122.241572,6.983858],[122.241344,6.98402],[122.241109,6.98431],[122.241005,6.985096],[122.240906,6.985339],[122.240985,6.985546],[122.241305,6.985899],[122.241609,6.986499],[122.241619,6.986612],[122.241931,6.987247],[122.242025,6.988563],[122.242052,6.98951],[122.242001,6.989854],[122.241829,6.990306],[122.24128,6.99112],[122.240902,6.991868],[122.240547,6.992345],[122.240075,6.992415],[122.239291,6.992723],[122.23925,6.992584],[122.23871,6.992671],[122.238257,6.9929],[122.237937,6.992973],[122.23778,6.992862],[122.237525,6.992359],[122.237316,6.992343],[122.237395,6.992926],[122.237295,6.993036],[122.236993,6.992989],[122.236771,6.992805],[122.236604,6.992302],[122.236317,6.991998],[122.235866,6.991969],[122.235325,6.99229],[122.235022,6.992357],[122.234391,6.992337],[122.233307,6.992032],[122.232563,6.991711],[122.237673,6.989965],[122.23868,6.98716],[122.23992,6.985181],[122.24151,6.983768],[122.243835,6.981933],[122.246073,6.981483],[122.246925,6.981403],[122.248879,6.981365],[122.250767,6.981601],[122.25367,6.981893],[122.255767,6.982178],[122.257281,6.983108],[122.258482,6.98491],[122.258061,6.988613],[122.257404,6.991073],[122.255764,6.993909],[122.254709,6.995972],[122.254686,6.996043]]]}},{"type":"Feature","properties":{"psgc_code":"0931700015","name":"Cabaluay"},"geometry":{"type":"Polygon","coordinates":[[[122.192447,7.004184],[122.191951,7.004403],[122.19094,7.004613],[122.1908,7.005353],[122.188008,7.006794],[122.186668,7.007794],[122.184717,7.009355],[122.182786,7.008945],[122.182315,7.010556],[122.181125,7.010816],[122.180124,7.011266],[122.178808,7.013237],[122.178744,7.014058],[122.178583,7.015439],[122.177303,7.016199],[122.175822,7.016779],[122.173544,7.01773],[122.172203,7.016293],[122.170938,7.015145],[122.170008,7.014216],[122.16907,7.01322],[122.168019,7.012322],[122.168294,7.011701],[122.168573,7.011289],[122.169052,7.010731],[122.169155,7.010491],[122.169048,7.010349],[122.169322,7.009997],[122.169606,7.009762],[122.169626,7.009461],[122.168923,7.008577],[122.168064,7.008061],[122.16647,7.0078],[122.165285,7.007727],[122.164474,7.007332],[122.164056,7.007181],[122.164046,7.006368],[122.164209,7.005971],[122.163843,7.005299],[122.159699,7.00593],[122.159526,7.005523],[122.157775,7.004892],[122.158355,7.004236],[122.159278,7.00299],[122.159336,7.002737],[122.159218,7.001262],[122.159214,7.00038],[122.159164,7.000002],[122.159113,6.998857],[122.159184,6.998375],[122.159524,6.99816],[122.161249,6.996903],[122.162273,6.995974],[122.162657,6.995738],[122.16299,6.995189],[122.163701,6.993599],[122.163836,6.993181],[122.164267,6.992713],[122.164935,6.991243],[122.164829,6.991026],[122.164148,6.990978],[122.163667,6.990757],[122.163502,6.990562],[122.163381,6.990181],[122.162614,6.990137],[122.162167,6.989977],[122.161777,6.990107],[122.1615,6.990597],[122.161444,6.990848],[122.161158,6.990956],[122.160876,6.991338],[122.160702,6.991113],[122.160312,6.99103],[122.159879,6.991043],[122.159463,6.991152],[122.159376,6.991802],[122.159233,6.99191],[122.158475,6.991906],[122.158028,6.991641],[122.157729,6.991689],[122.15746,6.991979],[122.15714,6.991454],[122.156968,6.99129],[122.157034,6.991078],[122.156701,6.990917],[122.156643,6.990662],[122.156302,6.990541],[122.155785,6.990648],[122.155593,6.990579],[122.155384,6.990668],[122.15472,6.990566],[122.153778,6.990363],[122.153492,6.989683],[122.152955,6.988681],[122.15187,6.988276],[122.150378,6.987285],[122.150661,6.98639],[122.151186,6.98602],[122.151303,6.985885],[122.15147,6.985442],[122.152856,6.985606],[122.153368,6.985795],[122.154609,6.986365],[122.155745,6.986789],[122.156535,6.987381],[122.157065,6.98765],[122.158602,6.988074],[122.159061,6.988238],[122.160735,6.989307],[122.161027,6.989413],[122.161239,6.98848],[122.161574,6.986519],[122.161707,6.986329],[122.163257,6.984571],[122.163548,6.984217],[122.163744,6.984179],[122.16406,6.983521],[122.163687,6.982774],[122.162852,6.981566],[122.162422,6.981357],[122.162314,6.980775],[122.162087,6.98025],[122.162207,6.979978],[122.162156,6.979776],[122.161492,6.978036],[122.161353,6.97784],[122.159815,6.976923],[122.159233,6.977024],[122.158876,6.976224],[122.159224,6.976133],[122.159676,6.976309],[122.159985,6.976351],[122.160604,6.976075],[122.160565,6.975756],[122.160692,6.97571],[122.161274,6.975886],[122.162059,6.975443],[122.162498,6.975079],[122.163084,6.975085],[122.163601,6.974958],[122.164089,6.97491],[122.165043,6.975307],[122.165323,6.975541],[122.165749,6.975603],[122.16643,6.975772],[122.1671,6.974399],[122.16877,6.975186],[122.169069,6.975365],[122.170182,6.975915],[122.17055,6.976163],[122.170455,6.976394],[122.171292,6.976833],[122.172496,6.977422],[122.172997,6.977816],[122.173277,6.978171],[122.173951,6.978027],[122.174263,6.977787],[122.175474,6.978366],[122.175627,6.978372],[122.17579,6.978141],[122.176522,6.978473],[122.178026,6.979225],[122.178244,6.979271],[122.178898,6.979534],[122.17923,6.979586],[122.179744,6.979756],[122.180024,6.979739],[122.180288,6.979928],[122.180885,6.980567],[122.181035,6.981486],[122.181932,6.982557],[122.185587,6.98059],[122.186038,6.980331],[122.18603,6.980497],[122.186373,6.980778],[122.18619,6.980929],[122.186431,6.981167],[122.186808,6.981389],[122.18717,6.981832],[122.187311,6.981773],[122.187831,6.982238],[122.188412,6.982538],[122.188709,6.983109],[122.188741,6.983669],[122.188695,6.983889],[122.188807,6.984218],[122.188935,6.984286],[122.188885,6.984953],[122.188735,6.985155],[122.188994,6.985408],[122.188721,6.985842],[122.189039,6.986016],[122.188804,6.986227],[122.188662,6.986473],[122.188338,6.986616],[122.188191,6.986779],[122.188882,6.98716],[122.188972,6.98736],[122.188673,6.987493],[122.189012,6.987835],[122.188879,6.988229],[122.18895,6.988405],[122.188963,6.988852],[122.189216,6.98935],[122.189389,6.989877],[122.189302,6.990418],[122.18955,6.99158],[122.189786,6.992468],[122.189955,6.99282],[122.190389,6.992812],[122.190991,6.99299],[122.191218,6.992474],[122.191684,6.992417],[122.192036,6.992655],[122.192111,6.992995],[122.192381,6.993],[122.19243,6.993319],[122.192587,6.993733],[122.192522,6.994292],[122.19226,6.994465],[122.192063,6.994263],[122.191676,6.994232],[122.191518,6.99447],[122.191559,6.994822],[122.19147,6.995596],[122.191792,6.995956],[122.191882,6.996346],[122.192022,6.996527],[122.192087,6.996834],[122.192309,6.996832],[122.192114,6.995861],[122.192325,6.99588],[122.192628,6.996261],[122.192772,6.996663],[122.192475,6.997182],[122.192824,6.997178],[122.19321,6.997606],[122.193662,6.997909],[122.193586,6.99802],[122.19305,6.997928],[122.193215,6.998218],[122.193469,6.998281],[122.193616,6.998559],[122.193561,6.998777],[122.193191,6.998888],[122.19317,6.999233],[122.193298,6.999346],[122.193353,6.99978],[122.192934,6.999887],[122.193432,7.000201],[122.194071,7.000751],[122.193943,7.001166],[122.193697,7.001179],[122.193109,7.001362],[122.193086,7.001514],[122.192704,7.001767],[122.192726,7.001912],[122.192505,7.002213],[122.192545,7.002407],[122.192379,7.002524],[122.192407,7.002744],[122.192128,7.003021],[122.192067,7.003271],[122.192421,7.003457],[122.192441,7.003728],[122.192651,7.004038],[122.192447,7.004184]]]}},{"type":"Feature","properties":{"psgc_code":"0931700016","name":"Cabatangan"},"geometry":{"type":"Polygon","coordinates":[[[122.0681,6.939522],[122.068571,6.939695],[122.069118,6.940064],[122.068958,6.94057],[122.069202,6.942015],[122.069167,6.942972],[122.069236,6.944206],[122.069098,6.945836],[122.068785,6.948135],[122.068125,6.948373],[122.067236,6.948373],[122.066119,6.948246],[122.0655,6.947826],[122.065329,6.947638],[122.065097,6.947605],[122.064274,6.947793],[122.06387,6.947958],[122.063899,6.949143],[122.063836,6.94949],[122.063661,6.949927],[122.063749,6.950129],[122.0641,6.950349],[122.064434,6.951253],[122.064311,6.951402],[122.064347,6.953113],[122.062427,6.959179],[122.059853,6.959477],[122.05634,6.959108],[122.052585,6.959051],[122.049933,6.958744],[122.046051,6.95642],[122.043956,6.954606],[122.042232,6.952231],[122.042703,6.94638],[122.043601,6.945928],[122.044147,6.94608],[122.04475,6.945916],[122.045139,6.945023],[122.04461,6.944536],[122.04395,6.943739],[122.043424,6.943611],[122.043505,6.943343],[122.043576,6.942717],[122.043455,6.942233],[122.043753,6.941693],[122.04354,6.941252],[122.043512,6.94101],[122.043988,6.940704],[122.044358,6.940669],[122.044962,6.940171],[122.046754,6.940313],[122.047754,6.940452],[122.047693,6.940267],[122.047338,6.939889],[122.047426,6.939239],[122.047399,6.938874],[122.047753,6.938692],[122.047946,6.9387],[122.048047,6.938171],[122.048097,6.93755],[122.048274,6.937599],[122.04842,6.93729],[122.048856,6.937087],[122.049293,6.937009],[122.049397,6.937061],[122.049395,6.937458],[122.049693,6.93746],[122.050143,6.937567],[122.051001,6.937532],[122.051496,6.93764],[122.0523,6.937699],[122.052428,6.937667],[122.05344,6.937688],[122.053603,6.937454],[122.054166,6.937328],[122.054648,6.937289],[122.054519,6.93563],[122.05546,6.935569],[122.057054,6.935375],[122.059895,6.936168],[122.062228,6.937099],[122.062157,6.937604],[122.063686,6.938002],[122.066238,6.938813],[122.0681,6.939522]]]}},{"type":"Feature","properties":{"psgc_code":"0931700017","name":"Cacao"},"geometry":{"type":"Polygon","coordinates":[[[122.149658,7.041494],[122.147819,7.03953],[122.145331,7.037597],[122.14509,7.037586],[122.144994,7.03715],[122.144738,7.036964],[122.14442,7.036884],[122.143849,7.036879],[122.142731,7.037092],[122.140519,7.037665],[122.139778,7.03795],[122.139461,7.038242],[122.139378,7.038605],[122.139473,7.039401],[122.139811,7.03957],[122.139794,7.039799],[122.139496,7.039823],[122.139463,7.04023],[122.139206,7.040385],[122.138786,7.040508],[122.138321,7.041085],[122.138279,7.041525],[122.137914,7.041813],[122.137413,7.041702],[122.136734,7.041117],[122.136531,7.041022],[122.136134,7.040981],[122.135939,7.040817],[122.135642,7.040742],[122.135514,7.040541],[122.13495,7.040169],[122.134424,7.039988],[122.134372,7.039778],[122.133828,7.039285],[122.133837,7.038552],[122.134444,7.037999],[122.134509,7.037844],[122.134842,7.037548],[122.135122,7.037428],[122.134233,7.034387],[122.133963,7.032288],[122.134991,7.029793],[122.135663,7.027503],[122.137149,7.027482],[122.137669,7.025344],[122.138106,7.02056],[122.13829,7.017424],[122.13944,7.016263],[122.144072,7.016233],[122.145701,7.01666],[122.146713,7.016757],[122.147177,7.015938],[122.1479,7.014797],[122.14845,7.014584],[122.149539,7.014217],[122.150618,7.013688],[122.151209,7.01327],[122.151555,7.012741],[122.153265,7.011265],[122.153683,7.010715],[122.153968,7.009616],[122.154334,7.009198],[122.15469,7.008659],[122.155882,7.007274],[122.156604,7.006124],[122.157775,7.004892],[122.159526,7.005523],[122.159699,7.00593],[122.163843,7.005299],[122.164209,7.005971],[122.164046,7.006368],[122.164056,7.007181],[122.164474,7.007332],[122.165285,7.007727],[122.16647,7.0078],[122.168064,7.008061],[122.168923,7.008577],[122.169626,7.009461],[122.169606,7.009762],[122.169322,7.009997],[122.169048,7.010349],[122.169155,7.010491],[122.169052,7.010731],[122.168573,7.011289],[122.168294,7.011701],[122.168019,7.012322],[122.168103,7.01268],[122.167819,7.01337],[122.168029,7.013781],[122.167833,7.014153],[122.16704,7.014408],[122.166502,7.015015],[122.166321,7.015387],[122.166007,7.015514],[122.165479,7.015838],[122.165234,7.016043],[122.165185,7.016322],[122.165513,7.016792],[122.165856,7.017052],[122.166139,7.017443],[122.166154,7.017727],[122.165596,7.018462],[122.165341,7.018937],[122.164955,7.019348],[122.164074,7.019695],[122.163506,7.019803],[122.163065,7.020116],[122.162629,7.020498],[122.162105,7.02066],[122.161758,7.020699],[122.160867,7.020905],[122.160842,7.021424],[122.160632,7.022084],[122.159883,7.022431],[122.159582,7.022181],[122.158837,7.02185],[122.158434,7.02192],[122.157783,7.022323],[122.157678,7.022583],[122.157682,7.022896],[122.157429,7.023243],[122.157351,7.023511],[122.157611,7.024122],[122.157552,7.024412],[122.157127,7.024468],[122.15687,7.024315],[122.156487,7.024263],[122.156189,7.024528],[122.156133,7.024807],[122.156263,7.025738],[122.156341,7.026513],[122.156207,7.026796],[122.155954,7.026908],[122.155518,7.026945],[122.155105,7.027112],[122.154997,7.027355],[122.155254,7.027749],[122.155108,7.028375],[122.154844,7.029038],[122.154464,7.02918],[122.154349,7.029533],[122.15401,7.029984],[122.153965,7.030554],[122.153816,7.030669],[122.153552,7.03064],[122.153332,7.030457],[122.153198,7.03004],[122.152989,7.029749],[122.152643,7.029753],[122.152457,7.03007],[122.152639,7.030438],[122.152594,7.030658],[122.152166,7.030528],[122.151775,7.030114],[122.151324,7.030122],[122.15109,7.030476],[122.15125,7.03125],[122.151499,7.031563],[122.151719,7.03172],[122.152077,7.032204],[122.152095,7.032375],[122.151712,7.032472],[122.151593,7.032677],[122.151283,7.032967],[122.150944,7.033381],[122.150889,7.033675],[122.150974,7.033906],[122.151555,7.034066],[122.152125,7.034301],[122.152203,7.034528],[122.151846,7.034647],[122.151823,7.034863],[122.152067,7.035245],[122.152421,7.036284],[122.152538,7.036884],[122.152507,7.037099],[122.152993,7.037916],[122.153067,7.038287],[122.153011,7.038575],[122.152585,7.038736],[122.15209,7.038843],[122.15201,7.039024],[122.152151,7.039181],[122.15251,7.039083],[122.152984,7.03926],[122.153043,7.03952],[122.152674,7.039751],[122.151878,7.040413],[122.151767,7.040741],[122.151492,7.040821],[122.150784,7.040622],[122.150366,7.040708],[122.149701,7.041299],[122.149658,7.041494]]]}},{"type":"Feature","properties":{"psgc_code":"0931700018","name":"Calabasa"},"geometry":{"type":"Polygon","coordinates":[[[122.22842,7.289674],[122.228084,7.289864],[122.227501,7.290039],[122.226904,7.290272],[122.226292,7.290578],[122.22549,7.291059],[122.225096,7.291554],[122.224513,7.291511],[122.224164,7.291336],[122.223435,7.291365],[122.222998,7.291875],[122.223114,7.292356],[122.22342,7.292589],[122.223347,7.292954],[122.222779,7.29307],[122.222123,7.292997],[122.22154,7.292735],[122.220884,7.292225],[122.220345,7.291875],[122.219951,7.291846],[122.219164,7.292895],[122.220082,7.293741],[122.220593,7.294382],[122.220184,7.294805],[122.219354,7.294572],[122.218231,7.29463],[122.216949,7.294776],[122.21603,7.294936],[122.214821,7.294907],[122.212802,7.291292],[122.208691,7.290505],[122.204144,7.289193],[122.198721,7.283071],[122.195223,7.275287],[122.19224,7.268452],[122.193612,7.268342],[122.193664,7.267622],[122.193917,7.267504],[122.194031,7.266921],[122.194307,7.266766],[122.195348,7.26666],[122.195886,7.265895],[122.196392,7.26575],[122.197039,7.265017],[122.197283,7.26409],[122.197331,7.263745],[122.197179,7.263013],[122.197181,7.262745],[122.197362,7.262074],[122.197194,7.261332],[122.197287,7.261032],[122.197059,7.259662],[122.196827,7.259166],[122.196379,7.258596],[122.196194,7.25807],[122.19625,7.257721],[122.196206,7.257149],[122.195886,7.256783],[122.195655,7.255949],[122.195546,7.255207],[122.195272,7.254278],[122.195261,7.253329],[122.194948,7.25293],[122.194723,7.251781],[122.194742,7.251292],[122.195923,7.251324],[122.200908,7.2494],[122.207817,7.244065],[122.211927,7.240654],[122.214978,7.239629],[122.220411,7.235757],[122.228719,7.230247],[122.233032,7.228473],[122.234091,7.227987],[122.238424,7.228074],[122.239721,7.228834],[122.241092,7.23005],[122.242479,7.231124],[122.243969,7.231575],[122.244756,7.231687],[122.244998,7.231929],[122.245424,7.231583],[122.245885,7.231675],[122.246231,7.231353],[122.246519,7.230915],[122.246934,7.230903],[122.246991,7.231318],[122.246749,7.231618],[122.247072,7.23194],[122.247475,7.23209],[122.247487,7.232563],[122.247199,7.232943],[122.246669,7.23322],[122.246242,7.233519],[122.24645,7.235352],[122.246749,7.235743],[122.247049,7.23549],[122.247233,7.235064],[122.247602,7.234741],[122.248213,7.234649],[122.248524,7.235156],[122.248536,7.235525],[122.248351,7.235985],[122.248397,7.236366],[122.249423,7.236527],[122.249435,7.237011],[122.249619,7.237288],[122.249573,7.23776],[122.249377,7.238025],[122.24925,7.238705],[122.248501,7.238117],[122.248063,7.238048],[122.247752,7.238152],[122.247925,7.239201],[122.248455,7.239489],[122.248824,7.239547],[122.249319,7.239374],[122.249688,7.239143],[122.249884,7.239166],[122.249953,7.238878],[122.25023,7.238936],[122.250599,7.2395],[122.25031,7.239938],[122.250149,7.240296],[122.250287,7.241068],[122.250541,7.241229],[122.25076,7.24116],[122.25106,7.241241],[122.251129,7.24139],[122.250656,7.241471],[122.250368,7.241736],[122.250011,7.241563],[122.249953,7.241252],[122.249412,7.241241],[122.248662,7.241632],[122.248616,7.242347],[122.248732,7.242912],[122.249227,7.243142],[122.249792,7.243326],[122.249631,7.243764],[122.248997,7.243903],[122.248259,7.244295],[122.248432,7.244744],[122.24796,7.245608],[122.247591,7.245839],[122.247118,7.245966],[122.247038,7.246277],[122.246588,7.246553],[122.246427,7.246888],[122.246496,7.247464],[122.246888,7.247579],[122.24721,7.247464],[122.247936,7.248443],[122.248709,7.24925],[122.248974,7.249803],[122.249377,7.249688],[122.249665,7.248927],[122.250172,7.248674],[122.250541,7.248075],[122.250794,7.247763],[122.251106,7.248247],[122.251117,7.249262],[122.25129,7.249596],[122.251809,7.249723],[122.251601,7.250057],[122.251232,7.250379],[122.251474,7.250921],[122.252005,7.25129],[122.252869,7.251705],[122.253053,7.25205],[122.253111,7.252638],[122.253272,7.253168],[122.252892,7.253526],[122.252051,7.254205],[122.252016,7.254724],[122.252373,7.255035],[122.252788,7.255162],[122.253779,7.255197],[122.254793,7.255888],[122.255059,7.255681],[122.255842,7.255888],[122.256027,7.256349],[122.25605,7.257017],[122.255992,7.257363],[122.256222,7.257824],[122.25598,7.258435],[122.255946,7.259],[122.255162,7.259703],[122.254598,7.259806],[122.2533,7.260683],[122.251128,7.261864],[122.249248,7.26338],[122.247863,7.264546],[122.247382,7.265581],[122.245779,7.266033],[122.244555,7.267082],[122.242128,7.267912],[122.240561,7.269006],[122.23938,7.270741],[122.237719,7.273379],[122.235358,7.276061],[122.234556,7.277358],[122.233973,7.278553],[122.232763,7.27934],[122.232195,7.279923],[122.232151,7.281687],[122.230358,7.281701],[122.228915,7.283669],[122.22753,7.284864],[122.227662,7.285506],[122.227297,7.285812],[122.227297,7.28638],[122.22721,7.286963],[122.22705,7.287182],[122.227297,7.288056],[122.22772,7.288275],[122.228041,7.288523],[122.228041,7.289106],[122.228114,7.289456],[122.22842,7.289674]]]}},{"type":"Feature","properties":{"psgc_code":"0931700019","name":"Calarian"},"geometry":{"type":"Polygon","coordinates":[[[122.031005,6.930475],[122.028822,6.93058],[122.028725,6.929669],[122.028112,6.929747],[122.027713,6.929564],[122.027397,6.929055],[122.027823,6.928721],[122.02764,6.928368],[122.027553,6.927397],[122.02802,6.926738],[122.027901,6.926486],[122.027429,6.92655],[122.027306,6.926431],[122.026247,6.926916],[122.025899,6.927122],[122.025844,6.92742],[122.024488,6.928699],[122.024464,6.928949],[122.02477,6.929255],[122.026938,6.93102],[122.02613,6.932301],[122.025685,6.933054],[122.025167,6.934201],[122.024538,6.935515],[122.024198,6.935543],[122.023673,6.934795],[122.022926,6.934509],[122.022413,6.933446],[122.020977,6.930948],[122.020347,6.931187],[122.019128,6.93146],[122.01827,6.931021],[122.017536,6.930039],[122.016964,6.92898],[122.016809,6.928084],[122.016361,6.927551],[122.01568,6.927096],[122.015514,6.926578],[122.015865,6.926399],[122.015831,6.926293],[122.01682,6.925711],[122.017411,6.925126],[122.017631,6.925182],[122.018076,6.92481],[122.018183,6.924854],[122.018654,6.924453],[122.018872,6.924539],[122.019293,6.924198],[122.019784,6.923918],[122.019896,6.9235],[122.020373,6.923196],[122.020601,6.923435],[122.020914,6.923296],[122.021875,6.922739],[122.022465,6.922219],[122.022819,6.921802],[122.022954,6.921802],[122.023783,6.921249],[122.024189,6.920774],[122.024507,6.920711],[122.024912,6.920413],[122.025197,6.920332],[122.025862,6.919935],[122.026063,6.920202],[122.026587,6.920184],[122.02734,6.919796],[122.02794,6.91938],[122.028468,6.918876],[122.02926,6.918698],[122.029942,6.918645],[122.030323,6.918661],[122.030863,6.918584],[122.031181,6.918375],[122.031459,6.918345],[122.031892,6.918084],[122.032611,6.917769],[122.033106,6.917685],[122.033995,6.917609],[122.034691,6.917488],[122.03516,6.917281],[122.036034,6.916824],[122.037189,6.916301],[122.037402,6.916403],[122.037703,6.9162],[122.038078,6.915615],[122.03763,6.914651],[122.036896,6.91496],[122.036861,6.914867],[122.038292,6.914229],[122.038333,6.91434],[122.037733,6.914623],[122.03813,6.915494],[122.038363,6.915514],[122.03884,6.91516],[122.03906,6.914836],[122.039856,6.914593],[122.040215,6.914729],[122.040655,6.914745],[122.041187,6.914838],[122.041497,6.914791],[122.041986,6.916814],[122.042768,6.91801],[122.043698,6.919219],[122.044135,6.919703],[122.044949,6.920872],[122.045716,6.920768],[122.045811,6.921454],[122.044992,6.921598],[122.044491,6.921917],[122.044441,6.922442],[122.044817,6.922399],[122.044917,6.923881],[122.045342,6.923994],[122.045161,6.9248],[122.044792,6.925401],[122.044829,6.926145],[122.045058,6.926192],[122.044942,6.927982],[122.045072,6.928396],[122.044983,6.928638],[122.04395,6.928907],[122.043552,6.928893],[122.042648,6.928783],[122.042062,6.92845],[122.041345,6.928303],[122.040701,6.928503],[122.040013,6.929904],[122.039763,6.930323],[122.038868,6.930036],[122.035768,6.93001],[122.031005,6.930475]]]}},{"type":"Feature","properties":{"psgc_code":"0931700020","name":"Campo Islam"},"geometry":{"type":"Polygon","coordinates":[[[122.050047,6.913793],[122.049069,6.913857],[122.048896,6.914089],[122.049153,6.914947],[122.049277,6.915112],[122.048593,6.915451],[122.048319,6.915475],[122.04826,6.915671],[122.047692,6.915706],[122.046064,6.916172],[122.046167,6.916581],[122.04541,6.91665],[122.044649,6.916609],[122.044095,6.916657],[122.042972,6.916621],[122.041986,6.916814],[122.041497,6.914791],[122.041947,6.914671],[122.042513,6.914412],[122.042973,6.914066],[122.044486,6.91359],[122.044793,6.91341],[122.044983,6.913195],[122.045718,6.913021],[122.046709,6.912726],[122.046559,6.912283],[122.045945,6.912433],[122.045906,6.912312],[122.046682,6.912104],[122.046838,6.91269],[122.047125,6.912632],[122.04732,6.912785],[122.047855,6.912647],[122.048147,6.912453],[122.048401,6.912191],[122.050345,6.911252],[122.050515,6.911522],[122.050266,6.912228],[122.050032,6.912795],[122.049986,6.913067],[122.050047,6.913793]]]}},{"type":"Feature","properties":{"psgc_code":"0931700021","name":"Canelar"},"geometry":{"type":"Polygon","coordinates":[[[122.07283,6.921136],[122.072452,6.921143],[122.07155,6.920869],[122.070915,6.920547],[122.070109,6.920547],[122.069669,6.920499],[122.069007,6.920571],[122.068268,6.920751],[122.067515,6.92064],[122.065123,6.92074],[122.06346,6.921436],[122.059273,6.921574],[122.059234,6.921221],[122.059111,6.919453],[122.059077,6.919242],[122.060469,6.919152],[122.060414,6.918808],[122.060734,6.918749],[122.060751,6.918162],[122.060552,6.917938],[122.061325,6.917576],[122.061499,6.917427],[122.062197,6.917934],[122.062466,6.91773],[122.062125,6.915967],[122.062117,6.915835],[122.062986,6.915724],[122.06307,6.916215],[122.064002,6.916107],[122.063958,6.915818],[122.065754,6.915536],[122.066738,6.915342],[122.067798,6.915218],[122.068729,6.914999],[122.068391,6.914089],[122.068696,6.914118],[122.069494,6.914016],[122.069523,6.913626],[122.068918,6.913554],[122.068972,6.913023],[122.06935,6.913062],[122.069528,6.913205],[122.07003,6.913205],[122.069989,6.912176],[122.070296,6.912157],[122.070564,6.911687],[122.070917,6.911342],[122.071035,6.910818],[122.07128,6.910359],[122.071666,6.910456],[122.071686,6.910023],[122.071907,6.909849],[122.072075,6.909428],[122.073295,6.910031],[122.073923,6.910255],[122.073792,6.910954],[122.073677,6.911175],[122.073567,6.911791],[122.073582,6.912142],[122.073341,6.912503],[122.073256,6.912823],[122.073081,6.914322],[122.073161,6.914833],[122.073201,6.915624],[122.073306,6.916256],[122.073221,6.917103],[122.073236,6.917478],[122.073121,6.918145],[122.073086,6.918716],[122.072946,6.919037],[122.07288,6.919788],[122.072875,6.921001],[122.07283,6.921136]]]}},{"type":"Feature","properties":{"psgc_code":"0931700022","name":"Cawit"},"geometry":{"type":"Polygon","coordinates":[[[121.983443,6.961126],[121.980808,6.965031],[121.980335,6.965977],[121.978526,6.969447],[121.975666,6.972421],[121.974585,6.971929],[121.974359,6.971491],[121.974108,6.97124],[121.973532,6.971064],[121.972961,6.971114],[121.972453,6.971221],[121.971764,6.971484],[121.970829,6.971741],[121.970121,6.971685],[121.969632,6.971484],[121.968328,6.971008],[121.967996,6.970908],[121.967607,6.970268],[121.967551,6.969002],[121.967337,6.968456],[121.967325,6.968137],[121.966182,6.967331],[121.965054,6.966685],[121.960807,6.964676],[121.961226,6.963873],[121.961529,6.96403],[121.962384,6.962366],[121.962994,6.961802],[121.963245,6.961337],[121.964071,6.960557],[121.964582,6.959586],[121.964914,6.959045],[121.965518,6.957024],[121.966066,6.954942],[121.965488,6.954798],[121.965994,6.95286],[121.966354,6.952797],[121.966221,6.953684],[121.966617,6.953771],[121.966829,6.952848],[121.967352,6.952961],[121.967144,6.953846],[121.967471,6.953945],[121.967777,6.953875],[121.968068,6.953921],[121.968216,6.953179],[121.96977,6.953479],[121.96974,6.953972],[121.969598,6.954282],[121.969668,6.954602],[121.969918,6.954707],[121.969967,6.954445],[121.970144,6.954399],[121.970163,6.954795],[121.970319,6.954765],[121.970322,6.954297],[121.97059,6.954251],[121.970876,6.954432],[121.971119,6.954284],[121.971184,6.954682],[121.971345,6.954996],[121.971329,6.955362],[121.971459,6.955385],[121.971564,6.954661],[121.971354,6.95369],[121.971321,6.953001],[121.971862,6.952978],[121.971962,6.953123],[121.971999,6.953462],[121.971873,6.953733],[121.972107,6.954567],[121.972084,6.954868],[121.972552,6.95485],[121.97272,6.954241],[121.972965,6.954398],[121.97301,6.955144],[121.973457,6.955089],[121.973672,6.954839],[121.973503,6.954498],[121.973178,6.954598],[121.972832,6.953578],[121.973068,6.953674],[121.973192,6.953554],[121.973026,6.953106],[121.973447,6.952953],[121.973623,6.953336],[121.97405,6.9532],[121.974415,6.95276],[121.974646,6.953015],[121.974915,6.953681],[121.975212,6.953496],[121.97561,6.952967],[121.975888,6.953063],[121.97632,6.952645],[121.975854,6.952324],[121.975912,6.952249],[121.976378,6.952565],[121.97653,6.952512],[121.977363,6.952997],[121.978202,6.95379],[121.977948,6.954155],[121.978691,6.954895],[121.97984,6.955934],[121.979678,6.956487],[121.979474,6.957905],[121.981055,6.958499],[121.981768,6.958808],[121.981934,6.959521],[121.983443,6.961126]]]}},{"type":"Feature","properties":{"psgc_code":"0931700023","name":"Culianan"},"geometry":{"type":"Polygon","coordinates":[[[122.150378,6.987285],[122.150063,6.988507],[122.149878,6.989938],[122.149829,6.990678],[122.149859,6.991554],[122.149822,6.991863],[122.149208,6.991988],[122.148902,6.991856],[122.148613,6.991874],[122.148138,6.99208],[122.14757,6.992231],[122.147296,6.992221],[122.147045,6.991986],[122.146611,6.99194],[122.146427,6.992351],[122.14634,6.992826],[122.146319,6.994207],[122.146372,6.994859],[122.145493,6.994457],[122.144533,6.994262],[122.143947,6.994193],[122.143727,6.994358],[122.143549,6.994724],[122.143137,6.994623],[122.14284,6.994322],[122.142474,6.994079],[122.141984,6.993882],[122.141403,6.993571],[122.140973,6.994216],[122.140676,6.994829],[122.140301,6.994774],[122.139253,6.994459],[122.138036,6.994253],[122.137254,6.994207],[122.136563,6.994212],[122.136344,6.994148],[122.135822,6.994161],[122.135282,6.993947],[122.136452,6.991343],[122.136452,6.991138],[122.137097,6.989437],[122.138291,6.985729],[122.138762,6.985245],[122.138446,6.984996],[122.137236,6.984599],[122.137243,6.984459],[122.137652,6.983947],[122.137774,6.983607],[122.137943,6.980417],[122.136785,6.977999],[122.137473,6.977956],[122.137661,6.977768],[122.137406,6.977412],[122.13742,6.977022],[122.137545,6.976825],[122.137992,6.976546],[122.138252,6.976113],[122.138228,6.975647],[122.13805,6.975343],[122.137487,6.975242],[122.13741,6.974704],[122.137641,6.974381],[122.138156,6.974208],[122.138274,6.97401],[122.138215,6.973771],[122.137408,6.973447],[122.137142,6.973288],[122.136717,6.972698],[122.136771,6.972225],[122.136903,6.972008],[122.137392,6.971896],[122.13779,6.972077],[122.138088,6.972029],[122.138088,6.971301],[122.137806,6.9712],[122.137822,6.970807],[122.137721,6.97035],[122.137886,6.970143],[122.138072,6.969649],[122.138141,6.969182],[122.138454,6.968852],[122.13889,6.968651],[122.139368,6.968284],[122.139798,6.967631],[122.139729,6.967275],[122.139214,6.966675],[122.139039,6.966542],[122.138396,6.966298],[122.138114,6.96591],[122.138045,6.965676],[122.138736,6.964731],[122.139214,6.964258],[122.142374,6.966547],[122.144923,6.96836],[122.145258,6.968543],[122.145566,6.968898],[122.145803,6.96885],[122.146138,6.967029],[122.148878,6.967016],[122.150453,6.967168],[122.153413,6.967756],[122.155735,6.968104],[122.157867,6.968521],[122.159214,6.96873],[122.158715,6.971482],[122.158278,6.973741],[122.158107,6.974221],[122.158171,6.974626],[122.158876,6.976224],[122.159233,6.977024],[122.159815,6.976923],[122.161353,6.97784],[122.161492,6.978036],[122.162156,6.979776],[122.162207,6.979978],[122.162087,6.98025],[122.162314,6.980775],[122.162422,6.981357],[122.162852,6.981566],[122.163687,6.982774],[122.16406,6.983521],[122.163744,6.984179],[122.163548,6.984217],[122.163257,6.984571],[122.161707,6.986329],[122.161574,6.986519],[122.161239,6.98848],[122.161027,6.989413],[122.160735,6.989307],[122.159061,6.988238],[122.158602,6.988074],[122.157065,6.98765],[122.156535,6.987381],[122.155745,6.986789],[122.154609,6.986365],[122.153368,6.985795],[122.152856,6.985606],[122.15147,6.985442],[122.151303,6.985885],[122.151186,6.98602],[122.150661,6.98639],[122.150378,6.987285]]]}},{"type":"Feature","properties":{"psgc_code":"0931700024","name":"Curuan"},"geometry":{"type":"Polygon","coordinates":[[[122.192325,7.250873],[122.184222,7.250755],[122.172535,7.250872],[122.165717,7.255625],[122.161042,7.26143],[122.15329,7.267585],[122.146433,7.266338],[122.143823,7.263144],[122.1432,7.259832],[122.141953,7.255937],[122.143239,7.253521],[122.143511,7.247405],[122.145927,7.241873],[122.147485,7.236497],[122.151381,7.229679],[122.153523,7.224965],[122.154848,7.219044],[122.155121,7.21433],[122.153523,7.203032],[122.155315,7.195864],[122.154887,7.191228],[122.153124,7.18332],[122.154967,7.181807],[122.15811,7.180022],[122.162106,7.177035],[122.166063,7.173077],[122.172057,7.174881],[122.17745,7.178489],[122.182358,7.180274],[122.186102,7.181567],[122.186944,7.182756],[122.1885,7.183102],[122.18984,7.183923],[122.193579,7.186343],[122.198722,7.187294],[122.200191,7.188634],[122.205508,7.190406],[122.209743,7.191486],[122.213395,7.193539],[122.215275,7.196241],[122.218344,7.198294],[122.221197,7.199461],[122.222774,7.199763],[122.224006,7.199914],[122.22558,7.199926],[122.232023,7.195592],[122.232866,7.194858],[122.234249,7.195398],[122.234573,7.195117],[122.234703,7.194793],[122.234465,7.194015],[122.235135,7.192848],[122.234638,7.191227],[122.234219,7.189228],[122.234739,7.189894],[122.235025,7.190151],[122.235281,7.190173],[122.235457,7.189924],[122.235742,7.190026],[122.235816,7.190561],[122.235911,7.190759],[122.236262,7.190898],[122.237317,7.190729],[122.237647,7.190766],[122.237845,7.190876],[122.23843,7.190825],[122.23939,7.190795],[122.239551,7.190649],[122.239961,7.190026],[122.240386,7.189528],[122.240474,7.189074],[122.24035,7.188767],[122.240642,7.188415],[122.241119,7.188334],[122.241844,7.188422],[122.242444,7.188737],[122.243125,7.190275],[122.243323,7.190678],[122.243682,7.191059],[122.244224,7.191257],[122.244715,7.191228],[122.245173,7.190284],[122.245616,7.18946],[122.246487,7.188645],[122.246589,7.188848],[122.24713,7.188671],[122.247886,7.18861],[122.248167,7.188359],[122.248818,7.1879],[122.249282,7.187864],[122.249306,7.188176],[122.248755,7.188354],[122.249006,7.188851],[122.249251,7.189042],[122.249284,7.189216],[122.248733,7.18981],[122.248368,7.189892],[122.248284,7.189798],[122.247813,7.189801],[122.247575,7.189934],[122.248117,7.190113],[122.248413,7.190472],[122.248752,7.190484],[122.249017,7.190657],[122.24864,7.190877],[122.249351,7.191091],[122.249509,7.191223],[122.249807,7.191247],[122.25011,7.191496],[122.249958,7.191665],[122.250111,7.192107],[122.250467,7.192183],[122.250833,7.192162],[122.251324,7.192558],[122.251587,7.192615],[122.251847,7.192559],[122.252169,7.192695],[122.252806,7.192779],[122.253762,7.192552],[122.254098,7.192712],[122.254427,7.192764],[122.254851,7.192992],[122.255189,7.192998],[122.25552,7.192866],[122.255654,7.193052],[122.255963,7.193079],[122.256428,7.193458],[122.256582,7.193491],[122.256732,7.193233],[122.256951,7.19333],[122.257257,7.193298],[122.257901,7.193457],[122.257978,7.193152],[122.258126,7.192985],[122.258555,7.193125],[122.258586,7.193463],[122.258251,7.193523],[122.258468,7.193738],[122.258798,7.193875],[122.259283,7.193428],[122.259648,7.193546],[122.259564,7.193757],[122.259947,7.193734],[122.259964,7.194053],[122.25985,7.194203],[122.2606,7.194421],[122.260607,7.194257],[122.260987,7.194058],[122.261625,7.194139],[122.262041,7.194451],[122.26234,7.194374],[122.262733,7.19411],[122.26311,7.194014],[122.263696,7.194228],[122.264246,7.193969],[122.264469,7.19377],[122.264867,7.193769],[122.265135,7.194271],[122.265164,7.194533],[122.264925,7.194946],[122.264741,7.195002],[122.264151,7.194888],[122.263815,7.195012],[122.263565,7.195016],[122.263306,7.194885],[122.263075,7.195049],[122.262591,7.194889],[122.262466,7.194679],[122.262232,7.194549],[122.262016,7.194669],[122.262137,7.194944],[122.262027,7.195089],[122.26176,7.194996],[122.261577,7.194777],[122.261285,7.194752],[122.261519,7.195121],[122.26132,7.195381],[122.261062,7.195372],[122.260981,7.19516],[122.260716,7.195396],[122.260523,7.195286],[122.260337,7.195526],[122.260473,7.19575],[122.26023,7.196039],[122.259809,7.196112],[122.259633,7.196055],[122.259301,7.196166],[122.259118,7.19603],[122.259131,7.195803],[122.258929,7.195769],[122.258295,7.195845],[122.258029,7.195758],[122.258018,7.195602],[122.257771,7.195503],[122.257383,7.195197],[122.256986,7.195056],[122.256628,7.195278],[122.25622,7.195723],[122.256252,7.195907],[122.255715,7.195709],[122.255063,7.195764],[122.25467,7.195509],[122.25446,7.195729],[122.254175,7.195731],[122.254293,7.195989],[122.253971,7.196269],[122.253679,7.19626],[122.253189,7.196489],[122.253612,7.196693],[122.253607,7.197043],[122.253773,7.197317],[122.253431,7.197471],[122.253036,7.197921],[122.253135,7.198513],[122.25262,7.198899],[122.252786,7.199409],[122.25213,7.199491],[122.251714,7.199868],[122.251324,7.200108],[122.251,7.200219],[122.250671,7.200809],[122.250973,7.201348],[122.25059,7.201438],[122.250278,7.201136],[122.249665,7.201054],[122.249255,7.200772],[122.248758,7.20107],[122.248734,7.201364],[122.249168,7.201386],[122.249064,7.201643],[122.249368,7.202304],[122.249189,7.203118],[122.249299,7.203402],[122.249087,7.203751],[122.248658,7.203938],[122.248735,7.204176],[122.248692,7.204721],[122.248796,7.205056],[122.248665,7.20557],[122.248312,7.205913],[122.24838,7.206189],[122.247931,7.206267],[122.247653,7.206254],[122.247197,7.206999],[122.246637,7.207318],[122.246608,7.207926],[122.245632,7.209085],[122.245372,7.209037],[122.24515,7.208486],[122.244599,7.208303],[122.244319,7.208863],[122.244261,7.209761],[122.244281,7.210234],[122.244696,7.21006],[122.244889,7.209741],[122.245188,7.210292],[122.244995,7.210987],[122.244454,7.211817],[122.243759,7.211856],[122.243286,7.212329],[122.24291,7.212252],[122.242745,7.212744],[122.242427,7.212851],[122.242089,7.212416],[122.241712,7.212339],[122.241577,7.212657],[122.241828,7.213131],[122.241693,7.213691],[122.241181,7.214154],[122.240486,7.21428],[122.240129,7.214405],[122.239559,7.214521],[122.238922,7.214338],[122.238545,7.214144],[122.238091,7.214125],[122.238227,7.213855],[122.23784,7.213874],[122.237676,7.213623],[122.237821,7.213275],[122.237396,7.213121],[122.237338,7.212725],[122.236923,7.212822],[122.236855,7.21314],[122.236653,7.213362],[122.236189,7.213179],[122.235803,7.213382],[122.235542,7.213353],[122.235272,7.21316],[122.234876,7.213411],[122.234567,7.214135],[122.2342,7.214328],[122.234248,7.214927],[122.233988,7.215091],[122.234432,7.215409],[122.234432,7.215641],[122.234248,7.215825],[122.234432,7.216056],[122.234644,7.216134],[122.23449,7.216723],[122.234171,7.216829],[122.234026,7.216607],[122.233679,7.216838],[122.233457,7.21707],[122.233795,7.217466],[122.234355,7.217881],[122.234973,7.218393],[122.235021,7.218741],[122.23477,7.219136],[122.233766,7.218972],[122.233534,7.21932],[122.233679,7.219716],[122.23126,7.218426],[122.230381,7.217915],[122.228285,7.217567],[122.226396,7.217149],[122.22263,7.217362],[122.219061,7.217241],[122.21466,7.217737],[122.211258,7.218783],[122.205482,7.221415],[122.202669,7.222776],[122.199312,7.222443],[122.193354,7.227101],[122.188515,7.227403],[122.184462,7.226496],[122.182254,7.229702],[122.182194,7.233119],[122.183252,7.235055],[122.185611,7.238775],[122.18797,7.241467],[122.189452,7.246396],[122.192325,7.250873]]]}},{"type":"Feature","properties":{"psgc_code":"0931700025","name":"Dita"},"geometry":{"type":"MultiPolygon","coordinates":[[[[122.266154,7.152382],[122.265956,7.152181],[122.265338,7.152007],[122.265076,7.15182],[122.265038,7.151507],[122.264673,7.151377],[122.264481,7.150864],[122.264147,7.150435],[122.264001,7.15007],[122.263501,7.149856],[122.263261,7.149647],[122.263047,7.149655],[122.2628,7.149309],[122.262355,7.149335],[122.262049,7.149189],[122.261744,7.14919],[122.261419,7.148902],[122.261154,7.14843],[122.261247,7.148178],[122.261074,7.147654],[122.26119,7.147321],[122.260989,7.147151],[122.260981,7.146939],[122.261321,7.146581],[122.261283,7.145679],[122.261663,7.145185],[122.261969,7.14494],[122.26243,7.144745],[122.262806,7.145025],[122.263042,7.145482],[122.263198,7.145988],[122.263417,7.146432],[122.263368,7.146845],[122.263512,7.14726],[122.263733,7.14745],[122.263873,7.147788],[122.263795,7.148474],[122.263672,7.148921],[122.264009,7.148996],[122.264147,7.149128],[122.264917,7.14905],[122.265125,7.149131],[122.265648,7.149499],[122.266062,7.149683],[122.266233,7.150031],[122.266237,7.150473],[122.266444,7.150796],[122.266478,7.151435],[122.266383,7.151943],[122.266299,7.152074],[122.266368,7.152382],[122.266154,7.152382]]],[[[122.273196,7.155955],[122.272904,7.15579],[122.272359,7.155665],[122.272183,7.155245],[122.271082,7.155322],[122.270745,7.15521],[122.270606,7.154974],[122.27072,7.154765],[122.270973,7.154557],[122.271384,7.153749],[122.27167,7.153389],[122.272381,7.152647],[122.272452,7.152334],[122.272288,7.151826],[122.272293,7.151586],[122.272417,7.151231],[122.272871,7.150532],[122.273104,7.150316],[122.273743,7.150325],[122.27385,7.150447],[122.273884,7.150788],[122.273757,7.150991],[122.273689,7.151542],[122.27333,7.152263],[122.273178,7.153021],[122.27372,7.153871],[122.273568,7.154381],[122.273756,7.154383],[122.274007,7.154691],[122.27407,7.154919],[122.274071,7.155447],[122.273882,7.155731],[122.273481,7.1558],[122.273196,7.155955]]],[[[122.28811,7.171681],[122.287765,7.171627],[122.287047,7.171361],[122.287134,7.171178],[122.287044,7.170755],[122.286369,7.170104],[122.286257,7.169641],[122.286816,7.169509],[122.2874,7.169696],[122.287663,7.169722],[122.288136,7.169654],[122.288403,7.169729],[122.288424,7.169904],[122.288791,7.17028],[122.288867,7.170969],[122.288984,7.171137],[122.28896,7.17136],[122.288489,7.171643],[122.28811,7.171681]]],[[[122.275209,7.170836],[122.274996,7.170943],[122.274435,7.171408],[122.272782,7.171792],[122.272289,7.172049],[122.271301,7.172432],[122.27089,7.172438],[122.270503,7.172301],[122.270017,7.17193],[122.269858,7.171615],[122.269774,7.171086],[122.269561,7.170743],[122.26923,7.170525],[122.268836,7.17035],[122.26857,7.170102],[122.268518,7.169722],[122.268662,7.169546],[122.268865,7.169555],[122.268981,7.169835],[122.269202,7.16975],[122.269654,7.169869],[122.270156,7.169679],[122.270058,7.169423],[122.270111,7.169204],[122.270031,7.168955],[122.269786,7.16921],[122.269307,7.169027],[122.268997,7.169283],[122.268888,7.169203],[122.268558,7.169389],[122.268307,7.169374],[122.268285,7.169101],[122.268045,7.169087],[122.267835,7.168708],[122.267389,7.168238],[122.26724,7.168327],[122.266956,7.167905],[122.266952,7.167628],[122.266827,7.167456],[122.266355,7.167187],[122.266216,7.167024],[122.266658,7.166744],[122.266807,7.166557],[122.266956,7.166062],[122.266846,7.165892],[122.266729,7.16529],[122.266673,7.164763],[122.267156,7.164727],[122.267413,7.164948],[122.267706,7.164919],[122.26817,7.164364],[122.268395,7.164366],[122.268618,7.164068],[122.268772,7.164145],[122.268972,7.164546],[122.269226,7.164209],[122.269412,7.164092],[122.269857,7.16415],[122.27027,7.164012],[122.270517,7.164308],[122.270566,7.164704],[122.270886,7.164917],[122.271131,7.164781],[122.271452,7.164359],[122.271821,7.164388],[122.271831,7.164138],[122.272012,7.164014],[122.27231,7.164315],[122.272376,7.164029],[122.272127,7.163944],[122.272051,7.163477],[122.272124,7.163268],[122.272396,7.162936],[122.272645,7.162812],[122.272782,7.162902],[122.273264,7.162761],[122.273277,7.162657],[122.273724,7.162679],[122.274299,7.162548],[122.274529,7.162665],[122.274827,7.162643],[122.274977,7.162483],[122.275588,7.162695],[122.275874,7.163188],[122.27591,7.163821],[122.275644,7.164224],[122.275712,7.164666],[122.27593,7.164955],[122.276385,7.165047],[122.276473,7.165299],[122.27677,7.165618],[122.276624,7.165841],[122.276719,7.16612],[122.27689,7.166321],[122.276947,7.166779],[122.277099,7.167075],[122.277624,7.167403],[122.277893,7.168014],[122.277429,7.168299],[122.277319,7.168447],[122.276932,7.168646],[122.276556,7.168927],[122.276532,7.169189],[122.276318,7.169616],[122.276093,7.169846],[122.275792,7.17003],[122.275209,7.170836]]],[[[122.288951,7.174192],[122.289198,7.174581],[122.288913,7.174833],[122.288838,7.17504],[122.288519,7.174579],[122.288951,7.174192]]],[[[122.286634,7.176814],[122.286369,7.176689],[122.285925,7.176709],[122.28599,7.176406],[122.285689,7.176171],[122.28524,7.176398],[122.285021,7.176366],[122.284613,7.17644],[122.284231,7.176295],[122.283695,7.175896],[122.283582,7.175632],[122.283382,7.175517],[122.28277,7.175619],[122.282655,7.175572],[122.282569,7.17518],[122.282593,7.174711],[122.282911,7.1745],[122.282999,7.173875],[122.283114,7.173578],[122.283489,7.173244],[122.283791,7.173099],[122.283953,7.172904],[122.284922,7.172348],[122.285045,7.172012],[122.285296,7.171706],[122.28563,7.171637],[122.28595,7.171747],[122.286515,7.172426],[122.286619,7.172751],[122.286556,7.173457],[122.286728,7.173919],[122.287171,7.173826],[122.28769,7.173935],[122.287874,7.174171],[122.287815,7.174312],[122.287476,7.174257],[122.287366,7.174102],[122.286972,7.174145],[122.286575,7.174647],[122.286431,7.174969],[122.286589,7.175374],[122.286786,7.175376],[122.28706,7.175563],[122.287153,7.176142],[122.286994,7.176639],[122.286634,7.176814]]],[[[122.269716,7.180828],[122.268943,7.180851],[122.268524,7.180355],[122.268466,7.18009],[122.267903,7.179559],[122.267859,7.179099],[122.26716,7.178909],[122.267435,7.178374],[122.26732,7.178251],[122.267316,7.177835],[122.267219,7.177393],[122.267397,7.177286],[122.267399,7.177095],[122.267109,7.176916],[122.267282,7.17653],[122.267593,7.176383],[122.267894,7.176437],[122.268353,7.176633],[122.26872,7.177033],[122.269289,7.177236],[122.269468,7.17743],[122.269671,7.177957],[122.269876,7.178037],[122.270399,7.178083],[122.270486,7.178316],[122.270759,7.178307],[122.271053,7.178641],[122.271027,7.179002],[122.271292,7.179216],[122.271264,7.179403],[122.271432,7.179571],[122.271489,7.179949],[122.271265,7.180233],[122.270864,7.180239],[122.270604,7.180359],[122.270203,7.180689],[122.269716,7.180828]]],[[[122.2473,7.141969],[122.247103,7.142155],[122.247151,7.142563],[122.247651,7.142295],[122.247724,7.14192],[122.247936,7.141724],[122.24826,7.141232],[122.248519,7.141065],[122.248838,7.141139],[122.248989,7.141425],[122.248899,7.141996],[122.248989,7.142198],[122.249021,7.142766],[122.249355,7.142706],[122.249234,7.143021],[122.249626,7.143054],[122.249817,7.143144],[122.250148,7.143101],[122.250776,7.143352],[122.251455,7.14342],[122.251988,7.143791],[122.252011,7.144099],[122.251434,7.144329],[122.251313,7.14457],[122.251581,7.144797],[122.251366,7.144974],[122.251607,7.145114],[122.251987,7.144885],[122.252245,7.144885],[122.252521,7.145065],[122.252652,7.145023],[122.25301,7.145278],[122.253274,7.145343],[122.253806,7.145332],[122.254103,7.145095],[122.254452,7.145564],[122.254632,7.146243],[122.254848,7.14632],[122.255004,7.146537],[122.255468,7.146473],[122.255797,7.146654],[122.255973,7.146603],[122.256636,7.146697],[122.257128,7.147267],[122.257488,7.147866],[122.25764,7.147915],[122.25775,7.148285],[122.257635,7.148581],[122.257596,7.149093],[122.257485,7.14929],[122.257523,7.149555],[122.257221,7.149829],[122.256992,7.150289],[122.25724,7.150601],[122.25721,7.150922],[122.256994,7.150929],[122.25687,7.151191],[122.256967,7.151387],[122.257456,7.15181],[122.257685,7.151857],[122.257978,7.152558],[122.257895,7.152938],[122.25765,7.153409],[122.257977,7.153681],[122.257808,7.154165],[122.257365,7.154465],[122.257393,7.154903],[122.256882,7.154705],[122.256555,7.154757],[122.256445,7.154973],[122.256493,7.155167],[122.256155,7.1552],[122.25582,7.154817],[122.255459,7.15496],[122.255397,7.155207],[122.255758,7.155216],[122.256144,7.155329],[122.256265,7.155479],[122.25625,7.155741],[122.256477,7.155724],[122.25678,7.156237],[122.256679,7.156324],[122.256667,7.156821],[122.256498,7.157002],[122.256007,7.157094],[122.256199,7.15732],[122.256414,7.157116],[122.256685,7.157203],[122.256971,7.156738],[122.257005,7.156553],[122.257293,7.156592],[122.25744,7.156767],[122.258095,7.156748],[122.25856,7.156951],[122.259226,7.158114],[122.259448,7.158442],[122.25945,7.158814],[122.259684,7.159122],[122.260149,7.159404],[122.260131,7.159667],[122.26035,7.159789],[122.260166,7.159997],[122.259943,7.159918],[122.259586,7.160023],[122.259316,7.160215],[122.258837,7.160381],[122.258673,7.160271],[122.258535,7.160557],[122.258332,7.160507],[122.25844,7.160939],[122.258386,7.161477],[122.258304,7.161673],[122.257703,7.161789],[122.25781,7.161975],[122.257805,7.162574],[122.258089,7.162762],[122.258038,7.163003],[122.258171,7.163481],[122.257793,7.163447],[122.257713,7.163647],[122.257512,7.163587],[122.257412,7.164007],[122.257661,7.164274],[122.257589,7.164629],[122.257389,7.164802],[122.257396,7.165073],[122.257191,7.165115],[122.25726,7.165488],[122.257155,7.165671],[122.256687,7.166083],[122.256764,7.166347],[122.256651,7.166588],[122.256622,7.166898],[122.256399,7.167077],[122.256262,7.167392],[122.255871,7.167597],[122.255664,7.16791],[122.25527,7.168139],[122.255378,7.168233],[122.255348,7.168548],[122.255113,7.168715],[122.254555,7.168862],[122.253959,7.168743],[122.253719,7.168639],[122.253521,7.169016],[122.253107,7.169003],[122.252776,7.169101],[122.252556,7.168841],[122.252204,7.168888],[122.25197,7.168805],[122.252093,7.169247],[122.251723,7.169247],[122.251583,7.169436],[122.251351,7.169541],[122.250743,7.169519],[122.250486,7.169597],[122.250278,7.169546],[122.249986,7.169278],[122.249738,7.16926],[122.249422,7.16962],[122.249261,7.169674],[122.2489,7.169514],[122.248655,7.16965],[122.248951,7.170055],[122.248951,7.170322],[122.248823,7.1706],[122.248504,7.170669],[122.248394,7.171038],[122.248565,7.171116],[122.248732,7.171371],[122.24891,7.171425],[122.249203,7.171874],[122.24926,7.172365],[122.24965,7.172734],[122.249978,7.172757],[122.250497,7.172916],[122.250698,7.172861],[122.251097,7.173356],[122.250669,7.173666],[122.250504,7.173704],[122.250178,7.174082],[122.250173,7.174637],[122.250365,7.174478],[122.250686,7.174585],[122.251641,7.174387],[122.252263,7.174739],[122.252658,7.175146],[122.252452,7.175356],[122.252518,7.175665],[122.252182,7.175727],[122.251728,7.176111],[122.251293,7.176244],[122.25122,7.176519],[122.250927,7.176845],[122.250867,7.177131],[122.251114,7.17709],[122.251244,7.177316],[122.251244,7.177859],[122.251076,7.177826],[122.251011,7.178197],[122.25066,7.178186],[122.250982,7.178657],[122.251004,7.178862],[122.251186,7.178964],[122.251205,7.179226],[122.25139,7.179321],[122.251428,7.179614],[122.251277,7.179743],[122.250965,7.179748],[122.250814,7.180357],[122.250831,7.18068],[122.250663,7.18073],[122.250552,7.18109],[122.250307,7.181014],[122.250221,7.181285],[122.250341,7.18144],[122.250027,7.181852],[122.249955,7.182061],[122.249741,7.182111],[122.249674,7.182309],[122.250004,7.182348],[122.250158,7.182526],[122.250124,7.182943],[122.24986,7.182929],[122.249625,7.183324],[122.24938,7.183267],[122.249114,7.183533],[122.248826,7.18343],[122.248692,7.183845],[122.248316,7.183919],[122.248012,7.184135],[122.248211,7.184501],[122.24848,7.184606],[122.248301,7.184899],[122.248003,7.185021],[122.247776,7.185291],[122.247948,7.1855],[122.247679,7.186034],[122.248065,7.186244],[122.247937,7.186509],[122.248229,7.186664],[122.248026,7.187194],[122.248091,7.187433],[122.247892,7.187674],[122.247022,7.188019],[122.246715,7.188017],[122.246274,7.187799],[122.246068,7.188087],[122.246562,7.18844],[122.246487,7.188645],[122.245616,7.18946],[122.245173,7.190284],[122.244715,7.191228],[122.244224,7.191257],[122.243682,7.191059],[122.243323,7.190678],[122.243125,7.190275],[122.242444,7.188737],[122.241844,7.188422],[122.241119,7.188334],[122.240642,7.188415],[122.24035,7.188767],[122.240474,7.189074],[122.240386,7.189528],[122.239961,7.190026],[122.239551,7.190649],[122.23939,7.190795],[122.23843,7.190825],[122.237845,7.190876],[122.237647,7.190766],[122.237317,7.190729],[122.236262,7.190898],[122.235911,7.190759],[122.235816,7.190561],[122.235742,7.190026],[122.235457,7.189924],[122.235281,7.190173],[122.235025,7.190151],[122.234739,7.189894],[122.234219,7.189228],[122.23332,7.186667],[122.23265,7.184204],[122.231894,7.181546],[122.231467,7.178141],[122.231548,7.176424],[122.232909,7.170935],[122.229214,7.16845],[122.224179,7.167499],[122.222845,7.167461],[122.223082,7.16709],[122.22312,7.166767],[122.222778,7.165828],[122.222797,7.165429],[122.223035,7.16523],[122.224297,7.16523],[122.225095,7.164878],[122.225778,7.164726],[122.226585,7.164679],[122.22725,7.164356],[122.228494,7.163502],[122.228712,7.163492],[122.229291,7.163616],[122.22987,7.163957],[122.230335,7.1641],[122.230668,7.164071],[122.230953,7.163805],[122.231399,7.162628],[122.23232,7.16109],[122.232358,7.160862],[122.231788,7.159856],[122.231835,7.159676],[122.232472,7.158688],[122.232747,7.15865],[122.23306,7.158717],[122.233259,7.158536],[122.233241,7.158242],[122.232718,7.156999],[122.23686,7.156023],[122.237956,7.154591],[122.242263,7.152725],[122.246437,7.14989],[122.247757,7.145891],[122.247776,7.144357],[122.246757,7.142424],[122.2473,7.141969]]]]}},{"type":"Feature","properties":{"psgc_code":"0931700026","name":"Divisoria"},"geometry":{"type":"Polygon","coordinates":[[[122.109088,6.957247],[122.107253,6.957021],[122.105037,6.957529],[122.104447,6.957433],[122.102543,6.957628],[122.100665,6.957266],[122.100484,6.956588],[122.100703,6.955997],[122.101567,6.955479],[122.101458,6.954105],[122.101303,6.95385],[122.101258,6.953123],[122.101385,6.952741],[122.101394,6.952159],[122.10154,6.951868],[122.101606,6.95135],[122.101111,6.951453],[122.100885,6.951134],[122.10104,6.950739],[122.100845,6.950607],[122.100433,6.950567],[122.100248,6.950633],[122.099986,6.950552],[122.099831,6.950076],[122.099561,6.94984],[122.099342,6.949802],[122.098978,6.949459],[122.098635,6.949227],[122.098609,6.949008],[122.098475,6.948376],[122.098581,6.948018],[122.098359,6.947721],[122.098026,6.947538],[122.097843,6.947133],[122.097791,6.946864],[122.09749,6.94635],[122.097539,6.946202],[122.098632,6.944962],[122.098484,6.944784],[122.098732,6.944541],[122.098773,6.944333],[122.099462,6.943604],[122.099609,6.943134],[122.099861,6.942793],[122.10007,6.941642],[122.100403,6.941622],[122.100457,6.941245],[122.100631,6.941304],[122.100721,6.941076],[122.102012,6.940663],[122.102966,6.940451],[122.103302,6.939669],[122.103182,6.938333],[122.103189,6.937687],[122.103495,6.936823],[122.103937,6.936019],[122.103984,6.935033],[122.106131,6.935054],[122.107284,6.934983],[122.107605,6.933257],[122.107741,6.929365],[122.107148,6.92906],[122.107016,6.927828],[122.108366,6.927701],[122.11108,6.927493],[122.112391,6.927027],[122.113436,6.925056],[122.114018,6.925375],[122.114484,6.924922],[122.114773,6.924961],[122.114997,6.925271],[122.115342,6.925447],[122.116074,6.925379],[122.117094,6.925659],[122.118053,6.926406],[122.118551,6.926497],[122.118132,6.927654],[122.117071,6.929435],[122.116066,6.931531],[122.117859,6.932241],[122.116447,6.936099],[122.114185,6.9376],[122.112633,6.938388],[122.112515,6.938861],[122.112313,6.941048],[122.112235,6.941182],[122.112171,6.942033],[122.112245,6.943304],[122.112158,6.944543],[122.111332,6.94441],[122.111363,6.944836],[122.110919,6.945014],[122.110444,6.945275],[122.110959,6.94535],[122.110907,6.946057],[122.110731,6.946055],[122.11065,6.946763],[122.110432,6.948283],[122.110086,6.951155],[122.109437,6.954418],[122.109088,6.957247]]]}},{"type":"Feature","properties":{"psgc_code":"0931700027","name":"Dulian (Upper Bunguiao)"},"geometry":{"type":"Polygon","coordinates":[[[122.186102,7.181567],[122.182358,7.180274],[122.17745,7.178489],[122.172057,7.174881],[122.166063,7.173077],[122.162106,7.177035],[122.15811,7.180022],[122.154967,7.181807],[122.153124,7.18332],[122.147867,7.182971],[122.140864,7.182486],[122.134501,7.179828],[122.130195,7.177636],[122.129031,7.174707],[122.121211,7.16806],[122.131315,7.161741],[122.13709,7.161187],[122.150799,7.154219],[122.151049,7.153985],[122.151567,7.15381],[122.152377,7.153075],[122.152635,7.153226],[122.153445,7.153117],[122.153595,7.152791],[122.153487,7.152374],[122.153696,7.151907],[122.153579,7.151556],[122.152969,7.150871],[122.152928,7.150562],[122.153053,7.150128],[122.152928,7.14992],[122.152527,7.149861],[122.151968,7.148768],[122.152026,7.147774],[122.152318,7.147115],[122.153529,7.146488],[122.153712,7.145896],[122.154313,7.145578],[122.154898,7.145503],[122.155098,7.145896],[122.155749,7.146413],[122.156325,7.146672],[122.157043,7.146505],[122.157536,7.146664],[122.15792,7.146889],[122.158404,7.146555],[122.158646,7.146071],[122.159114,7.145436],[122.159339,7.144952],[122.15883,7.14446],[122.158713,7.143742],[122.158337,7.143341],[122.157828,7.143191],[122.157836,7.142748],[122.158287,7.141897],[122.15807,7.14107],[122.157945,7.140394],[122.15812,7.140227],[122.158755,7.138799],[122.157945,7.137881],[122.157795,7.137363],[122.157937,7.137088],[122.158496,7.137188],[122.159122,7.13723],[122.159573,7.137155],[122.159798,7.136746],[122.159606,7.135986],[122.159247,7.135694],[122.159373,7.13546],[122.159815,7.135193],[122.159848,7.134851],[122.158989,7.134391],[122.159114,7.134007],[122.159807,7.133941],[122.160124,7.134083],[122.160617,7.134191],[122.161218,7.134057],[122.161643,7.134049],[122.161769,7.133749],[122.161785,7.133381],[122.162086,7.132688],[122.162295,7.132346],[122.162704,7.132137],[122.162704,7.130843],[122.163171,7.12985],[122.163388,7.128823],[122.164749,7.127746],[122.165358,7.127354],[122.165358,7.126661],[122.165818,7.126444],[122.166252,7.125918],[122.166502,7.125442],[122.166836,7.125116],[122.167195,7.124515],[122.167696,7.124524],[122.168005,7.12429],[122.168205,7.123998],[122.169057,7.123839],[122.169858,7.123839],[122.170334,7.124014],[122.170735,7.123872],[122.17147,7.123263],[122.172246,7.123422],[122.172663,7.123221],[122.172914,7.122612],[122.173381,7.122478],[122.173607,7.122737],[122.173941,7.122612],[122.175109,7.12272],[122.175652,7.12242],[122.175819,7.122094],[122.176337,7.121652],[122.176996,7.121485],[122.177831,7.120917],[122.178198,7.120708],[122.179489,7.1209],[122.188585,7.123794],[122.19115,7.124158],[122.195563,7.126754],[122.196074,7.128489],[122.197772,7.133355],[122.199529,7.13579],[122.207247,7.136748],[122.206511,7.137836],[122.20659,7.138627],[122.206709,7.139443],[122.206143,7.139772],[122.205761,7.140233],[122.206077,7.140852],[122.205194,7.141089],[122.204615,7.141155],[122.204799,7.142077],[122.205669,7.142288],[122.205971,7.142802],[122.20687,7.144911],[122.207278,7.146017],[122.207074,7.147852],[122.207249,7.149046],[122.20754,7.150123],[122.207482,7.151201],[122.207307,7.152366],[122.207307,7.154113],[122.207267,7.155003],[122.206309,7.155391],[122.206024,7.157177],[122.20482,7.1582],[122.203591,7.15873],[122.202506,7.158564],[122.201093,7.158264],[122.199747,7.158264],[122.199281,7.159054],[122.19853,7.161228],[122.198439,7.162445],[122.19831,7.163739],[122.198569,7.166858],[122.194124,7.166591],[122.191684,7.166373],[122.188351,7.166017],[122.187199,7.166074],[122.18501,7.165987],[122.185749,7.174365],[122.18594,7.178134],[122.186102,7.181567]]]}},{"type":"Feature","properties":{"psgc_code":"0931700028","name":"Dulian (Upper Pasonanca)"},"geometry":{"type":"Polygon","coordinates":[[[122.031152,7.002047],[122.028343,7.002421],[122.027039,7.001026],[122.024976,6.995808],[122.025492,6.991137],[122.02623,6.989924],[122.02841,6.990386],[122.030828,6.990677],[122.031687,6.990492],[122.032585,6.990558],[122.034937,6.98925],[122.034831,6.988682],[122.035466,6.987968],[122.036007,6.986964],[122.037117,6.985431],[122.038314,6.984612],[122.038237,6.983571],[122.038404,6.982817],[122.038491,6.982606],[122.038693,6.982536],[122.040545,6.98279],[122.040668,6.982536],[122.042653,6.97897],[122.042759,6.977728],[122.043235,6.974888],[122.042482,6.973646],[122.04124,6.973223],[122.040724,6.972668],[122.039826,6.971585],[122.03906,6.968902],[122.039152,6.968057],[122.039998,6.967713],[122.040989,6.967779],[122.040368,6.967264],[122.039456,6.96733],[122.039641,6.966577],[122.039297,6.966273],[122.039324,6.965969],[122.040617,6.964769],[122.042087,6.964454],[122.043626,6.962525],[122.043956,6.954606],[122.046051,6.95642],[122.049933,6.958744],[122.052585,6.959051],[122.05634,6.959108],[122.059853,6.959477],[122.06154,6.965558],[122.063242,6.9693],[122.061476,6.97041],[122.060929,6.97624],[122.060804,6.979991],[122.056849,6.979929],[122.055661,6.982539],[122.053817,6.986947],[122.049612,6.987307],[122.048846,6.987244],[122.048815,6.988901],[122.044063,6.993684],[122.038201,6.996466],[122.035168,7.000237],[122.031152,7.002047]]]}},{"type":"Feature","properties":{"psgc_code":"0931700030","name":"Guisao"},"geometry":{"type":"Polygon","coordinates":[[[122.157775,7.004892],[122.156604,7.006124],[122.155882,7.007274],[122.15469,7.008659],[122.154334,7.009198],[122.153968,7.009616],[122.153683,7.010715],[122.153265,7.011265],[122.151555,7.012741],[122.151209,7.01327],[122.150618,7.013688],[122.149539,7.014217],[122.14845,7.014584],[122.1479,7.014797],[122.147177,7.015938],[122.146713,7.016757],[122.145701,7.01666],[122.144072,7.016233],[122.13944,7.016263],[122.140969,7.011652],[122.14252,7.010471],[122.143068,7.009147],[122.143915,7.006845],[122.146443,7.003124],[122.146765,7.000357],[122.147457,6.99759],[122.147111,6.996481],[122.146704,6.995362],[122.146372,6.994859],[122.146319,6.994207],[122.14634,6.992826],[122.146427,6.992351],[122.146611,6.99194],[122.147045,6.991986],[122.147296,6.992221],[122.14757,6.992231],[122.148138,6.99208],[122.148613,6.991874],[122.148902,6.991856],[122.149208,6.991988],[122.149822,6.991863],[122.149859,6.991554],[122.149829,6.990678],[122.149878,6.989938],[122.150063,6.988507],[122.150378,6.987285],[122.15187,6.988276],[122.152955,6.988681],[122.153492,6.989683],[122.153778,6.990363],[122.15472,6.990566],[122.155384,6.990668],[122.155593,6.990579],[122.155785,6.990648],[122.156302,6.990541],[122.156643,6.990662],[122.156701,6.990917],[122.157034,6.991078],[122.156968,6.99129],[122.15714,6.991454],[122.15746,6.991979],[122.157729,6.991689],[122.158028,6.991641],[122.158475,6.991906],[122.159233,6.99191],[122.159376,6.991802],[122.159463,6.991152],[122.159879,6.991043],[122.160312,6.99103],[122.160702,6.991113],[122.160876,6.991338],[122.161158,6.990956],[122.161444,6.990848],[122.1615,6.990597],[122.161777,6.990107],[122.162167,6.989977],[122.162614,6.990137],[122.163381,6.990181],[122.163502,6.990562],[122.163667,6.990757],[122.164148,6.990978],[122.164829,6.991026],[122.164935,6.991243],[122.164267,6.992713],[122.163836,6.993181],[122.163701,6.993599],[122.16299,6.995189],[122.162657,6.995738],[122.162273,6.995974],[122.161249,6.996903],[122.159524,6.99816],[122.159184,6.998375],[122.159113,6.998857],[122.159164,7.000002],[122.159214,7.00038],[122.159218,7.001262],[122.159336,7.002737],[122.159278,7.00299],[122.158355,7.004236],[122.157775,7.004892]]]}},{"type":"Feature","properties":{"psgc_code":"0931700031","name":"Guiwan"},"geometry":{"type":"Polygon","coordinates":[[[122.088169,6.932552],[122.088066,6.932559],[122.087204,6.932092],[122.086441,6.931987],[122.086427,6.930643],[122.086452,6.930144],[122.086553,6.929354],[122.086088,6.929095],[122.08576,6.92875],[122.084889,6.927095],[122.084665,6.92656],[122.084411,6.926082],[122.084644,6.925858],[122.08501,6.92584],[122.085838,6.926448],[122.086015,6.926491],[122.086178,6.926336],[122.086178,6.925759],[122.086539,6.925449],[122.086855,6.925345],[122.087269,6.92559],[122.087692,6.925707],[122.08798,6.925681],[122.089386,6.924836],[122.089735,6.924778],[122.090692,6.924724],[122.091205,6.924474],[122.091675,6.924573],[122.092037,6.924862],[122.09239,6.925052],[122.09286,6.925026],[122.093451,6.924526],[122.093757,6.924095],[122.093839,6.923275],[122.09374,6.922499],[122.093994,6.922211],[122.094037,6.922012],[122.093873,6.921517],[122.093826,6.921172],[122.093899,6.920978],[122.094196,6.920749],[122.094327,6.921113],[122.094647,6.921316],[122.094816,6.920926],[122.095473,6.921156],[122.095994,6.921428],[122.095914,6.921792],[122.097698,6.922383],[122.097503,6.92285],[122.098405,6.923129],[122.098269,6.924147],[122.100805,6.924575],[122.100857,6.92562],[122.100844,6.926865],[122.100727,6.927845],[122.100306,6.927786],[122.10002,6.928889],[122.100046,6.929421],[122.099793,6.929492],[122.099651,6.929914],[122.099268,6.930238],[122.099047,6.93031],[122.098509,6.93031],[122.098321,6.930375],[122.098314,6.931257],[122.097114,6.931315],[122.097095,6.931704],[122.096297,6.931763],[122.095868,6.931736],[122.095575,6.932346],[122.094247,6.932273],[122.092566,6.932264],[122.091957,6.93231],[122.091961,6.932194],[122.090479,6.932011],[122.089648,6.932376],[122.088169,6.932552]]]}},{"type":"Feature","properties":{"psgc_code":"0931700032","name":"La Paz"},"geometry":{"type":"Polygon","coordinates":[[[122.010612,7.047801],[122.012212,7.050856],[122.013332,7.053931],[122.014156,7.056431],[122.013936,7.057417],[122.013735,7.05849],[122.013725,7.059773],[122.013869,7.060808],[122.014338,7.0619],[122.015449,7.062685],[122.0161,7.065175],[122.016828,7.066775],[122.015842,7.070999],[122.014558,7.073881],[122.017738,7.077023],[122.017987,7.078019],[122.017077,7.07846],[122.016685,7.078766],[122.016416,7.079657],[122.01655,7.080165],[122.017556,7.08096],[122.019022,7.08164],[122.020544,7.081879],[122.02064,7.084465],[122.022843,7.084752],[122.023935,7.084925],[122.023849,7.086036],[122.022881,7.086524],[122.022556,7.08843],[122.02201,7.089723],[122.022297,7.090231],[122.023284,7.090174],[122.02382,7.090049],[122.023993,7.090786],[122.02858,7.0911],[122.029887,7.091613],[122.034645,7.093106],[122.03721,7.095812],[122.038936,7.099077],[122.040989,7.103136],[122.03777,7.106075],[122.02914,7.10878],[122.034225,7.112092],[122.037537,7.114704],[122.039155,7.119886],[122.039192,7.121622],[122.039008,7.122037],[122.038641,7.122477],[122.038751,7.123272],[122.039167,7.124115],[122.039338,7.124861],[122.038903,7.126011],[122.039226,7.126484],[122.039301,7.127343],[122.039258,7.127967],[122.039322,7.128773],[122.039731,7.129396],[122.040597,7.131706],[122.035965,7.132415],[122.035231,7.132599],[122.032676,7.134481],[122.029633,7.134909],[122.0272,7.134909],[122.024132,7.135544],[122.021343,7.135038],[122.019915,7.134212],[122.020795,7.133222],[122.018607,7.13189],[122.015893,7.130704],[122.014133,7.130472],[122.012654,7.129017],[122.012177,7.127672],[122.012825,7.126316],[122.011865,7.125126],[122.01026,7.124204],[122.006676,7.121814],[122.005583,7.117513],[122.005003,7.114884],[122.004422,7.11345],[122.002442,7.106964],[122.00193,7.10355],[122.000326,7.100477],[121.996536,7.095596],[121.991518,7.090919],[121.99162,7.086924],[121.988855,7.083511],[121.987797,7.079653],[121.985271,7.077536],[121.984144,7.072484],[121.982574,7.068421],[121.979194,7.061457],[121.978511,7.054458],[121.978204,7.048928],[121.978738,7.049099],[121.979228,7.049201],[121.979605,7.048849],[121.979973,7.048797],[121.980237,7.049224],[121.980899,7.04993],[121.981186,7.050187],[121.982054,7.050076],[121.982094,7.049795],[121.98239,7.049474],[121.982755,7.049346],[121.982992,7.049341],[121.983539,7.048749],[121.983598,7.048487],[121.983386,7.048295],[121.982671,7.04795],[121.982193,7.046914],[121.981971,7.046657],[121.981615,7.046539],[121.981206,7.04611],[121.980841,7.045952],[121.980392,7.045976],[121.980125,7.045912],[121.979741,7.045389],[121.979173,7.04531],[121.978858,7.045034],[121.978591,7.044284],[121.978093,7.043998],[121.977965,7.043752],[121.977664,7.043564],[121.977575,7.043298],[121.977565,7.04276],[121.977002,7.041893],[121.976692,7.041591],[121.97576,7.040856],[121.975261,7.040377],[121.974802,7.039765],[121.974107,7.038779],[121.974659,7.039052],[121.974846,7.039041],[121.97534,7.038803],[121.975579,7.038627],[121.975664,7.038422],[121.976141,7.038008],[121.976595,7.037429],[121.977015,7.037037],[121.977509,7.03677],[121.977384,7.0366],[121.977418,7.036321],[121.977679,7.03593],[121.977941,7.035703],[121.978293,7.035725],[121.978616,7.035947],[121.979218,7.035822],[121.979661,7.035992],[121.979797,7.035952],[121.97999,7.035623],[121.98016,7.03551],[121.980774,7.035436],[121.98095,7.035612],[121.981267,7.035583],[121.98179,7.03539],[121.982221,7.035089],[121.982687,7.034885],[121.982749,7.034658],[121.982613,7.034266],[121.982216,7.034226],[121.982125,7.033846],[121.982295,7.033375],[121.982221,7.032836],[121.982454,7.03233],[121.982823,7.0322],[121.983362,7.032109],[121.983538,7.031626],[121.983839,7.031638],[121.985151,7.031303],[121.985509,7.031093],[121.98594,7.030292],[121.986099,7.030201],[121.987013,7.030457],[121.98791,7.030269],[121.988677,7.030173],[121.988739,7.029985],[121.98921,7.029838],[121.989674,7.029896],[121.989982,7.028499],[121.990367,7.028013],[121.990859,7.027716],[121.99077,7.026453],[121.990803,7.02622],[121.989986,7.02595],[121.988986,7.025736],[121.988603,7.025736],[121.987726,7.026002],[121.986836,7.026041],[121.986109,7.02595],[121.985466,7.025392],[121.984834,7.025135],[121.98454,7.025143],[121.983924,7.02591],[121.983474,7.026045],[121.983218,7.025988],[121.982454,7.025406],[121.982166,7.025257],[121.981359,7.025993],[121.98089,7.026036],[121.980291,7.026523],[121.979844,7.026976],[121.979582,7.027108],[121.978694,7.027244],[121.978395,7.027431],[121.977948,7.027339],[121.977289,7.027134],[121.976683,7.026855],[121.976246,7.026904],[121.975934,7.026811],[121.975515,7.025686],[121.975591,7.024878],[121.975523,7.023826],[121.975203,7.023574],[121.974806,7.023788],[121.973907,7.023719],[121.972992,7.022583],[121.972352,7.022103],[121.971361,7.021066],[121.97088,7.019884],[121.969981,7.018916],[121.969508,7.018444],[121.969127,7.017834],[121.968601,7.01759],[121.967305,7.017544],[121.96668,7.01762],[121.966756,7.014358],[121.966642,7.013367],[121.96623,7.010988],[121.965705,7.00954],[121.965086,7.00648],[121.96374,7.001686],[121.963857,7.001464],[121.963865,7.001168],[121.963413,7.001012],[121.963102,7.000802],[121.962849,7.000397],[121.962615,7.000136],[121.96272,6.999498],[121.962529,6.999233],[121.962506,6.99789],[121.960352,6.996901],[121.959391,6.996568],[121.957874,6.996448],[121.957061,6.996984],[121.956589,6.996661],[121.955202,6.995838],[121.957819,6.994164],[121.957153,6.99287],[121.957264,6.991474],[121.956608,6.990022],[121.956571,6.98846],[121.955831,6.987452],[121.95487,6.987267],[121.953418,6.988562],[121.953187,6.987378],[121.952817,6.986703],[121.951948,6.986176],[121.951255,6.985409],[121.950404,6.984688],[121.950404,6.984447],[121.949989,6.983915],[121.94959,6.983322],[121.949164,6.983103],[121.949106,6.982685],[121.949091,6.981838],[121.950257,6.981288],[121.949523,6.979945],[121.951382,6.978192],[121.951715,6.977859],[121.953093,6.976636],[121.953227,6.976771],[121.954841,6.975364],[121.955573,6.97443],[121.955677,6.97365],[121.955829,6.974013],[121.95623,6.974581],[121.956522,6.974826],[121.957209,6.975117],[121.957761,6.975226],[121.957943,6.975424],[121.958219,6.976294],[121.958313,6.976934],[121.958615,6.977319],[121.958969,6.977273],[121.959448,6.976846],[121.959677,6.976559],[121.95988,6.976429],[121.96115,6.976252],[121.962394,6.975877],[121.963467,6.975461],[121.963961,6.97543],[121.964025,6.976608],[121.964389,6.979654],[121.966228,6.981541],[121.967253,6.983523],[121.96823,6.986512],[121.96869,6.987604],[121.969628,6.988619],[121.972614,6.986529],[121.973156,6.986623],[121.973395,6.986925],[121.973603,6.987367],[121.973723,6.987794],[121.973723,6.988258],[121.973926,6.988518],[121.974322,6.988778],[121.974749,6.988898],[121.975186,6.989096],[121.975842,6.989143],[121.976295,6.988836],[121.976493,6.98856],[121.976743,6.987909],[121.97742,6.987831],[121.978143,6.988075],[121.978674,6.988169],[121.979533,6.988752],[121.979924,6.988888],[121.980184,6.988888],[121.980731,6.98857],[121.981069,6.98856],[121.982053,6.988331],[121.982668,6.988331],[121.983219,6.988268],[121.983849,6.987956],[121.984292,6.987956],[121.984667,6.988065],[121.985073,6.988372],[121.985541,6.98858],[121.985984,6.988607],[121.986374,6.988695],[121.987067,6.988679],[121.987249,6.98908],[121.987436,6.989132],[121.987816,6.989398],[121.988821,6.989481],[121.989066,6.989632],[121.99004,6.989617],[121.990493,6.989814],[121.990643,6.990455],[121.991039,6.990647],[121.991398,6.990455],[121.991695,6.990194],[121.992195,6.989929],[121.992721,6.98984],[121.993127,6.989887],[121.993986,6.989846],[121.994418,6.989934],[121.994684,6.99022],[121.995064,6.990236],[121.995464,6.990403],[121.995969,6.990757],[121.996428,6.991152],[121.996662,6.991418],[121.997209,6.991803],[121.997583,6.991965],[121.998031,6.991892],[121.998396,6.99211],[121.998937,6.992782],[121.999614,6.992886],[121.999718,6.993058],[121.999744,6.993417],[121.999916,6.993854],[122.000103,6.994104],[122.000192,6.99449],[122.000197,6.994948],[122.000296,6.995161],[122.000598,6.995224],[122.001202,6.99563],[122.001618,6.99564],[122.002102,6.995765],[122.002675,6.996291],[122.003045,6.99678],[122.003191,6.997207],[122.003185,6.99766],[122.0033,6.998014],[122.00356,6.998285],[122.004456,6.999014],[122.004804,6.999144],[122.004906,7.000214],[122.00447,7.001041],[122.004045,7.001535],[122.003516,7.002753],[122.003275,7.003786],[122.002701,7.00459],[122.002288,7.005429],[122.002965,7.005854],[122.002954,7.007013],[122.003425,7.007611],[122.003781,7.008621],[122.003115,7.009873],[122.001311,7.011182],[122.001047,7.013365],[122.00045,7.016546],[122.000105,7.018728],[122.000128,7.022794],[122.001748,7.026124],[122.001713,7.027548],[122.004343,7.030259],[122.006238,7.032372],[122.008543,7.033319],[122.009951,7.034708],[122.011062,7.036403],[122.011503,7.037112],[122.011321,7.037945],[122.010536,7.039976],[122.010219,7.04395],[122.010612,7.047801]]]}},{"type":"Feature","properties":{"psgc_code":"0931700033","name":"Labuan"},"geometry":{"type":"Polygon","coordinates":[[[121.938247,7.106995],[121.937319,7.108237],[121.936968,7.109183],[121.936498,7.109451],[121.936159,7.109583],[121.935608,7.109512],[121.935441,7.109562],[121.935075,7.110172],[121.934314,7.110978],[121.93375,7.112127],[121.933674,7.112581],[121.932949,7.113639],[121.93252,7.113951],[121.932203,7.114571],[121.931885,7.114717],[121.931714,7.114914],[121.931553,7.11572],[121.930792,7.115826],[121.930278,7.116113],[121.930132,7.116612],[121.92991,7.116965],[121.929855,7.117318],[121.929724,7.11759],[121.929502,7.117696],[121.929139,7.117685],[121.928958,7.1176],[121.928645,7.117035],[121.928368,7.117076],[121.928005,7.117474],[121.925123,7.116983],[121.922502,7.116456],[121.919307,7.116004],[121.915151,7.115312],[121.913657,7.116169],[121.90819,7.116287],[121.907916,7.115184],[121.907224,7.114485],[121.906512,7.114375],[121.905907,7.114368],[121.904874,7.115081],[121.904422,7.115218],[121.903545,7.115287],[121.902154,7.115581],[121.902044,7.115417],[121.901654,7.115287],[121.90151,7.115526],[121.901336,7.116052],[121.901093,7.115401],[121.900077,7.11347],[121.899786,7.113035],[121.899393,7.112582],[121.898662,7.11195],[121.898046,7.110897],[121.897892,7.110152],[121.8978,7.109897],[121.897717,7.109279],[121.897725,7.108754],[121.897658,7.108513],[121.89776,7.107806],[121.898071,7.107143],[121.898509,7.106635],[121.89979,7.105683],[121.900169,7.105459],[121.900748,7.104985],[121.901256,7.104377],[121.901423,7.103978],[121.901604,7.101977],[121.901679,7.10066],[121.901671,7.099032],[121.901424,7.095957],[121.901382,7.094564],[121.901326,7.09381],[121.90115,7.092067],[121.901056,7.09144],[121.900774,7.090082],[121.900335,7.088365],[121.899868,7.087046],[121.898955,7.08479],[121.898436,7.083594],[121.89807,7.082807],[121.897804,7.082005],[121.897595,7.080903],[121.897532,7.079784],[121.898222,7.080042],[121.899214,7.080627],[121.899812,7.08079],[121.902116,7.080709],[121.903857,7.080579],[121.904659,7.080049],[121.905414,7.080022],[121.905822,7.080097],[121.906264,7.080267],[121.906665,7.080253],[121.908235,7.079682],[121.9085,7.079702],[121.909833,7.080192],[121.910846,7.080233],[121.911247,7.080212],[121.911417,7.080389],[121.912076,7.080273],[121.91519,7.081309],[121.917456,7.081548],[121.919024,7.08165],[121.921478,7.081889],[121.922791,7.081667],[121.924461,7.080815],[121.925798,7.08189],[121.927375,7.082076],[121.9307,7.082777],[121.932694,7.082705],[121.933115,7.089676],[121.935998,7.091336],[121.936841,7.096921],[121.935155,7.10089],[121.938247,7.106995]]]}},{"type":"Feature","properties":{"psgc_code":"0931700034","name":"Lamisahan"},"geometry":{"type":"Polygon","coordinates":[[[122.178285,7.081372],[122.175688,7.082342],[122.171554,7.082399],[122.166862,7.082013],[122.154665,7.08199],[122.149782,7.081522],[122.146472,7.081461],[122.141907,7.082459],[122.14032,7.081899],[122.140383,7.081582],[122.140547,7.081418],[122.141499,7.079324],[122.141508,7.078943],[122.141372,7.078335],[122.141417,7.077737],[122.141807,7.077047],[122.142025,7.07683],[122.142605,7.076812],[122.143276,7.076367],[122.143884,7.07654],[122.143975,7.076857],[122.144219,7.077338],[122.144582,7.077492],[122.145027,7.077446],[122.14529,7.077292],[122.145371,7.076866],[122.144963,7.07654],[122.144881,7.075869],[122.145308,7.075288],[122.144467,7.074143],[122.142783,7.072441],[122.140902,7.071153],[122.140926,7.070993],[122.140472,7.070249],[122.140795,7.069467],[122.14141,7.06872],[122.141329,7.068058],[122.141459,7.06754],[122.141332,7.067161],[122.141422,7.066628],[122.141627,7.066007],[122.141873,7.065622],[122.142234,7.065472],[122.142495,7.065649],[122.14278,7.065633],[122.143691,7.065208],[122.144008,7.064673],[122.144043,7.064316],[122.144288,7.063756],[122.144613,7.063681],[122.145774,7.063832],[122.146281,7.063775],[122.146924,7.063965],[122.147217,7.064322],[122.147456,7.064716],[122.147881,7.06486],[122.148571,7.064665],[122.149273,7.064072],[122.149618,7.064008],[122.150304,7.064387],[122.150607,7.064418],[122.151201,7.064256],[122.151417,7.064038],[122.151536,7.063589],[122.15145,7.063158],[122.151488,7.06239],[122.15135,7.062078],[122.151516,7.061617],[122.15154,7.06133],[122.151721,7.060778],[122.15188,7.060636],[122.152433,7.060411],[122.152682,7.060258],[122.152403,7.059439],[122.153382,7.058798],[122.15517,7.058774],[122.15683,7.058823],[122.158443,7.058396],[122.159692,7.059728],[122.161475,7.058797],[122.165914,7.057512],[122.170045,7.057579],[122.170039,7.05722],[122.17015,7.056914],[122.170469,7.05664],[122.170802,7.056575],[122.170834,7.056425],[122.170561,7.055786],[122.170547,7.05546],[122.17086,7.0552],[122.171701,7.055056],[122.172027,7.054711],[122.172027,7.054528],[122.174562,7.05436],[122.178901,7.054032],[122.182829,7.053415],[122.185136,7.052908],[122.188234,7.053187],[122.189892,7.052926],[122.191671,7.055382],[122.192812,7.056802],[122.193172,7.058961],[122.194442,7.061878],[122.195201,7.064385],[122.19531,7.065495],[122.193734,7.066753],[122.192304,7.06755],[122.190086,7.069013],[122.187333,7.069892],[122.181309,7.078332],[122.178285,7.081372]]]}},{"type":"Feature","properties":{"psgc_code":"0931700035","name":"Landang Gua"},"geometry":{"type":"MultiPolygon","coordinates":[[[[122.241471,6.962148],[122.241822,6.961893],[122.242184,6.962148],[122.241471,6.962148]]],[[[122.195364,6.930784],[122.196106,6.930343],[122.196398,6.930072],[122.196405,6.929905],[122.195949,6.929634],[122.195699,6.92926],[122.195325,6.928941],[122.194731,6.928692],[122.194487,6.928645],[122.193919,6.928341],[122.193789,6.928159],[122.193725,6.927751],[122.193837,6.927673],[122.194286,6.927896],[122.194698,6.927965],[122.195311,6.927842],[122.195608,6.927663],[122.195726,6.927463],[122.195529,6.927264],[122.19502,6.927164],[122.194885,6.926982],[122.195176,6.926645],[122.195171,6.925804],[122.195374,6.925676],[122.195584,6.925368],[122.195553,6.924914],[122.195854,6.924646],[122.195582,6.924526],[122.195635,6.9243],[122.196532,6.924019],[122.196831,6.924068],[122.197228,6.924249],[122.197612,6.924245],[122.198454,6.924078],[122.198527,6.923696],[122.19881,6.922843],[122.199281,6.922925],[122.199592,6.922841],[122.199625,6.92232],[122.19977,6.922164],[122.199432,6.921875],[122.199537,6.921651],[122.199903,6.921514],[122.200219,6.921504],[122.199961,6.920935],[122.199671,6.92072],[122.200017,6.920567],[122.199888,6.920268],[122.199657,6.920081],[122.199245,6.919949],[122.198958,6.919595],[122.199098,6.919245],[122.19957,6.919359],[122.199965,6.919519],[122.200556,6.919633],[122.200941,6.919765],[122.201505,6.920198],[122.201568,6.920493],[122.201491,6.921104],[122.20109,6.921648],[122.201053,6.921798],[122.201423,6.922457],[122.201715,6.922508],[122.201993,6.922671],[122.202145,6.922579],[122.202138,6.922326],[122.202279,6.922165],[122.202643,6.922258],[122.202647,6.922552],[122.202909,6.922638],[122.203224,6.922514],[122.203311,6.922798],[122.20309,6.922996],[122.203064,6.9232],[122.203466,6.923341],[122.203907,6.92363],[122.20379,6.923894],[122.203541,6.924104],[122.20371,6.924435],[122.204153,6.924656],[122.204141,6.925313],[122.20448,6.925464],[122.204668,6.925732],[122.204865,6.92561],[122.205038,6.925728],[122.204928,6.925996],[122.205181,6.926117],[122.205166,6.926548],[122.205494,6.92643],[122.206065,6.926765],[122.205857,6.927094],[122.205494,6.927192],[122.205584,6.927387],[122.206007,6.927585],[122.205839,6.927877],[122.205942,6.928516],[122.206105,6.928235],[122.206111,6.927943],[122.206405,6.928031],[122.206453,6.928257],[122.206649,6.928409],[122.20652,6.92864],[122.206636,6.928887],[122.206528,6.929213],[122.206647,6.929286],[122.206873,6.929727],[122.20691,6.930049],[122.207201,6.930464],[122.20737,6.930837],[122.207311,6.931277],[122.207396,6.931818],[122.20724,6.932198],[122.207377,6.933134],[122.207187,6.933351],[122.20696,6.933377],[122.206876,6.933568],[122.207326,6.933774],[122.207292,6.934314],[122.207484,6.934754],[122.207448,6.934926],[122.207137,6.935398],[122.207188,6.935534],[122.207497,6.93548],[122.207915,6.935495],[122.208053,6.935765],[122.207725,6.936078],[122.207645,6.93644],[122.208091,6.936762],[122.208089,6.936957],[122.207869,6.937403],[122.208003,6.937505],[122.208394,6.937484],[122.208756,6.937649],[122.208954,6.937061],[122.209567,6.937454],[122.209514,6.937728],[122.209656,6.937965],[122.209536,6.938214],[122.209765,6.938332],[122.210243,6.938361],[122.21046,6.938447],[122.210683,6.938389],[122.210854,6.938697],[122.211256,6.938744],[122.211369,6.938933],[122.211321,6.939248],[122.211136,6.939421],[122.211285,6.94],[122.211517,6.939947],[122.211729,6.939223],[122.211672,6.939051],[122.211819,6.938863],[122.212127,6.93878],[122.212387,6.938821],[122.212731,6.938632],[122.212461,6.938205],[122.212485,6.938067],[122.212929,6.937852],[122.212999,6.937352],[122.213214,6.937296],[122.21328,6.937632],[122.213032,6.937881],[122.21336,6.938018],[122.21357,6.937955],[122.2137,6.938172],[122.213288,6.938394],[122.213429,6.938721],[122.213713,6.938576],[122.213724,6.938429],[122.214045,6.938244],[122.214257,6.938503],[122.214448,6.938268],[122.214777,6.938271],[122.21523,6.93807],[122.216305,6.937848],[122.216721,6.937826],[122.217086,6.937985],[122.217297,6.937855],[122.218091,6.937989],[122.218756,6.938064],[122.219197,6.938046],[122.219782,6.93783],[122.220081,6.937815],[122.220435,6.937994],[122.220588,6.938191],[122.220767,6.939038],[122.221158,6.939758],[122.221466,6.939809],[122.221539,6.940056],[122.221362,6.940177],[122.221613,6.940432],[122.221757,6.940244],[122.222058,6.940203],[122.222171,6.940412],[122.222149,6.940817],[122.222788,6.940867],[122.223239,6.941111],[122.223363,6.941512],[122.224034,6.942336],[122.224193,6.942361],[122.224486,6.942602],[122.224493,6.943132],[122.224268,6.943644],[122.224022,6.943831],[122.22381,6.943822],[122.223227,6.943462],[122.223089,6.94329],[122.222714,6.943246],[122.222537,6.943415],[122.221701,6.943696],[122.22154,6.943587],[122.221227,6.943665],[122.221057,6.943942],[122.220786,6.944194],[122.220632,6.94446],[122.220689,6.944741],[122.220839,6.944922],[122.220936,6.945359],[122.221147,6.945518],[122.221692,6.945449],[122.221957,6.945334],[122.222434,6.945281],[122.223005,6.945412],[122.223446,6.945442],[122.22384,6.945254],[122.224088,6.945416],[122.224419,6.945477],[122.224613,6.945344],[122.224641,6.944629],[122.224812,6.944365],[122.225189,6.94421],[122.225559,6.944217],[122.225868,6.943965],[122.226071,6.943998],[122.226236,6.944223],[122.226478,6.944901],[122.226449,6.945378],[122.226664,6.945513],[122.226782,6.945304],[122.226975,6.945311],[122.227179,6.945761],[122.227204,6.945968],[122.227454,6.946222],[122.227726,6.946215],[122.227949,6.945695],[122.227708,6.94515],[122.227667,6.944808],[122.228141,6.944972],[122.228509,6.944972],[122.228806,6.94507],[122.228936,6.94532],[122.228628,6.945887],[122.228351,6.946186],[122.228319,6.946603],[122.228544,6.946837],[122.229,6.946132],[122.229079,6.946081],[122.229567,6.946204],[122.229791,6.94661],[122.229892,6.946373],[122.230367,6.946209],[122.230441,6.946104],[122.230322,6.945654],[122.23058,6.945527],[122.231043,6.945456],[122.231191,6.945624],[122.231252,6.946059],[122.231107,6.946294],[122.2314,6.946594],[122.231573,6.946902],[122.231767,6.947009],[122.232109,6.947011],[122.232414,6.946833],[122.232689,6.946769],[122.232933,6.946933],[122.233185,6.946988],[122.233453,6.947504],[122.233328,6.947947],[122.233356,6.948172],[122.23354,6.948422],[122.233883,6.948631],[122.234365,6.949233],[122.234486,6.949502],[122.23446,6.949888],[122.234727,6.949854],[122.234941,6.94963],[122.235271,6.950155],[122.235726,6.950309],[122.236013,6.950333],[122.236346,6.950258],[122.236563,6.950323],[122.236464,6.950812],[122.236849,6.951035],[122.236417,6.951399],[122.236587,6.95164],[122.236923,6.951762],[122.237188,6.951998],[122.23743,6.952093],[122.23775,6.95208],[122.237976,6.951852],[122.238187,6.952027],[122.239084,6.951899],[122.239383,6.952033],[122.239366,6.952422],[122.238992,6.952749],[122.238606,6.953318],[122.238384,6.953755],[122.238581,6.953834],[122.23931,6.953022],[122.239687,6.952512],[122.24008,6.952352],[122.240477,6.952536],[122.241009,6.953005],[122.241398,6.953106],[122.241641,6.953263],[122.242171,6.953329],[122.243128,6.953754],[122.243383,6.954255],[122.243562,6.954357],[122.24364,6.954601],[122.243548,6.955143],[122.243442,6.955336],[122.243116,6.955598],[122.242949,6.955958],[122.242722,6.95692],[122.242769,6.957196],[122.242722,6.957511],[122.242606,6.957683],[122.242215,6.957872],[122.241925,6.957791],[122.241733,6.957604],[122.241445,6.95761],[122.240831,6.95785],[122.24065,6.962203],[122.23616,6.96278],[122.227233,6.962799],[122.224465,6.959122],[122.2174,6.95359],[122.210995,6.947174],[122.207844,6.943438],[122.203938,6.938465],[122.195614,6.931004],[122.195364,6.930784]]],[[[122.244246,6.962465],[122.244666,6.962348],[122.244866,6.962411],[122.245167,6.962763],[122.245075,6.963075],[122.244246,6.962465]]],[[[122.24601,6.963538],[122.247344,6.96272],[122.247228,6.962119],[122.247282,6.961872],[122.247559,6.961618],[122.247809,6.961284],[122.248082,6.960752],[122.248222,6.960233],[122.248542,6.959825],[122.248737,6.9594],[122.248886,6.958807],[122.249443,6.957865],[122.249575,6.957591],[122.24978,6.9566],[122.250022,6.956366],[122.25017,6.956364],[122.250535,6.956135],[122.250937,6.956026],[122.253519,6.956368],[122.254514,6.956348],[122.254762,6.956289],[122.254902,6.955946],[122.255836,6.955632],[122.256115,6.955315],[122.256327,6.955181],[122.256558,6.955244],[122.256768,6.955427],[122.257088,6.955152],[122.257533,6.954994],[122.258354,6.955284],[122.258558,6.95526],[122.258764,6.954974],[122.258804,6.954779],[122.259211,6.954867],[122.259338,6.954722],[122.259699,6.954749],[122.260186,6.954621],[122.260459,6.954484],[122.26069,6.95477],[122.260783,6.954465],[122.261137,6.954059],[122.261669,6.953891],[122.261864,6.95415],[122.262095,6.954286],[122.262616,6.954318],[122.262293,6.953843],[122.262569,6.953864],[122.262942,6.95404],[122.263285,6.953739],[122.26379,6.953612],[122.264148,6.9534],[122.264987,6.953408],[122.265473,6.953487],[122.266456,6.954132],[122.267125,6.954165],[122.267536,6.954389],[122.267988,6.954433],[122.268204,6.954636],[122.269903,6.955352],[122.270397,6.955731],[122.271136,6.956362],[122.271683,6.956764],[122.271859,6.956976],[122.271909,6.957362],[122.272629,6.957568],[122.272884,6.957861],[122.273336,6.958684],[122.273242,6.958984],[122.273375,6.95908],[122.27371,6.959075],[122.274245,6.959541],[122.274359,6.959762],[122.274535,6.960441],[122.274713,6.961351],[122.275399,6.96213],[122.27559,6.962221],[122.275725,6.96246],[122.275856,6.963028],[122.276253,6.963624],[122.276469,6.963773],[122.2768,6.964277],[122.277005,6.964897],[122.277443,6.965476],[122.278219,6.966109],[122.278574,6.96666],[122.278551,6.966817],[122.279044,6.968075],[122.279256,6.968556],[122.27934,6.969126],[122.279469,6.969469],[122.279464,6.970172],[122.278842,6.970444],[122.27619,6.973083],[122.275207,6.975219],[122.270978,6.97855],[122.267999,6.975646],[122.264678,6.97474],[122.258764,6.971539],[122.255546,6.969969],[122.252997,6.967324],[122.25118,6.966875],[122.249872,6.964717],[122.249086,6.964314],[122.246863,6.96395],[122.24601,6.963538]]]]}},{"type":"Feature","properties":{"psgc_code":"0931700036","name":"Landang Laum"},"geometry":{"type":"Polygon","coordinates":[[[122.258482,6.98491],[122.257281,6.983108],[122.255767,6.982178],[122.25367,6.981893],[122.250767,6.981601],[122.248879,6.981365],[122.246925,6.981403],[122.246073,6.981483],[122.243835,6.981933],[122.24151,6.983768],[122.23992,6.985181],[122.23868,6.98716],[122.237673,6.989965],[122.232563,6.991711],[122.232209,6.991585],[122.231223,6.991439],[122.230279,6.991355],[122.229555,6.99132],[122.228954,6.991334],[122.228649,6.991224],[122.228267,6.990929],[122.227556,6.99059],[122.227141,6.990197],[122.22689,6.990072],[122.226239,6.990229],[122.225033,6.989936],[122.224661,6.989792],[122.2245,6.989527],[122.224561,6.989222],[122.22492,6.988899],[122.225146,6.988825],[122.225694,6.988792],[122.226444,6.988931],[122.227,6.9892],[122.22744,6.989316],[122.228052,6.989292],[122.228494,6.989221],[122.228949,6.989003],[122.22917,6.989039],[122.229625,6.988824],[122.230098,6.988979],[122.230212,6.989145],[122.230644,6.989455],[122.230874,6.989529],[122.23122,6.989493],[122.231423,6.989314],[122.231461,6.989078],[122.231351,6.988893],[122.230959,6.988661],[122.230974,6.988472],[122.230756,6.988235],[122.230609,6.988261],[122.230582,6.988628],[122.230443,6.98862],[122.230365,6.988146],[122.229932,6.988062],[122.229819,6.987891],[122.229139,6.987301],[122.22885,6.987165],[122.228762,6.987372],[122.228196,6.987046],[122.227812,6.987154],[122.227531,6.98713],[122.226826,6.986751],[122.22672,6.987023],[122.226342,6.987114],[122.226162,6.987244],[122.225725,6.987153],[122.225725,6.986879],[122.225895,6.9868],[122.22595,6.986514],[122.225777,6.986397],[122.225278,6.986643],[122.225167,6.986413],[122.225463,6.986153],[122.225432,6.985895],[122.225822,6.985888],[122.22612,6.985633],[122.225967,6.98526],[122.225974,6.984936],[122.22578,6.984784],[122.22548,6.984899],[122.224958,6.984923],[122.224506,6.984674],[122.224337,6.984338],[122.224305,6.983492],[122.224172,6.98371],[122.223985,6.983731],[122.223816,6.983087],[122.223695,6.982989],[122.223449,6.983083],[122.223419,6.983467],[122.223519,6.983748],[122.223473,6.984102],[122.223203,6.984183],[122.223092,6.984382],[122.222907,6.984435],[122.222685,6.984266],[122.222684,6.984043],[122.222911,6.983641],[122.222826,6.983391],[122.2229,6.983127],[122.22286,6.982651],[122.223292,6.982219],[122.223249,6.981758],[122.223381,6.981382],[122.224024,6.980487],[122.223782,6.980487],[122.223812,6.980058],[122.223735,6.979556],[122.223822,6.978992],[122.223078,6.978318],[122.222691,6.978756],[122.222321,6.979398],[122.222007,6.980466],[122.221861,6.980723],[122.221478,6.980804],[122.221343,6.980582],[122.221396,6.980142],[122.221768,6.979574],[122.221678,6.979317],[122.221389,6.979234],[122.221203,6.978941],[122.221,6.978906],[122.22066,6.979017],[122.220154,6.979024],[122.219879,6.978917],[122.219752,6.979001],[122.219679,6.979309],[122.219292,6.979519],[122.219346,6.979705],[122.219164,6.979871],[122.219248,6.980059],[122.219541,6.980203],[122.219358,6.980484],[122.219142,6.98063],[122.218702,6.980482],[122.218544,6.980533],[122.218349,6.980782],[122.218126,6.980895],[122.217887,6.980873],[122.217685,6.980707],[122.217257,6.979915],[122.217171,6.97947],[122.216948,6.979394],[122.216863,6.979779],[122.216933,6.980259],[122.216744,6.980628],[122.216714,6.98095],[122.216398,6.981168],[122.215343,6.981043],[122.215079,6.980864],[122.214147,6.979906],[122.213863,6.979525],[122.213466,6.979092],[122.212882,6.978252],[122.212641,6.977779],[122.212448,6.977045],[122.212542,6.976611],[122.212725,6.976307],[122.212894,6.976191],[122.2134,6.976259],[122.213948,6.976202],[122.214115,6.976052],[122.213993,6.975864],[122.213638,6.975811],[122.213534,6.975541],[122.213743,6.975204],[122.213605,6.97495],[122.213332,6.974846],[122.213026,6.974588],[122.212784,6.974295],[122.212513,6.974199],[122.212211,6.974642],[122.21183,6.974811],[122.210589,6.974155],[122.210234,6.973816],[122.209828,6.973316],[122.209525,6.972804],[122.209114,6.972289],[122.208759,6.97195],[122.208827,6.971623],[122.209633,6.971889],[122.210062,6.971547],[122.210996,6.971604],[122.211188,6.971481],[122.211801,6.971243],[122.21291,6.971015],[122.213397,6.970828],[122.213704,6.970635],[122.213848,6.970303],[122.21375,6.969992],[122.213539,6.969847],[122.213472,6.969606],[122.213598,6.969484],[122.213995,6.969423],[122.214114,6.969212],[122.21391,6.968943],[122.213835,6.968707],[122.213931,6.968321],[122.213809,6.96799],[122.213343,6.967642],[122.213299,6.967516],[122.212909,6.967454],[122.212406,6.967617],[122.212256,6.967527],[122.212156,6.967232],[122.211869,6.966774],[122.211466,6.966466],[122.211463,6.966194],[122.211256,6.965909],[122.211204,6.965689],[122.211188,6.964969],[122.211263,6.964192],[122.211176,6.963438],[122.21109,6.961766],[122.210997,6.961199],[122.210625,6.960213],[122.210422,6.959119],[122.210096,6.958584],[122.210369,6.958182],[122.210383,6.957964],[122.210261,6.957684],[122.209757,6.957615],[122.209711,6.957358],[122.209985,6.95706],[122.20982,6.956893],[122.209588,6.956862],[122.209516,6.956435],[122.209615,6.956228],[122.209559,6.956011],[122.209206,6.956011],[122.209071,6.955807],[122.208796,6.955893],[122.208671,6.955777],[122.20828,6.95568],[122.208316,6.955286],[122.208161,6.95502],[122.207863,6.955074],[122.20782,6.955443],[122.207651,6.955499],[122.207317,6.955438],[122.207059,6.955137],[122.206735,6.955282],[122.206454,6.955098],[122.206182,6.955105],[122.206002,6.954945],[122.2061,6.954733],[122.205981,6.954335],[122.205236,6.953831],[122.205044,6.953598],[122.204868,6.953072],[122.204841,6.952749],[122.204484,6.952453],[122.204349,6.952244],[122.204024,6.952074],[122.203854,6.952218],[122.203881,6.952492],[122.203797,6.952747],[122.203982,6.952961],[122.203997,6.953319],[122.203886,6.953503],[122.203942,6.953813],[122.203859,6.953984],[122.203548,6.954202],[122.203541,6.954558],[122.203778,6.955333],[122.203478,6.955247],[122.203313,6.954645],[122.203023,6.954609],[122.202883,6.954966],[122.202739,6.95509],[122.202102,6.955252],[122.201861,6.955549],[122.201677,6.956185],[122.201437,6.956293],[122.201209,6.956176],[122.201197,6.955898],[122.200894,6.955374],[122.200966,6.955133],[122.200681,6.954946],[122.200323,6.955652],[122.200025,6.955591],[122.200213,6.955099],[122.200224,6.954858],[122.200384,6.954594],[122.200445,6.954144],[122.200683,6.953906],[122.200684,6.953617],[122.200558,6.953405],[122.200348,6.953311],[122.199994,6.95329],[122.199456,6.953421],[122.198847,6.953654],[122.1986,6.953444],[122.19863,6.953037],[122.198819,6.952765],[122.198749,6.952567],[122.198365,6.952136],[122.198401,6.951888],[122.198636,6.951566],[122.198483,6.951259],[122.198385,6.950775],[122.198556,6.95022],[122.198419,6.949695],[122.198444,6.949443],[122.198688,6.948861],[122.198506,6.948445],[122.198622,6.948144],[122.199113,6.947767],[122.199378,6.947657],[122.199785,6.947817],[122.200167,6.947715],[122.200419,6.947162],[122.200459,6.946799],[122.20066,6.946495],[122.200927,6.946554],[122.201048,6.946198],[122.200933,6.94595],[122.200727,6.945801],[122.200658,6.945508],[122.200778,6.945192],[122.200815,6.94481],[122.200731,6.94421],[122.20095,6.94379],[122.201728,6.942603],[122.20195,6.942158],[122.202304,6.94168],[122.20239,6.941482],[122.202344,6.941167],[122.201874,6.940344],[122.201835,6.939949],[122.20217,6.939422],[122.202261,6.938965],[122.202045,6.938762],[122.20161,6.938734],[122.201401,6.938655],[122.201203,6.93843],[122.201002,6.937966],[122.200565,6.937413],[122.200518,6.937143],[122.200878,6.936769],[122.201067,6.936347],[122.201002,6.936094],[122.200705,6.936038],[122.200119,6.93615],[122.199824,6.936119],[122.199173,6.935524],[122.198878,6.935179],[122.198538,6.935007],[122.197731,6.934872],[122.197455,6.934873],[122.196973,6.93503],[122.196775,6.935009],[122.196486,6.934828],[122.196331,6.93432],[122.196356,6.933859],[122.196256,6.933609],[122.195937,6.933226],[122.195721,6.932464],[122.195344,6.931931],[122.195235,6.931675],[122.195168,6.931037],[122.195364,6.930784],[122.195614,6.931004],[122.203938,6.938465],[122.207844,6.943438],[122.210995,6.947174],[122.2174,6.95359],[122.224465,6.959122],[122.227233,6.962799],[122.23616,6.96278],[122.24065,6.962203],[122.24085,6.962335],[122.241063,6.962204],[122.241318,6.962267],[122.241471,6.962148],[122.242184,6.962148],[122.241996,6.962616],[122.242039,6.962963],[122.242386,6.96301],[122.242667,6.962405],[122.242895,6.96225],[122.243303,6.96222],[122.244059,6.962493],[122.244246,6.962465],[122.245075,6.963075],[122.244679,6.963059],[122.244076,6.963302],[122.244025,6.963477],[122.244366,6.963756],[122.244156,6.963886],[122.244727,6.964325],[122.24601,6.963538],[122.246863,6.96395],[122.249086,6.964314],[122.249872,6.964717],[122.25118,6.966875],[122.252997,6.967324],[122.255546,6.969969],[122.258764,6.971539],[122.264678,6.97474],[122.267999,6.975646],[122.270978,6.97855],[122.265938,6.980814],[122.262307,6.982352],[122.258482,6.98491]]]}},{"type":"Feature","properties":{"psgc_code":"0931700037","name":"Lanzones"},"geometry":{"type":"Polygon","coordinates":[[[122.13944,7.016263],[122.13829,7.017424],[122.138106,7.02056],[122.133505,7.020145],[122.128956,7.018628],[122.128931,7.018333],[122.128695,7.018088],[122.128315,7.017986],[122.12785,7.017573],[122.127622,7.017201],[122.127707,7.016711],[122.125892,7.015682],[122.125047,7.014353],[122.123689,7.012086],[122.122051,7.01066],[122.120972,7.009659],[122.11995,7.008509],[122.118352,7.007387],[122.114836,7.006344],[122.116049,7.003229],[122.116993,7.001047],[122.118773,6.998632],[122.119686,6.997054],[122.120573,6.994189],[122.121504,6.992646],[122.122103,6.991026],[122.122156,6.990657],[122.122745,6.990239],[122.123766,6.989657],[122.124023,6.988797],[122.123408,6.988225],[122.122993,6.987612],[122.123046,6.987348],[122.123237,6.987065],[122.123852,6.986551],[122.123523,6.985793],[122.12364,6.985357],[122.124034,6.985098],[122.124593,6.985092],[122.125205,6.985334],[122.125852,6.985416],[122.126188,6.985181],[122.126564,6.984398],[122.126882,6.984198],[122.127005,6.984304],[122.128264,6.984645],[122.128406,6.984181],[122.128123,6.983533],[122.128117,6.98331],[122.128276,6.983139],[122.129059,6.983086],[122.129459,6.982775],[122.129747,6.98241],[122.130429,6.981927],[122.131094,6.980698],[122.131388,6.979915],[122.13213,6.979198],[122.132426,6.97885],[122.132869,6.979],[122.133023,6.979125],[122.133408,6.979105],[122.134028,6.978956],[122.134481,6.978644],[122.134736,6.978331],[122.135443,6.97798],[122.135654,6.977595],[122.135828,6.97759],[122.136525,6.977985],[122.136785,6.977999],[122.137943,6.980417],[122.137774,6.983607],[122.137652,6.983947],[122.137243,6.984459],[122.137236,6.984599],[122.138446,6.984996],[122.138762,6.985245],[122.138291,6.985729],[122.137097,6.989437],[122.136452,6.991138],[122.136452,6.991343],[122.135282,6.993947],[122.135822,6.994161],[122.136344,6.994148],[122.136563,6.994212],[122.137254,6.994207],[122.138036,6.994253],[122.139253,6.994459],[122.140301,6.994774],[122.140676,6.994829],[122.140973,6.994216],[122.141403,6.993571],[122.141984,6.993882],[122.142474,6.994079],[122.14284,6.994322],[122.143137,6.994623],[122.143549,6.994724],[122.143727,6.994358],[122.143947,6.994193],[122.144533,6.994262],[122.145493,6.994457],[122.146372,6.994859],[122.146704,6.995362],[122.147111,6.996481],[122.147457,6.99759],[122.146765,7.000357],[122.146443,7.003124],[122.143915,7.006845],[122.143068,7.009147],[122.14252,7.010471],[122.140969,7.011652],[122.13944,7.016263]]]}},{"type":"Feature","properties":{"psgc_code":"0931700038","name":"Lapakan"},"geometry":{"type":"Polygon","coordinates":[[[122.172027,7.054528],[122.172027,7.054711],[122.171701,7.055056],[122.17086,7.0552],[122.170547,7.05546],[122.170561,7.055786],[122.170834,7.056425],[122.170802,7.056575],[122.170469,7.05664],[122.17015,7.056914],[122.170039,7.05722],[122.170045,7.057579],[122.165914,7.057512],[122.161475,7.058797],[122.159692,7.059728],[122.158443,7.058396],[122.15683,7.058823],[122.15517,7.058774],[122.153382,7.058798],[122.152403,7.059439],[122.152682,7.060258],[122.152433,7.060411],[122.15188,7.060636],[122.151721,7.060778],[122.15154,7.06133],[122.151516,7.061617],[122.15135,7.062078],[122.151488,7.06239],[122.15145,7.063158],[122.151536,7.063589],[122.151417,7.064038],[122.151201,7.064256],[122.150607,7.064418],[122.150304,7.064387],[122.149618,7.064008],[122.149273,7.064072],[122.148571,7.064665],[122.147881,7.06486],[122.147456,7.064716],[122.147217,7.064322],[122.146924,7.063965],[122.146281,7.063775],[122.145774,7.063832],[122.144613,7.063681],[122.144288,7.063756],[122.144043,7.064316],[122.144008,7.064673],[122.143691,7.065208],[122.14278,7.065633],[122.142495,7.065649],[122.142234,7.065472],[122.141873,7.065622],[122.141627,7.066007],[122.141422,7.066628],[122.141332,7.067161],[122.141459,7.06754],[122.141329,7.068058],[122.14141,7.06872],[122.140795,7.069467],[122.140472,7.070249],[122.140926,7.070993],[122.140902,7.071153],[122.139744,7.070257],[122.138749,7.068522],[122.138991,7.067299],[122.139731,7.064919],[122.144396,7.05895],[122.144622,7.058635],[122.145233,7.058141],[122.145705,7.057856],[122.146146,7.057376],[122.146779,7.056776],[122.146946,7.056454],[122.146935,7.056202],[122.146547,7.055686],[122.146446,7.055463],[122.14658,7.055097],[122.146892,7.05511],[122.14746,7.055505],[122.147752,7.055407],[122.147751,7.055264],[122.147496,7.05477],[122.147525,7.054588],[122.147766,7.054543],[122.148092,7.054685],[122.148528,7.054769],[122.149062,7.054702],[122.149271,7.054396],[122.149255,7.05416],[122.149105,7.05397],[122.148835,7.054002],[122.148444,7.053863],[122.148301,7.053504],[122.148605,7.053547],[122.149146,7.053079],[122.148646,7.052331],[122.148567,7.052157],[122.148705,7.051818],[122.148643,7.051721],[122.148159,7.051768],[122.14754,7.051757],[122.147279,7.051943],[122.147049,7.052317],[122.146694,7.052046],[122.146616,7.05169],[122.146821,7.051555],[122.147355,7.051457],[122.147764,7.051086],[122.147838,7.050862],[122.147492,7.050442],[122.147404,7.050184],[122.147411,7.04988],[122.14725,7.049591],[122.147093,7.049098],[122.146889,7.048884],[122.146933,7.048656],[122.14735,7.048398],[122.147531,7.048107],[122.147538,7.047772],[122.147417,7.04755],[122.147427,7.047294],[122.147643,7.046978],[122.148039,7.046775],[122.14889,7.046542],[122.148784,7.04591],[122.148918,7.045549],[122.14903,7.044683],[122.149596,7.044705],[122.150066,7.044798],[122.150224,7.044706],[122.150184,7.044194],[122.149989,7.04367],[122.150146,7.042983],[122.150318,7.042643],[122.150783,7.042254],[122.150712,7.042128],[122.149904,7.042249],[122.149634,7.041992],[122.149658,7.041494],[122.149701,7.041299],[122.150366,7.040708],[122.150784,7.040622],[122.151492,7.040821],[122.151767,7.040741],[122.151878,7.040413],[122.152674,7.039751],[122.153043,7.03952],[122.152984,7.03926],[122.15251,7.039083],[122.152151,7.039181],[122.15201,7.039024],[122.15209,7.038843],[122.152585,7.038736],[122.153011,7.038575],[122.153067,7.038287],[122.152993,7.037916],[122.152507,7.037099],[122.152538,7.036884],[122.152421,7.036284],[122.152067,7.035245],[122.151823,7.034863],[122.151846,7.034647],[122.152203,7.034528],[122.152125,7.034301],[122.151555,7.034066],[122.150974,7.033906],[122.150889,7.033675],[122.150944,7.033381],[122.151283,7.032967],[122.151593,7.032677],[122.151712,7.032472],[122.152095,7.032375],[122.152077,7.032204],[122.151719,7.03172],[122.151499,7.031563],[122.15125,7.03125],[122.15109,7.030476],[122.151324,7.030122],[122.151775,7.030114],[122.152166,7.030528],[122.152594,7.030658],[122.152639,7.030438],[122.152457,7.03007],[122.152643,7.029753],[122.152989,7.029749],[122.153198,7.03004],[122.153332,7.030457],[122.153552,7.03064],[122.153816,7.030669],[122.153965,7.030554],[122.15401,7.029984],[122.154349,7.029533],[122.154464,7.02918],[122.154844,7.029038],[122.155108,7.028375],[122.155254,7.027749],[122.154997,7.027355],[122.155105,7.027112],[122.155518,7.026945],[122.155954,7.026908],[122.156207,7.026796],[122.156341,7.026513],[122.156263,7.025738],[122.156133,7.024807],[122.156189,7.024528],[122.156487,7.024263],[122.15687,7.024315],[122.157127,7.024468],[122.157552,7.024412],[122.157611,7.024122],[122.157351,7.023511],[122.157429,7.023243],[122.157682,7.022896],[122.157678,7.022583],[122.157783,7.022323],[122.158434,7.02192],[122.158837,7.02185],[122.159582,7.022181],[122.159883,7.022431],[122.160632,7.022084],[122.160842,7.021424],[122.160867,7.020905],[122.161758,7.020699],[122.162105,7.02066],[122.162629,7.020498],[122.163065,7.020116],[122.163506,7.019803],[122.164074,7.019695],[122.164955,7.019348],[122.165341,7.018937],[122.165596,7.018462],[122.166154,7.017727],[122.166139,7.017443],[122.165856,7.017052],[122.165513,7.016792],[122.165185,7.016322],[122.165234,7.016043],[122.165479,7.015838],[122.166007,7.015514],[122.166321,7.015387],[122.166502,7.015015],[122.16704,7.014408],[122.167833,7.014153],[122.168029,7.013781],[122.167819,7.01337],[122.168103,7.01268],[122.168019,7.012322],[122.16907,7.01322],[122.170008,7.014216],[122.170938,7.015145],[122.172203,7.016293],[122.173544,7.01773],[122.174268,7.018287],[122.174577,7.018786],[122.177406,7.020394],[122.177321,7.02145],[122.177393,7.022258],[122.177275,7.023066],[122.177047,7.02409],[122.176838,7.024357],[122.17603,7.024911],[122.17575,7.02527],[122.175632,7.026293],[122.175874,7.027519],[122.175789,7.027995],[122.175802,7.028288],[122.175991,7.028647],[122.175659,7.029514],[122.175632,7.029794],[122.175893,7.031424],[122.176056,7.0319],[122.176121,7.032258],[122.176323,7.032773],[122.176098,7.033577],[122.17605,7.034377],[122.175945,7.035023],[122.175952,7.036157],[122.17532,7.036346],[122.174772,7.036626],[122.173396,7.037154],[122.173123,7.037324],[122.169413,7.038518],[122.167733,7.039499],[122.168388,7.042793],[122.168813,7.044043],[122.168338,7.04508],[122.169126,7.047474],[122.169081,7.047865],[122.16927,7.048478],[122.169602,7.049039],[122.170052,7.049606],[122.170248,7.050251],[122.170456,7.051184],[122.170821,7.05192],[122.171271,7.052429],[122.172119,7.052553],[122.172184,7.052859],[122.172073,7.053081],[122.171708,7.053335],[122.171323,7.053681],[122.171304,7.053863],[122.17189,7.054313],[122.172027,7.054528]]]}},{"type":"Feature","properties":{"psgc_code":"0931700039","name":"Latuan"},"geometry":{"type":"Polygon","coordinates":[[[122.19224,7.268452],[122.190848,7.268905],[122.188317,7.268795],[122.186229,7.268302],[122.187563,7.260405],[122.189904,7.254694],[122.192325,7.250873],[122.189452,7.246396],[122.18797,7.241467],[122.185611,7.238775],[122.183252,7.235055],[122.182194,7.233119],[122.182254,7.229702],[122.184462,7.226496],[122.188515,7.227403],[122.193354,7.227101],[122.199312,7.222443],[122.202669,7.222776],[122.205482,7.221415],[122.211258,7.218783],[122.21466,7.217737],[122.219061,7.217241],[122.22263,7.217362],[122.226396,7.217149],[122.228285,7.217567],[122.230381,7.217915],[122.23126,7.218426],[122.233679,7.219716],[122.233824,7.220527],[122.233573,7.220903],[122.233457,7.221338],[122.232964,7.221637],[122.232452,7.221772],[122.232404,7.222033],[122.232559,7.222381],[122.232491,7.223066],[122.232704,7.223105],[122.233186,7.223588],[122.233302,7.223955],[122.233099,7.224225],[122.232626,7.225364],[122.232269,7.22577],[122.231921,7.225886],[122.232037,7.226417],[122.232288,7.226832],[122.232539,7.227517],[122.232501,7.228358],[122.233032,7.228473],[122.228719,7.230247],[122.220411,7.235757],[122.214978,7.239629],[122.211927,7.240654],[122.207817,7.244065],[122.200908,7.2494],[122.195923,7.251324],[122.194742,7.251292],[122.194723,7.251781],[122.194948,7.25293],[122.195261,7.253329],[122.195272,7.254278],[122.195546,7.255207],[122.195655,7.255949],[122.195886,7.256783],[122.196206,7.257149],[122.19625,7.257721],[122.196194,7.25807],[122.196379,7.258596],[122.196827,7.259166],[122.197059,7.259662],[122.197287,7.261032],[122.197194,7.261332],[122.197362,7.262074],[122.197181,7.262745],[122.197179,7.263013],[122.197331,7.263745],[122.197283,7.26409],[122.197039,7.265017],[122.196392,7.26575],[122.195886,7.265895],[122.195348,7.26666],[122.194307,7.266766],[122.194031,7.266921],[122.193917,7.267504],[122.193664,7.267622],[122.193612,7.268342],[122.19224,7.268452]]]}},{"type":"Feature","properties":{"psgc_code":"0931700040","name":"Limaong"},"geometry":{"type":"MultiPolygon","coordinates":[[[[122.324479,7.319385],[122.324375,7.319489],[122.323983,7.319256],[122.323817,7.319325],[122.32349,7.319254],[122.32326,7.319],[122.323331,7.318818],[122.322989,7.318745],[122.323068,7.318481],[122.323633,7.31835],[122.324352,7.3184],[122.324595,7.31827],[122.325018,7.318331],[122.325136,7.318176],[122.325808,7.317793],[122.3262,7.317792],[122.326454,7.318021],[122.326267,7.318617],[122.325864,7.319041],[122.325286,7.319004],[122.325038,7.319274],[122.324479,7.319385]]],[[[122.327962,7.319717],[122.327496,7.319613],[122.327303,7.31967],[122.327031,7.319543],[122.327075,7.319193],[122.327343,7.318831],[122.327541,7.318716],[122.327762,7.318815],[122.32791,7.318697],[122.328334,7.318666],[122.328598,7.318883],[122.328625,7.319156],[122.328443,7.319632],[122.327962,7.319717]]],[[[122.348403,7.415712],[122.347078,7.415406],[122.344708,7.415471],[122.342062,7.415389],[122.340544,7.415023],[122.339307,7.413951],[122.338871,7.412205],[122.338246,7.410823],[122.33686,7.410306],[122.335501,7.408975],[122.335632,7.407801],[122.335987,7.405976],[122.336183,7.40454],[122.336357,7.403687],[122.335604,7.403117],[122.330759,7.400322],[122.325164,7.392994],[122.32487,7.392152],[122.324414,7.391523],[122.323566,7.390951],[122.323593,7.390278],[122.324394,7.388697],[122.324512,7.387546],[122.324309,7.386759],[122.323996,7.385694],[122.323498,7.385444],[122.323129,7.385014],[122.322168,7.385309],[122.321557,7.384712],[122.31994,7.384843],[122.319066,7.384997],[122.317287,7.387589],[122.316784,7.387557],[122.316524,7.386889],[122.315913,7.386592],[122.3144,7.387436],[122.314156,7.386679],[122.313398,7.386208],[122.313202,7.385461],[122.313024,7.38507],[122.312581,7.385476],[122.311436,7.385321],[122.311788,7.384645],[122.312952,7.383955],[122.313546,7.382721],[122.31309,7.382546],[122.312816,7.381501],[122.313006,7.380541],[122.312954,7.379462],[122.313789,7.379483],[122.314821,7.379008],[122.314933,7.378516],[122.314771,7.377727],[122.313845,7.377356],[122.313608,7.37658],[122.316116,7.375739],[122.315576,7.375195],[122.315758,7.37481],[122.317369,7.374219],[122.318583,7.373183],[122.319187,7.374422],[122.318249,7.375595],[122.31847,7.376315],[122.319538,7.376369],[122.321135,7.3747],[122.321902,7.375225],[122.321422,7.376919],[122.32191,7.377303],[122.32341,7.375912],[122.324312,7.375718],[122.32526,7.376381],[122.325544,7.3759],[122.325293,7.37518],[122.324434,7.374693],[122.323576,7.373706],[122.323789,7.37289],[122.323118,7.372684],[122.323874,7.371553],[122.323834,7.371156],[122.322553,7.370446],[122.322847,7.370043],[122.325198,7.369841],[122.325195,7.369323],[122.323556,7.368299],[122.32364,7.367789],[122.325265,7.367492],[122.325099,7.366909],[122.324491,7.366593],[122.322912,7.36722],[122.322026,7.36691],[122.321716,7.366008],[122.320961,7.365498],[122.320275,7.364098],[122.321034,7.363836],[122.321631,7.361447],[122.322374,7.361271],[122.323457,7.363285],[122.32401,7.363031],[122.324674,7.361013],[122.323665,7.359548],[122.323936,7.359049],[122.32889,7.35799],[122.326816,7.355347],[122.324745,7.352332],[122.324524,7.352175],[122.324551,7.35173],[122.324438,7.34979],[122.325194,7.346991],[122.324332,7.344189],[122.323204,7.343575],[122.32156,7.342818],[122.320559,7.337418],[122.318951,7.335615],[122.317986,7.334752],[122.318931,7.333816],[122.318508,7.333348],[122.318344,7.333363],[122.318072,7.333097],[122.318042,7.332897],[122.317546,7.332652],[122.317202,7.33233],[122.317017,7.332049],[122.316713,7.331838],[122.316317,7.331288],[122.316282,7.330991],[122.316032,7.330903],[122.315712,7.330572],[122.315748,7.33033],[122.315506,7.330157],[122.31518,7.329565],[122.315127,7.329047],[122.315655,7.32861],[122.315765,7.328437],[122.315287,7.328205],[122.31515,7.327965],[122.315266,7.327792],[122.315541,7.327765],[122.315234,7.327374],[122.315098,7.327104],[122.314891,7.326937],[122.314907,7.326248],[122.314743,7.325569],[122.313991,7.324485],[122.314019,7.32428],[122.313742,7.323862],[122.313849,7.323376],[122.313668,7.322775],[122.313075,7.32213],[122.313165,7.321998],[122.312874,7.321664],[122.312975,7.321402],[122.312819,7.321147],[122.312619,7.321042],[122.312625,7.320776],[122.312373,7.320576],[122.312302,7.320366],[122.311613,7.320085],[122.31134,7.319877],[122.311069,7.319547],[122.310944,7.319147],[122.311036,7.318922],[122.311483,7.31896],[122.311993,7.319393],[122.312143,7.319143],[122.312361,7.31916],[122.312931,7.319513],[122.312924,7.319786],[122.313163,7.319972],[122.313259,7.32039],[122.313487,7.320569],[122.313599,7.320973],[122.314316,7.321218],[122.314276,7.320916],[122.314981,7.320733],[122.315706,7.32064],[122.316082,7.320664],[122.316342,7.320847],[122.316635,7.320899],[122.316741,7.321064],[122.317112,7.321119],[122.317686,7.321007],[122.317762,7.321345],[122.317977,7.321309],[122.318004,7.321551],[122.317826,7.321817],[122.318549,7.322173],[122.31856,7.321928],[122.31881,7.32156],[122.31937,7.321723],[122.319645,7.322129],[122.320141,7.322364],[122.320507,7.322714],[122.321137,7.32344],[122.321723,7.32379],[122.321659,7.324047],[122.322146,7.324339],[122.322211,7.324494],[122.322631,7.324911],[122.322546,7.325119],[122.323113,7.325378],[122.323276,7.325524],[122.323497,7.326107],[122.323493,7.326265],[122.323998,7.326862],[122.324095,7.3268],[122.324442,7.327289],[122.324402,7.327503],[122.32492,7.327605],[122.32492,7.327783],[122.325137,7.327902],[122.325016,7.328203],[122.325188,7.32862],[122.325368,7.328718],[122.325614,7.328431],[122.325912,7.328249],[122.326523,7.328342],[122.326876,7.328795],[122.326936,7.329092],[122.327466,7.329128],[122.328356,7.329816],[122.328592,7.330168],[122.328597,7.329574],[122.328934,7.329388],[122.32899,7.329258],[122.32967,7.328894],[122.32996,7.328791],[122.330236,7.328896],[122.330324,7.328426],[122.330763,7.327747],[122.330891,7.327665],[122.331011,7.327336],[122.331455,7.327102],[122.331933,7.327243],[122.3322,7.327448],[122.332631,7.327671],[122.332781,7.327931],[122.333135,7.32817],[122.333324,7.328676],[122.333454,7.328797],[122.334067,7.329],[122.334115,7.328845],[122.333912,7.328624],[122.333834,7.328062],[122.333719,7.327699],[122.333831,7.32731],[122.334205,7.326846],[122.334488,7.326793],[122.334851,7.326943],[122.334844,7.327101],[122.335119,7.327314],[122.335339,7.326594],[122.335585,7.326253],[122.335198,7.32613],[122.334789,7.326311],[122.334515,7.326116],[122.334454,7.325936],[122.334094,7.32535],[122.333801,7.324666],[122.333948,7.324324],[122.333814,7.324022],[122.333942,7.32345],[122.334424,7.32358],[122.334701,7.323754],[122.335159,7.323583],[122.335604,7.323652],[122.336122,7.32384],[122.336619,7.323699],[122.336896,7.323345],[122.336792,7.323146],[122.336155,7.322809],[122.336089,7.322509],[122.335923,7.322309],[122.335685,7.32227],[122.335185,7.321995],[122.335037,7.321782],[122.334707,7.321755],[122.334366,7.32197],[122.334091,7.322028],[122.333957,7.321707],[122.333682,7.321762],[122.333859,7.322401],[122.333735,7.322706],[122.333246,7.322283],[122.333178,7.322105],[122.332907,7.321969],[122.332757,7.321758],[122.331895,7.321586],[122.33171,7.32142],[122.331527,7.321488],[122.330967,7.321515],[122.330534,7.321383],[122.330268,7.321035],[122.330132,7.320649],[122.330003,7.320506],[122.329635,7.320389],[122.329492,7.320178],[122.329348,7.319662],[122.329052,7.319012],[122.328767,7.318536],[122.328103,7.3181],[122.328142,7.317989],[122.32788,7.317753],[122.327694,7.317891],[122.327467,7.317637],[122.327483,7.317235],[122.328579,7.317151],[122.329636,7.317175],[122.33179,7.3164],[122.333816,7.315359],[122.334724,7.314448],[122.334889,7.314423],[122.335294,7.314577],[122.335555,7.315104],[122.335694,7.315225],[122.335583,7.315444],[122.33584,7.315983],[122.33585,7.316271],[122.33623,7.31641],[122.336495,7.316715],[122.336935,7.316474],[122.337054,7.31629],[122.337039,7.316017],[122.337217,7.315997],[122.337282,7.315488],[122.337632,7.315181],[122.337662,7.314892],[122.337547,7.314633],[122.337721,7.314394],[122.337478,7.314255],[122.33737,7.31399],[122.337981,7.3133],[122.338216,7.31323],[122.338977,7.313456],[122.339395,7.313709],[122.339507,7.31358],[122.339908,7.313779],[122.340153,7.313722],[122.340436,7.313993],[122.340705,7.314066],[122.340882,7.314362],[122.341288,7.314448],[122.341357,7.314546],[122.341501,7.315246],[122.3415,7.315475],[122.341658,7.31564],[122.341719,7.31598],[122.342111,7.316715],[122.342353,7.316974],[122.342951,7.317242],[122.343066,7.317497],[122.343323,7.317443],[122.343761,7.317649],[122.343835,7.317816],[122.344123,7.317822],[122.344528,7.318234],[122.344731,7.318804],[122.345064,7.31894],[122.345082,7.319249],[122.345278,7.319498],[122.345147,7.319616],[122.345144,7.320041],[122.344644,7.32055],[122.344029,7.320803],[122.3443,7.321689],[122.344604,7.32206],[122.345657,7.323151],[122.346362,7.323667],[122.346705,7.323879],[122.34778,7.324648],[122.348204,7.325],[122.348628,7.325257],[122.349593,7.326171],[122.350453,7.326936],[122.350893,7.327604],[122.35186,7.328601],[122.352085,7.328766],[122.352664,7.329036],[122.352944,7.329091],[122.353584,7.328997],[122.354192,7.329148],[122.354446,7.329383],[122.354976,7.329326],[122.355246,7.329403],[122.355388,7.329648],[122.355853,7.329913],[122.356018,7.329877],[122.35628,7.33008],[122.356702,7.330204],[122.357197,7.330021],[122.357556,7.330013],[122.357894,7.330111],[122.35825,7.330014],[122.358271,7.329808],[122.35853,7.329704],[122.358603,7.33032],[122.358376,7.330512],[122.358392,7.33095],[122.358524,7.331184],[122.358729,7.331172],[122.359137,7.331526],[122.358861,7.33155],[122.358613,7.332076],[122.358414,7.332344],[122.358218,7.332432],[122.358192,7.332693],[122.35867,7.333718],[122.359023,7.334234],[122.359206,7.334368],[122.359546,7.334458],[122.35973,7.334201],[122.360243,7.334381],[122.360264,7.334712],[122.360433,7.334983],[122.360803,7.335262],[122.3617,7.335688],[122.362259,7.335896],[122.362481,7.335916],[122.362555,7.335687],[122.362788,7.335554],[122.363132,7.335493],[122.363287,7.335594],[122.363583,7.335416],[122.363886,7.335468],[122.363557,7.335862],[122.362994,7.336243],[122.362927,7.336559],[122.362562,7.336783],[122.362485,7.337395],[122.362545,7.337989],[122.362669,7.338277],[122.362756,7.338715],[122.362991,7.339357],[122.363207,7.339743],[122.363423,7.339851],[122.363764,7.339873],[122.363848,7.340379],[122.364285,7.340524],[122.364466,7.340759],[122.364253,7.341076],[122.364277,7.341306],[122.363871,7.341579],[122.364038,7.341752],[122.363892,7.341968],[122.363746,7.342384],[122.363901,7.34251],[122.364633,7.342878],[122.364721,7.343107],[122.364482,7.343138],[122.364459,7.343354],[122.364882,7.343577],[122.365124,7.343504],[122.365162,7.343282],[122.365555,7.342904],[122.36584,7.343026],[122.366213,7.342992],[122.366502,7.342882],[122.366784,7.343201],[122.366935,7.343558],[122.367389,7.344056],[122.367672,7.343807],[122.367558,7.34433],[122.367791,7.344702],[122.368748,7.345334],[122.368918,7.345352],[122.369378,7.345707],[122.369846,7.345731],[122.36999,7.346034],[122.370899,7.346861],[122.371823,7.347434],[122.372292,7.347573],[122.372659,7.347744],[122.372689,7.348217],[122.372443,7.3487],[122.371972,7.349179],[122.371876,7.349455],[122.372021,7.349646],[122.372038,7.350248],[122.372231,7.35046],[122.372385,7.351301],[122.372496,7.351648],[122.373138,7.352726],[122.373585,7.353604],[122.373713,7.354136],[122.374136,7.354873],[122.374791,7.355491],[122.375013,7.355618],[122.375042,7.356048],[122.3752,7.356398],[122.375546,7.356786],[122.375733,7.357151],[122.376353,7.357998],[122.376284,7.358094],[122.376689,7.358756],[122.37709,7.359212],[122.377323,7.359291],[122.377979,7.359788],[122.378288,7.360191],[122.378927,7.360462],[122.374575,7.362754],[122.365607,7.3663],[122.358491,7.370177],[122.357392,7.370887],[122.3568,7.371733],[122.356834,7.372342],[122.356749,7.373289],[122.35658,7.373797],[122.355751,7.374541],[122.355388,7.376589],[122.353719,7.381177],[122.351773,7.384167],[122.348714,7.391118],[122.344195,7.393204],[122.345446,7.396124],[122.345212,7.396674],[122.344514,7.396842],[122.344211,7.396855],[122.343374,7.396589],[122.343291,7.397008],[122.343691,7.397041],[122.343949,7.397327],[122.343943,7.39752],[122.344195,7.397831],[122.344824,7.398328],[122.345039,7.398424],[122.345283,7.398892],[122.345254,7.399237],[122.344756,7.399919],[122.344663,7.40028],[122.344057,7.400971],[122.343803,7.401176],[122.343836,7.401545],[122.344153,7.401757],[122.344237,7.401967],[122.344317,7.402563],[122.34412,7.402832],[122.344284,7.403696],[122.344545,7.404043],[122.344998,7.404162],[122.345107,7.404459],[122.344963,7.404617],[122.345236,7.404834],[122.345488,7.404705],[122.345961,7.404894],[122.346074,7.405078],[122.346856,7.405707],[122.347239,7.406118],[122.347585,7.406697],[122.347673,7.407017],[122.347995,7.407262],[122.348062,7.407521],[122.34839,7.407826],[122.348551,7.408187],[122.34871,7.408208],[122.349038,7.408684],[122.349552,7.409167],[122.349998,7.409846],[122.350357,7.410115],[122.350679,7.410163],[122.351323,7.41079],[122.351593,7.410897],[122.352018,7.411271],[122.352054,7.411454],[122.352404,7.411554],[122.35261,7.412062],[122.352978,7.412223],[122.353207,7.412512],[122.353203,7.412716],[122.353719,7.413056],[122.35388,7.413498],[122.353927,7.414014],[122.353651,7.41462],[122.352983,7.414746],[122.352686,7.4147],[122.352299,7.414837],[122.352076,7.414835],[122.351725,7.414678],[122.351612,7.4148],[122.350667,7.414716],[122.350496,7.414659],[122.349804,7.414651],[122.349444,7.414507],[122.348488,7.414391],[122.348403,7.415712]]]]}},{"type":"Feature","properties":{"psgc_code":"0931700041","name":"Limpapa"},"geometry":{"type":"Polygon","coordinates":[[[121.938247,7.106995],[121.942092,7.107755],[121.944916,7.108965],[121.951415,7.11886],[121.950316,7.119573],[121.950432,7.12044],[121.950297,7.12148],[121.950336,7.122444],[121.950451,7.123272],[121.94997,7.123619],[121.949411,7.123735],[121.949141,7.124274],[121.949083,7.124756],[121.948948,7.125142],[121.949815,7.126124],[121.949642,7.126722],[121.949025,7.126779],[121.947465,7.126548],[121.946597,7.126201],[121.945827,7.126606],[121.945403,7.127165],[121.944208,7.128205],[121.942127,7.129072],[121.941009,7.130171],[121.940277,7.130575],[121.939583,7.131115],[121.93914,7.131057],[121.938408,7.130807],[121.938485,7.131288],[121.93862,7.131616],[121.938446,7.132136],[121.938524,7.133003],[121.938446,7.133755],[121.937772,7.134853],[121.937271,7.136202],[121.937676,7.137069],[121.938504,7.13759],[121.938947,7.138245],[121.938639,7.138842],[121.937965,7.139054],[121.937483,7.138476],[121.9365,7.138283],[121.935961,7.139112],[121.93571,7.139998],[121.935286,7.140461],[121.934631,7.140846],[121.934381,7.141559],[121.934438,7.142638],[121.934535,7.143197],[121.933687,7.143467],[121.932955,7.142946],[121.931047,7.142349],[121.929968,7.142041],[121.929043,7.141617],[121.928908,7.140865],[121.928388,7.139574],[121.927174,7.139459],[121.926461,7.139594],[121.926114,7.139112],[121.925806,7.139035],[121.925478,7.139478],[121.925787,7.140287],[121.926153,7.141039],[121.926037,7.141694],[121.925305,7.142079],[121.924688,7.141944],[121.924341,7.141097],[121.923628,7.140461],[121.922222,7.140326],[121.920892,7.140384],[121.919755,7.140711],[121.919119,7.141116],[121.918657,7.141771],[121.91746,7.141648],[121.917184,7.142422],[121.916032,7.143335],[121.914742,7.144514],[121.913848,7.146431],[121.912346,7.148163],[121.911384,7.149361],[121.910927,7.151084],[121.910337,7.15348],[121.909699,7.15375],[121.909481,7.153312],[121.908892,7.152534],[121.908523,7.152182],[121.907986,7.151808],[121.907578,7.151635],[121.907143,7.151261],[121.906767,7.151029],[121.906064,7.150742],[121.905596,7.150451],[121.905115,7.150287],[121.903921,7.149565],[121.903607,7.149292],[121.903487,7.149069],[121.902871,7.148366],[121.902531,7.147566],[121.902018,7.146182],[121.901702,7.144996],[121.901628,7.144849],[121.9016,7.144346],[121.901655,7.143823],[121.901768,7.143452],[121.902303,7.142148],[121.90269,7.140968],[121.902824,7.140261],[121.902951,7.13925],[121.902978,7.138219],[121.903077,7.137303],[121.90329,7.136286],[121.903475,7.135785],[121.903796,7.135066],[121.903901,7.134271],[121.90402,7.132795],[121.904054,7.131945],[121.90403,7.129511],[121.903972,7.128251],[121.903821,7.126244],[121.903693,7.124837],[121.903569,7.123773],[121.903179,7.122035],[121.90273,7.120614],[121.902463,7.11959],[121.902388,7.119417],[121.901793,7.117477],[121.901336,7.116052],[121.90151,7.115526],[121.901654,7.115287],[121.902044,7.115417],[121.902154,7.115581],[121.903545,7.115287],[121.904422,7.115218],[121.904874,7.115081],[121.905907,7.114368],[121.906512,7.114375],[121.907224,7.114485],[121.907916,7.115184],[121.90819,7.116287],[121.913657,7.116169],[121.915151,7.115312],[121.919307,7.116004],[121.922502,7.116456],[121.925123,7.116983],[121.928005,7.117474],[121.928368,7.117076],[121.928645,7.117035],[121.928958,7.1176],[121.929139,7.117685],[121.929502,7.117696],[121.929724,7.11759],[121.929855,7.117318],[121.92991,7.116965],[121.930132,7.116612],[121.930278,7.116113],[121.930792,7.115826],[121.931553,7.11572],[121.931714,7.114914],[121.931885,7.114717],[121.932203,7.114571],[121.93252,7.113951],[121.932949,7.113639],[121.933674,7.112581],[121.93375,7.112127],[121.934314,7.110978],[121.935075,7.110172],[121.935441,7.109562],[121.935608,7.109512],[121.936159,7.109583],[121.936498,7.109451],[121.936968,7.109183],[121.937319,7.108237],[121.938247,7.106995]]]}},{"type":"Feature","properties":{"psgc_code":"0931700042","name":"Lubigan"},"geometry":{"type":"Polygon","coordinates":[[[122.246757,7.142424],[122.247776,7.144357],[122.247757,7.145891],[122.246437,7.14989],[122.242263,7.152725],[122.237956,7.154591],[122.23686,7.156023],[122.232718,7.156999],[122.233241,7.158242],[122.233259,7.158536],[122.23306,7.158717],[122.232747,7.15865],[122.232472,7.158688],[122.231835,7.159676],[122.231788,7.159856],[122.232358,7.160862],[122.23232,7.16109],[122.231399,7.162628],[122.230953,7.163805],[122.230668,7.164071],[122.230335,7.1641],[122.22987,7.163957],[122.229291,7.163616],[122.228712,7.163492],[122.228494,7.163502],[122.22725,7.164356],[122.226585,7.164679],[122.225778,7.164726],[122.225095,7.164878],[122.224297,7.16523],[122.223035,7.16523],[122.222797,7.165429],[122.222778,7.165828],[122.22312,7.166767],[122.223082,7.16709],[122.222845,7.167461],[122.221605,7.166878],[122.218792,7.166861],[122.215384,7.166938],[122.212571,7.167249],[122.208276,7.166833],[122.198569,7.166858],[122.19831,7.163739],[122.198439,7.162445],[122.19853,7.161228],[122.199281,7.159054],[122.199747,7.158264],[122.201093,7.158264],[122.202506,7.158564],[122.203591,7.15873],[122.20482,7.1582],[122.206024,7.157177],[122.206309,7.155391],[122.207267,7.155003],[122.207307,7.154113],[122.207307,7.152366],[122.207482,7.151201],[122.20754,7.150123],[122.207249,7.149046],[122.207074,7.147852],[122.207278,7.146017],[122.20687,7.144911],[122.205971,7.142802],[122.20904,7.143355],[122.216218,7.14375],[122.22009,7.142986],[122.22196,7.142406],[122.224226,7.142222],[122.226471,7.140428],[122.226786,7.140004],[122.227087,7.139908],[122.227396,7.139538],[122.227238,7.139264],[122.226889,7.139127],[122.226636,7.138518],[122.225951,7.137717],[122.225794,7.137012],[122.22578,7.136402],[122.22565,7.136163],[122.22578,7.135827],[122.226115,7.135814],[122.226903,7.135923],[122.227293,7.135793],[122.227416,7.135492],[122.227382,7.135204],[122.227012,7.135081],[122.226553,7.134705],[122.22593,7.134355],[122.22565,7.13391],[122.225718,7.133027],[122.226026,7.132377],[122.226636,7.131637],[122.226889,7.130809],[122.226684,7.130501],[122.226218,7.130316],[122.225773,7.129967],[122.22567,7.129645],[122.225718,7.129097],[122.225883,7.128844],[122.226574,7.128344],[122.226567,7.128064],[122.22617,7.127242],[122.226286,7.12677],[122.226156,7.126571],[122.225164,7.126585],[122.224999,7.126461],[122.224979,7.125955],[122.22528,7.125339],[122.225643,7.125202],[122.225698,7.125003],[122.225369,7.12475],[122.225081,7.124654],[122.224897,7.124428],[122.224958,7.124175],[122.225355,7.123928],[122.225766,7.123812],[122.226951,7.123819],[122.227396,7.123257],[122.227594,7.123346],[122.228019,7.123326],[122.228101,7.123737],[122.228272,7.123832],[122.228874,7.123695],[122.229648,7.123798],[122.230189,7.12375],[122.230387,7.123654],[122.231058,7.123641],[122.23142,7.123399],[122.232181,7.123613],[122.233092,7.123559],[122.233824,7.123367],[122.234304,7.123483],[122.23481,7.123504],[122.2357,7.123161],[122.235988,7.12323],[122.235957,7.123739],[122.235646,7.124335],[122.235387,7.124982],[122.235387,7.126134],[122.235038,7.126587],[122.234714,7.127557],[122.234869,7.128399],[122.234442,7.129266],[122.234171,7.129978],[122.233329,7.131168],[122.23333,7.132452],[122.233174,7.133977],[122.233148,7.135103],[122.233081,7.136281],[122.234125,7.137463],[122.234936,7.137428],[122.241692,7.136747],[122.243366,7.139534],[122.244169,7.139128],[122.245386,7.140371],[122.246757,7.142424]]]}},{"type":"Feature","properties":{"psgc_code":"0931700043","name":"Lumayang"},"geometry":{"type":"Polygon","coordinates":[[[122.105624,6.981391],[122.105838,6.981629],[122.107358,6.982536],[122.106243,6.983769],[122.104606,6.986058],[122.103835,6.98907],[122.10259,6.994454],[122.101184,6.996055],[122.100513,6.99699],[122.100585,6.997354],[122.100806,6.997595],[122.100897,6.997868],[122.100858,6.998363],[122.100559,6.998532],[122.100376,6.998753],[122.099752,6.999105],[122.099823,6.999378],[122.100149,6.999521],[122.100077,7.000062],[122.100116,7.000374],[122.100468,7.001109],[122.100736,7.002175],[122.10103,7.004192],[122.101831,7.009005],[122.101005,7.010309],[122.101511,7.011206],[122.101943,7.011604],[122.101761,7.012003],[122.101387,7.012293],[122.101188,7.012866],[122.101287,7.013281],[122.101528,7.013821],[122.10147,7.014078],[122.101453,7.015722],[122.101553,7.016129],[122.10132,7.016586],[122.10098,7.01681],[122.100615,7.016843],[122.100598,7.017101],[122.100391,7.017317],[122.099967,7.017333],[122.099378,7.017126],[122.099004,7.017674],[122.098423,7.017674],[122.097767,7.018014],[122.098243,7.019793],[122.094224,7.020143],[122.09366,7.017793],[122.093032,7.016844],[122.091537,7.015054],[122.090767,7.013393],[122.08945,7.012931],[122.087233,7.011306],[122.086118,7.009551],[122.087067,7.007262],[122.08728,7.00387],[122.08779,7.001914],[122.086936,6.998795],[122.086693,6.995114],[122.086587,6.995017],[122.086485,6.994547],[122.086312,6.994423],[122.085865,6.994711],[122.085576,6.994782],[122.085426,6.994232],[122.085466,6.993674],[122.085399,6.993102],[122.085271,6.993],[122.084854,6.993293],[122.084597,6.993244],[122.084562,6.992531],[122.084796,6.991839],[122.084921,6.991618],[122.084601,6.991236],[122.084668,6.991015],[122.085,6.990705],[122.085359,6.990975],[122.08567,6.9909],[122.085851,6.990744],[122.086286,6.989907],[122.086454,6.989889],[122.086711,6.990208],[122.08699,6.99004],[122.087194,6.989743],[122.087593,6.989699],[122.087792,6.989561],[122.087859,6.989291],[122.087478,6.98906],[122.087642,6.988918],[122.087934,6.988963],[122.088045,6.988688],[122.087974,6.988214],[122.087788,6.987806],[122.087797,6.987611],[122.088355,6.987762],[122.088883,6.987642],[122.089175,6.98731],[122.089441,6.987221],[122.089552,6.986782],[122.089406,6.986392],[122.089477,6.985936],[122.089268,6.985874],[122.088971,6.986184],[122.088723,6.985993],[122.088954,6.985453],[122.089264,6.985147],[122.090093,6.984943],[122.090416,6.984708],[122.089166,6.984628],[122.088869,6.984695],[122.088799,6.984553],[122.088364,6.984513],[122.088058,6.98438],[122.087806,6.983671],[122.087664,6.983507],[122.087478,6.983095],[122.08727,6.982926],[122.086764,6.982878],[122.085909,6.982971],[122.085155,6.9827],[122.084858,6.982714],[122.084548,6.982629],[122.084433,6.982297],[122.084464,6.981934],[122.084043,6.981131],[122.083387,6.98079],[122.083095,6.980422],[122.083201,6.980015],[122.083476,6.979771],[122.083941,6.979713],[122.084291,6.979731],[122.084464,6.979625],[122.084482,6.979217],[122.084331,6.979048],[122.083848,6.978729],[122.083099,6.978295],[122.083072,6.977838],[122.083112,6.977466],[122.083414,6.97677],[122.085513,6.976227],[122.08913,6.976238],[122.091834,6.977875],[122.092309,6.978327],[122.095261,6.979049],[122.09755,6.97899],[122.09921,6.979239],[122.100922,6.979638],[122.10246,6.98014],[122.103918,6.981089],[122.105624,6.981391]]]}},{"type":"Feature","properties":{"psgc_code":"0931700044","name":"Lumbangan"},"geometry":{"type":"Polygon","coordinates":[[[122.112856,6.977825],[122.112273,6.977852],[122.11158,6.97807],[122.111291,6.978207],[122.111045,6.978556],[122.110931,6.978872],[122.110576,6.979074],[122.110615,6.979816],[122.110571,6.980023],[122.110385,6.980078],[122.110178,6.979952],[122.110151,6.979663],[122.109949,6.97951],[122.109611,6.979434],[122.1093,6.978899],[122.10888,6.978932],[122.108651,6.979298],[122.108542,6.980067],[122.108182,6.980063],[122.10789,6.980373],[122.107637,6.980475],[122.107238,6.98025],[122.106954,6.980159],[122.106677,6.980652],[122.10635,6.980846],[122.10638,6.981302],[122.106152,6.981239],[122.105624,6.981391],[122.103918,6.981089],[122.10246,6.98014],[122.100922,6.979638],[122.09921,6.979239],[122.09755,6.97899],[122.095261,6.979049],[122.092309,6.978327],[122.091834,6.977875],[122.08913,6.976238],[122.085513,6.976227],[122.083414,6.97677],[122.083396,6.976633],[122.082997,6.976535],[122.082292,6.976491],[122.082164,6.976349],[122.08219,6.97595],[122.08235,6.975184],[122.08219,6.974661],[122.082479,6.974324],[122.083024,6.974319],[122.08344,6.974071],[122.083808,6.973167],[122.083808,6.972232],[122.083861,6.971979],[122.084154,6.971283],[122.086983,6.971781],[122.088911,6.971907],[122.091434,6.971636],[122.093068,6.970588],[122.094213,6.969824],[122.095542,6.96898],[122.096838,6.967429],[122.097252,6.966422],[122.096948,6.966359],[122.096926,6.966228],[122.097199,6.965055],[122.09696,6.963942],[122.09642,6.963695],[122.096326,6.963557],[122.096413,6.963152],[122.096368,6.962961],[122.095858,6.962377],[122.096293,6.962335],[122.096807,6.962012],[122.097047,6.961475],[122.097348,6.961537],[122.097432,6.961183],[122.097756,6.961285],[122.098026,6.96152],[122.098398,6.961484],[122.098673,6.961209],[122.098615,6.960904],[122.098779,6.960855],[122.099134,6.961108],[122.099843,6.960975],[122.099874,6.960828],[122.100352,6.960582],[122.100748,6.960186],[122.100863,6.959724],[122.100517,6.958429],[122.100509,6.957942],[122.100665,6.957266],[122.102543,6.957628],[122.104447,6.957433],[122.105037,6.957529],[122.107253,6.957021],[122.109088,6.957247],[122.11049,6.958478],[122.110921,6.958779],[122.111274,6.95955],[122.111274,6.960014],[122.110889,6.961191],[122.110693,6.961635],[122.110438,6.962066],[122.110444,6.962563],[122.110516,6.963557],[122.11066,6.964674],[122.110856,6.965145],[122.110732,6.965387],[122.110314,6.965916],[122.110503,6.967217],[122.110078,6.968536],[122.109869,6.969086],[122.109969,6.969834],[122.110235,6.969957],[122.110443,6.969943],[122.111121,6.970028],[122.111572,6.969962],[122.111904,6.970028],[122.112051,6.970503],[122.11234,6.971717],[122.112833,6.972627],[122.112612,6.974175],[122.112691,6.976505],[122.112856,6.977825]]]}},{"type":"Feature","properties":{"psgc_code":"0931700045","name":"Lunzuran"},"geometry":{"type":"Polygon","coordinates":[[[122.100665,6.957266],[122.100509,6.957942],[122.100517,6.958429],[122.100863,6.959724],[122.100748,6.960186],[122.100352,6.960582],[122.099874,6.960828],[122.099843,6.960975],[122.099134,6.961108],[122.098779,6.960855],[122.098615,6.960904],[122.098673,6.961209],[122.098398,6.961484],[122.098026,6.96152],[122.097756,6.961285],[122.097432,6.961183],[122.097348,6.961537],[122.097047,6.961475],[122.096807,6.962012],[122.096293,6.962335],[122.095858,6.962377],[122.096368,6.962961],[122.096413,6.963152],[122.096326,6.963557],[122.09642,6.963695],[122.09696,6.963942],[122.097199,6.965055],[122.096926,6.966228],[122.096948,6.966359],[122.097252,6.966422],[122.096838,6.967429],[122.095542,6.96898],[122.094213,6.969824],[122.093068,6.970588],[122.091434,6.971636],[122.088911,6.971907],[122.086983,6.971781],[122.084154,6.971283],[122.083985,6.971102],[122.084287,6.970783],[122.083798,6.970146],[122.083675,6.969646],[122.083747,6.969337],[122.083917,6.969155],[122.083896,6.968818],[122.083777,6.9684],[122.084668,6.966917],[122.084581,6.965342],[122.084404,6.963617],[122.084543,6.963186],[122.084439,6.962517],[122.084613,6.96116],[122.084856,6.958695],[122.084717,6.958466],[122.084808,6.957985],[122.085004,6.956499],[122.084822,6.956109],[122.084458,6.955733],[122.08439,6.955517],[122.08453,6.955089],[122.084115,6.954713],[122.084107,6.954027],[122.084043,6.953744],[122.083865,6.953422],[122.083746,6.952826],[122.083743,6.952279],[122.083929,6.952038],[122.083756,6.95119],[122.086292,6.950673],[122.086581,6.949899],[122.086689,6.949415],[122.086992,6.948524],[122.087287,6.948281],[122.088003,6.948024],[122.088208,6.948229],[122.089016,6.949665],[122.089227,6.950112],[122.089737,6.950137],[122.089812,6.94977],[122.089992,6.949447],[122.090336,6.949064],[122.0908,6.948646],[122.091053,6.948799],[122.092804,6.949223],[122.094239,6.949619],[122.095773,6.949116],[122.096994,6.949355],[122.097752,6.949261],[122.098457,6.948959],[122.098609,6.949008],[122.098635,6.949227],[122.098978,6.949459],[122.099342,6.949802],[122.099561,6.94984],[122.099831,6.950076],[122.099986,6.950552],[122.100248,6.950633],[122.100433,6.950567],[122.100845,6.950607],[122.10104,6.950739],[122.100885,6.951134],[122.101111,6.951453],[122.101606,6.95135],[122.10154,6.951868],[122.101394,6.952159],[122.101385,6.952741],[122.101258,6.953123],[122.101303,6.95385],[122.101458,6.954105],[122.101567,6.955479],[122.100703,6.955997],[122.100484,6.956588],[122.100665,6.957266]]]}},{"type":"Feature","properties":{"psgc_code":"0931700046","name":"Maasin"},"geometry":{"type":"Polygon","coordinates":[[[122.004868,6.960804],[122.004367,6.961705],[122.004617,6.962521],[122.00463,6.963369],[122.003366,6.96402],[122.001665,6.96417],[121.999725,6.96442],[121.998312,6.96437],[121.998374,6.963469],[121.998299,6.962944],[121.997811,6.962556],[121.9973,6.962409],[121.996611,6.962469],[121.99547,6.962516],[121.994448,6.962041],[121.993486,6.961482],[121.993034,6.961779],[121.993093,6.962195],[121.992511,6.962386],[121.99225,6.962029],[121.991786,6.962326],[121.99118,6.962207],[121.990966,6.961779],[121.990574,6.961328],[121.990075,6.961708],[121.989849,6.962778],[121.989243,6.963824],[121.988233,6.96374],[121.987912,6.96311],[121.987805,6.962314],[121.987128,6.962813],[121.986248,6.962932],[121.984774,6.962231],[121.983443,6.961126],[121.981934,6.959521],[121.981768,6.958808],[121.981055,6.958499],[121.979474,6.957905],[121.979678,6.956487],[121.97984,6.955934],[121.978691,6.954895],[121.977948,6.954155],[121.978202,6.95379],[121.977363,6.952997],[121.97653,6.952512],[121.976366,6.95228],[121.976735,6.951679],[121.977114,6.951945],[121.977345,6.951882],[121.977679,6.95221],[121.979599,6.950621],[121.98008,6.950179],[121.980796,6.949696],[121.981109,6.949541],[121.981465,6.948886],[121.981343,6.948561],[121.981624,6.948357],[121.981852,6.94793],[121.982303,6.947969],[121.982889,6.947474],[121.983528,6.946838],[121.983516,6.946692],[121.983752,6.946437],[121.984169,6.946421],[121.984564,6.946321],[121.98519,6.946326],[121.985843,6.946061],[121.98607,6.945811],[121.98638,6.945185],[121.986597,6.945013],[121.987242,6.944681],[121.98829,6.943397],[121.988262,6.943284],[121.98858,6.942891],[121.988962,6.94191],[121.989296,6.941585],[121.989924,6.940674],[121.990203,6.940827],[121.990863,6.941016],[121.99189,6.94117],[121.993035,6.941273],[121.992735,6.942553],[121.991952,6.943761],[121.992702,6.944249],[121.994736,6.94547],[121.995819,6.946302],[121.995541,6.948455],[121.995313,6.94894],[121.995911,6.949367],[121.995919,6.95023],[121.996397,6.951143],[121.998536,6.952058],[122.001341,6.953579],[122.002648,6.953282],[122.003005,6.955029],[122.004467,6.956063],[122.004003,6.959462],[122.004167,6.960329],[122.004868,6.960804]]]}},{"type":"Feature","properties":{"psgc_code":"0931700047","name":"Malagutay"},"geometry":{"type":"Polygon","coordinates":[[[122.026821,6.957765],[122.026468,6.958161],[122.025812,6.958033],[122.025402,6.958337],[122.025332,6.958642],[122.024744,6.958554],[122.023738,6.958985],[122.022834,6.958393],[122.023367,6.958055],[122.023333,6.957066],[122.023257,6.955832],[122.022961,6.954176],[122.022175,6.952122],[122.02182,6.949705],[122.020654,6.948057],[122.019766,6.946206],[122.018482,6.945091],[122.017341,6.943434],[122.015237,6.941888],[122.014205,6.941567],[122.013343,6.941685],[122.012963,6.94182],[122.012963,6.941279],[122.012667,6.940882],[122.012583,6.939927],[122.012549,6.9392],[122.012433,6.938391],[122.011856,6.937264],[122.010619,6.935931],[122.011069,6.934836],[122.011462,6.933679],[122.011407,6.932481],[122.012583,6.932642],[122.01347,6.932794],[122.016183,6.932017],[122.017603,6.931721],[122.019128,6.93146],[122.020347,6.931187],[122.020977,6.930948],[122.022413,6.933446],[122.022926,6.934509],[122.023673,6.934795],[122.024198,6.935543],[122.024538,6.935515],[122.025167,6.934201],[122.025685,6.933054],[122.02613,6.932301],[122.026938,6.93102],[122.02477,6.929255],[122.024464,6.928949],[122.024488,6.928699],[122.025844,6.92742],[122.025899,6.927122],[122.026247,6.926916],[122.027306,6.926431],[122.027429,6.92655],[122.027901,6.926486],[122.02802,6.926738],[122.027553,6.927397],[122.02764,6.928368],[122.027823,6.928721],[122.027397,6.929055],[122.027713,6.929564],[122.028112,6.929747],[122.028725,6.929669],[122.028822,6.93058],[122.031005,6.930475],[122.030883,6.932691],[122.031647,6.933887],[122.032578,6.934374],[122.032966,6.935216],[122.032879,6.93679],[122.033461,6.937183],[122.033695,6.937526],[122.033741,6.938509],[122.034047,6.93919],[122.033714,6.939312],[122.032951,6.939681],[122.032523,6.939997],[122.032306,6.940308],[122.031752,6.941323],[122.031224,6.941634],[122.030759,6.942383],[122.03057,6.942798],[122.030385,6.943736],[122.03052,6.944589],[122.030367,6.944954],[122.029974,6.94564],[122.028991,6.946749],[122.028432,6.947588],[122.028215,6.94812],[122.027972,6.948846],[122.028053,6.949108],[122.02803,6.94946],[122.02822,6.950001],[122.028098,6.950177],[122.027773,6.950294],[122.02776,6.950858],[122.027616,6.951093],[122.027467,6.951598],[122.027557,6.952062],[122.027534,6.952355],[122.027322,6.952676],[122.027395,6.953055],[122.027363,6.953713],[122.02711,6.953948],[122.02707,6.95443],[122.026948,6.954642],[122.027115,6.95549],[122.02684,6.956054],[122.026497,6.956482],[122.027322,6.956866],[122.027291,6.956961],[122.026835,6.957339],[122.026821,6.957765]]]}},{"type":"Feature","properties":{"psgc_code":"0931700048","name":"Mampang"},"geometry":{"type":"Polygon","coordinates":[[[122.136903,6.929165],[122.136366,6.929629],[122.135702,6.929838],[122.134333,6.929419],[122.132392,6.928777],[122.130172,6.927864],[122.129228,6.927365],[122.128429,6.926709],[122.127507,6.926467],[122.125774,6.925727],[122.124489,6.92483],[122.122646,6.923933],[122.122598,6.923218],[122.121301,6.922018],[122.121214,6.921689],[122.121448,6.921147],[122.121842,6.918437],[122.120771,6.918105],[122.120802,6.917756],[122.120624,6.915797],[122.120918,6.915696],[122.120918,6.914732],[122.121105,6.913034],[122.120752,6.9129],[122.120983,6.912442],[122.121439,6.911274],[122.121675,6.910408],[122.122133,6.908861],[122.12292,6.909221],[122.124702,6.909932],[122.125248,6.910102],[122.125423,6.910076],[122.125511,6.909865],[122.125954,6.907759],[122.125983,6.906804],[122.126094,6.905457],[122.127819,6.904976],[122.130051,6.904075],[122.131579,6.903749],[122.132291,6.903071],[122.133578,6.902401],[122.135072,6.901912],[122.135827,6.900822],[122.136137,6.90032],[122.136432,6.900307],[122.136577,6.899908],[122.136867,6.899791],[122.137329,6.899898],[122.137559,6.900253],[122.13789,6.900214],[122.13813,6.900421],[122.138183,6.900642],[122.138673,6.901054],[122.139095,6.900942],[122.139455,6.901206],[122.139753,6.90166],[122.139813,6.901875],[122.139823,6.902388],[122.139631,6.902959],[122.139012,6.903078],[122.138608,6.902881],[122.138446,6.903625],[122.138863,6.903847],[122.139325,6.904232],[122.139629,6.904595],[122.139848,6.904585],[122.140128,6.904751],[122.140376,6.905057],[122.140828,6.905193],[122.140651,6.905407],[122.140315,6.905425],[122.140359,6.905873],[122.140524,6.905913],[122.140575,6.906372],[122.140879,6.905517],[122.141074,6.905351],[122.141694,6.905416],[122.142067,6.905693],[122.142166,6.905873],[122.142082,6.906158],[122.142177,6.906495],[122.142236,6.907212],[122.142449,6.907158],[122.142498,6.905902],[122.14272,6.905925],[122.142701,6.906181],[122.143252,6.906336],[122.143794,6.906279],[122.144096,6.906395],[122.14406,6.906657],[122.144312,6.906747],[122.144433,6.906541],[122.144673,6.906496],[122.144827,6.906872],[122.14502,6.906641],[122.145412,6.906521],[122.145956,6.906519],[122.146161,6.906425],[122.146377,6.90658],[122.146998,6.906456],[122.14732,6.906703],[122.147602,6.90658],[122.147998,6.906639],[122.14831,6.906419],[122.148663,6.906458],[122.148831,6.906266],[122.149249,6.906413],[122.149751,6.906426],[122.150054,6.90626],[122.150213,6.906474],[122.150115,6.907301],[122.150322,6.907552],[122.150663,6.907074],[122.150787,6.90715],[122.150542,6.907723],[122.150366,6.907965],[122.150366,6.90816],[122.151331,6.908526],[122.151622,6.908327],[122.152141,6.908549],[122.152037,6.908981],[122.152403,6.909244],[122.152528,6.908798],[122.152702,6.908789],[122.152828,6.909049],[122.152685,6.909336],[122.152887,6.909535],[122.152826,6.909722],[122.153252,6.910042],[122.153216,6.910346],[122.153472,6.910626],[122.153835,6.91077],[122.153904,6.911083],[122.153426,6.911605],[122.153405,6.911847],[122.153191,6.912069],[122.152957,6.912327],[122.152329,6.913583],[122.152289,6.914026],[122.152347,6.914631],[122.152203,6.915011],[122.15184,6.915155],[122.151633,6.915996],[122.151529,6.916727],[122.151396,6.917032],[122.150867,6.91732],[122.150694,6.917568],[122.150371,6.918248],[122.149554,6.918944],[122.149392,6.919244],[122.149041,6.920355],[122.149058,6.920597],[122.149594,6.921288],[122.149478,6.921463],[122.149794,6.922477],[122.147768,6.923662],[122.146679,6.924544],[122.145844,6.925154],[122.144243,6.926582],[122.143661,6.927073],[122.14287,6.927792],[122.141724,6.928428],[122.140741,6.928838],[122.140187,6.92891],[122.139805,6.92891],[122.139013,6.928783],[122.138104,6.928747],[122.137212,6.928919],[122.136903,6.929165]]]}},{"type":"Feature","properties":{"psgc_code":"0931700049","name":"Manalipa"},"geometry":{"type":"MultiPolygon","coordinates":[[[[122.296921,6.875511],[122.296625,6.875903],[122.296548,6.876364],[122.29631,6.8764],[122.29631,6.876007],[122.296558,6.875479],[122.297243,6.874852],[122.297555,6.874764],[122.298142,6.874427],[122.298222,6.874211],[122.298434,6.874214],[122.298572,6.87406],[122.298491,6.8738],[122.298538,6.873594],[122.298713,6.873487],[122.298847,6.873754],[122.29947,6.873594],[122.299739,6.873837],[122.299702,6.874137],[122.300017,6.874244],[122.300001,6.87447],[122.300212,6.87449],[122.300162,6.874967],[122.299872,6.875164],[122.299506,6.875234],[122.298861,6.875224],[122.298606,6.875071],[122.298124,6.874961],[122.297737,6.875158],[122.297676,6.875071],[122.297273,6.875264],[122.296921,6.875511]]],[[[122.279624,6.893523],[122.279424,6.893573],[122.279007,6.893422],[122.27858,6.893201],[122.278476,6.893002],[122.277207,6.893089],[122.276488,6.893043],[122.275565,6.892859],[122.275048,6.89271],[122.274007,6.892248],[122.273429,6.892029],[122.27309,6.891731],[122.272667,6.891159],[122.272465,6.890809],[122.272262,6.89015],[122.272236,6.889691],[122.272311,6.88901],[122.272389,6.887664],[122.272488,6.886798],[122.272687,6.885814],[122.27272,6.88534],[122.272977,6.883851],[122.273412,6.882583],[122.273542,6.882375],[122.27396,6.881943],[122.274611,6.881558],[122.276368,6.881063],[122.276997,6.880941],[122.27762,6.880771],[122.2777,6.880496],[122.277981,6.879962],[122.278106,6.879832],[122.278442,6.879867],[122.278882,6.879724],[122.279072,6.879765],[122.279493,6.879583],[122.279619,6.879436],[122.279953,6.879574],[122.280504,6.879228],[122.280673,6.879317],[122.280854,6.879877],[122.281056,6.879728],[122.281491,6.879618],[122.281277,6.879172],[122.281378,6.878885],[122.281672,6.878321],[122.281494,6.877471],[122.281595,6.877278],[122.282293,6.876939],[122.283523,6.876136],[122.284151,6.875821],[122.284338,6.87568],[122.284648,6.87579],[122.285431,6.875243],[122.28585,6.875405],[122.286083,6.875346],[122.286151,6.875106],[122.286393,6.875017],[122.286639,6.874685],[122.286806,6.874575],[122.28673,6.874004],[122.287034,6.873763],[122.287156,6.873434],[122.286901,6.873097],[122.287056,6.872838],[122.287411,6.872701],[122.287671,6.872766],[122.28809,6.872659],[122.288591,6.87228],[122.288932,6.871921],[122.288956,6.871791],[122.28866,6.871528],[122.2889,6.871295],[122.2891,6.871266],[122.289498,6.870984],[122.289813,6.870917],[122.290096,6.87103],[122.290271,6.871249],[122.290478,6.8711],[122.290801,6.871229],[122.291082,6.871449],[122.29118,6.87123],[122.2917,6.871306],[122.292197,6.870739],[122.292374,6.870819],[122.292674,6.870774],[122.292796,6.87089],[122.293201,6.870811],[122.293599,6.871168],[122.29389,6.871095],[122.294085,6.87124],[122.293722,6.871641],[122.293269,6.871695],[122.292773,6.871951],[122.292547,6.87213],[122.292529,6.872634],[122.292642,6.873166],[122.293169,6.874461],[122.29321,6.874855],[122.293105,6.875913],[122.292893,6.876764],[122.292812,6.87738],[122.292672,6.8781],[122.292598,6.87888],[122.292478,6.879643],[122.292355,6.880695],[122.292255,6.881149],[122.292178,6.88217],[122.292217,6.882624],[122.292093,6.883667],[122.291911,6.884455],[122.291454,6.885972],[122.291328,6.886256],[122.291088,6.886577],[122.290379,6.88786],[122.289585,6.889021],[122.288998,6.889695],[122.287932,6.890575],[122.287672,6.890871],[122.287183,6.891153],[122.286526,6.891724],[122.286102,6.891846],[122.28569,6.891867],[122.285508,6.892026],[122.285165,6.892133],[122.284639,6.892425],[122.283978,6.892678],[122.283705,6.892875],[122.28332,6.892866],[122.282973,6.892642],[122.282732,6.89264],[122.281903,6.892862],[122.281657,6.892842],[122.280716,6.893125],[122.279715,6.893549],[122.279624,6.893523]]]]}},{"type":"Feature","properties":{"psgc_code":"0931700050","name":"Mangusu"},"geometry":{"type":"Polygon","coordinates":[[[122.324745,7.352332],[122.32216,7.354239],[122.318285,7.35487],[122.31806,7.355414],[122.318956,7.356709],[122.316992,7.357238],[122.315578,7.35635],[122.314826,7.355848],[122.313281,7.356096],[122.312375,7.356546],[122.311608,7.356376],[122.310838,7.356574],[122.310382,7.356604],[122.309021,7.357084],[122.308466,7.35673],[122.308045,7.355678],[122.307048,7.355102],[122.306258,7.355191],[122.305681,7.355364],[122.305351,7.357115],[122.302885,7.358276],[122.303066,7.359131],[122.302742,7.359715],[122.301468,7.359628],[122.301398,7.359836],[122.301711,7.360461],[122.303809,7.361441],[122.30461,7.362536],[122.30168,7.363424],[122.292355,7.361026],[122.289158,7.361648],[122.287349,7.361519],[122.285443,7.362857],[122.28176,7.36329],[122.278917,7.362169],[122.27453,7.359342],[122.270923,7.359001],[122.270972,7.355345],[122.272645,7.352794],[122.273685,7.34961],[122.275261,7.346068],[122.273604,7.343273],[122.271232,7.337684],[122.270094,7.334749],[122.276086,7.336305],[122.279621,7.336407],[122.282725,7.338236],[122.285108,7.339977],[122.285874,7.34031],[122.286697,7.339674],[122.287553,7.338159],[122.288409,7.33715],[122.288881,7.335943],[122.291185,7.335822],[122.294477,7.333935],[122.296035,7.331938],[122.298372,7.331411],[122.298424,7.331303],[122.299133,7.330373],[122.29952,7.330623],[122.299527,7.330744],[122.299859,7.331016],[122.299952,7.331372],[122.300261,7.331644],[122.300573,7.332039],[122.300704,7.332299],[122.300533,7.332644],[122.300879,7.332644],[122.301334,7.333314],[122.301453,7.333578],[122.301707,7.334454],[122.301595,7.334779],[122.301096,7.335111],[122.30125,7.335352],[122.301512,7.335171],[122.302432,7.335107],[122.302648,7.335333],[122.303091,7.335478],[122.303186,7.335583],[122.303996,7.336059],[122.304208,7.336405],[122.304398,7.335831],[122.304816,7.335415],[122.305383,7.33513],[122.306207,7.335022],[122.306612,7.335115],[122.306837,7.335243],[122.307174,7.33525],[122.307352,7.335411],[122.307935,7.335503],[122.30798,7.335192],[122.307771,7.335173],[122.307455,7.334928],[122.307488,7.334264],[122.307935,7.333647],[122.308344,7.33324],[122.308238,7.332825],[122.30831,7.332194],[122.308456,7.331922],[122.308335,7.331702],[122.308447,7.331373],[122.308507,7.330918],[122.308372,7.33075],[122.308384,7.33051],[122.308031,7.330489],[122.30778,7.330034],[122.30768,7.329741],[122.307763,7.329454],[122.308063,7.329408],[122.308557,7.329856],[122.308958,7.329532],[122.309418,7.329664],[122.309979,7.329715],[122.310109,7.329806],[122.310536,7.329839],[122.31081,7.330017],[122.311462,7.330279],[122.311861,7.330541],[122.312177,7.330911],[122.312719,7.331353],[122.314354,7.332956],[122.314591,7.333347],[122.314194,7.333506],[122.31449,7.33373],[122.314596,7.333648],[122.314952,7.333875],[122.315583,7.334371],[122.315822,7.334669],[122.316018,7.334762],[122.315997,7.334991],[122.316454,7.335145],[122.31715,7.33558],[122.317986,7.334752],[122.318951,7.335615],[122.320559,7.337418],[122.32156,7.342818],[122.323204,7.343575],[122.324332,7.344189],[122.325194,7.346991],[122.324438,7.34979],[122.324551,7.35173],[122.324524,7.352175],[122.324745,7.352332]]]}},{"type":"Feature","properties":{"psgc_code":"0931700051","name":"Manicahan"},"geometry":{"type":"Polygon","coordinates":[[[122.205739,7.027374],[122.205229,7.027616],[122.203576,7.028104],[122.202129,7.028725],[122.201928,7.029647],[122.202289,7.030628],[122.200942,7.030578],[122.198906,7.03045],[122.198025,7.031733],[122.197432,7.032491],[122.197473,7.033482],[122.196657,7.034333],[122.196313,7.037103],[122.190805,7.038152],[122.189535,7.037895],[122.186856,7.037253],[122.186577,7.037372],[122.185428,7.038122],[122.184478,7.038162],[122.183519,7.038282],[122.18238,7.039371],[122.18196,7.039531],[122.180584,7.039447],[122.179876,7.039231],[122.178937,7.039144],[122.176786,7.038624],[122.176222,7.038306],[122.175935,7.037028],[122.175952,7.036157],[122.175945,7.035023],[122.17605,7.034377],[122.176098,7.033577],[122.176323,7.032773],[122.176121,7.032258],[122.176056,7.0319],[122.175893,7.031424],[122.175632,7.029794],[122.175659,7.029514],[122.175991,7.028647],[122.175802,7.028288],[122.175789,7.027995],[122.175874,7.027519],[122.175632,7.026293],[122.17575,7.02527],[122.17603,7.024911],[122.176838,7.024357],[122.177047,7.02409],[122.177275,7.023066],[122.177393,7.022258],[122.177321,7.02145],[122.177406,7.020394],[122.174577,7.018786],[122.174268,7.018287],[122.173544,7.01773],[122.175822,7.016779],[122.177303,7.016199],[122.178583,7.015439],[122.178744,7.014058],[122.178808,7.013237],[122.180124,7.011266],[122.181125,7.010816],[122.182315,7.010556],[122.182786,7.008945],[122.184717,7.009355],[122.186668,7.007794],[122.188008,7.006794],[122.1908,7.005353],[122.19094,7.004613],[122.191951,7.004403],[122.192447,7.004184],[122.19292,7.004528],[122.193347,7.004925],[122.193754,7.005204],[122.194221,7.005857],[122.194571,7.006236],[122.19498,7.006824],[122.195971,7.00708],[122.196353,7.007353],[122.196645,7.007404],[122.196745,7.008214],[122.196971,7.008924],[122.19726,7.009482],[122.197524,7.010089],[122.197884,7.011205],[122.198223,7.011976],[122.198689,7.012759],[122.19901,7.012981],[122.199442,7.014134],[122.200051,7.015259],[122.200187,7.015215],[122.200334,7.0156],[122.200653,7.015985],[122.200595,7.016213],[122.201141,7.016614],[122.201541,7.01651],[122.20177,7.016527],[122.201792,7.01678],[122.202228,7.017002],[122.202574,7.016816],[122.20312,7.017087],[122.203419,7.017031],[122.203637,7.017629],[122.203801,7.017942],[122.204017,7.0181],[122.204102,7.018365],[122.204068,7.018693],[122.204209,7.018939],[122.203422,7.019253],[122.203417,7.0194],[122.204173,7.019278],[122.204197,7.019881],[122.204018,7.020361],[122.203971,7.020746],[122.20388,7.020863],[122.203762,7.021589],[122.20389,7.021995],[122.203859,7.022503],[122.204589,7.022628],[122.20492,7.022954],[122.205189,7.023396],[122.205385,7.023552],[122.205579,7.023527],[122.205649,7.023916],[122.204774,7.023998],[122.204508,7.023849],[122.204343,7.024168],[122.204271,7.024678],[122.204285,7.025119],[122.204514,7.026075],[122.20484,7.026651],[122.205022,7.026383],[122.205251,7.026366],[122.205243,7.026755],[122.205439,7.026775],[122.20566,7.027038],[122.205739,7.027374]]]}},{"type":"Feature","properties":{"psgc_code":"0931700052","name":"Mariki"},"geometry":{"type":"Polygon","coordinates":[[[122.100591,6.903565],[122.099818,6.903614],[122.09944,6.903871],[122.099374,6.903417],[122.098784,6.902464],[122.097883,6.900755],[122.096251,6.901004],[122.095983,6.900801],[122.095043,6.899906],[122.094499,6.899556],[122.094095,6.899592],[122.093298,6.899826],[122.09149,6.899942],[122.089969,6.899992],[122.089824,6.900333],[122.089742,6.900257],[122.089861,6.899621],[122.090101,6.899473],[122.09035,6.899183],[122.089888,6.898849],[122.089525,6.898521],[122.089285,6.898129],[122.088934,6.897866],[122.088934,6.897105],[122.089166,6.896633],[122.089407,6.896631],[122.08961,6.896436],[122.090034,6.896283],[122.090463,6.896204],[122.090244,6.895856],[122.090505,6.895673],[122.090253,6.895166],[122.090561,6.895258],[122.090838,6.895144],[122.090955,6.895631],[122.091075,6.89579],[122.091086,6.896064],[122.091434,6.895848],[122.091338,6.895457],[122.091474,6.895406],[122.091653,6.89578],[122.092005,6.895697],[122.092045,6.894848],[122.092273,6.894804],[122.092403,6.894421],[122.092771,6.894303],[122.09318,6.894271],[122.093327,6.894071],[122.093863,6.894039],[122.093976,6.89431],[122.09389,6.894504],[122.093997,6.894706],[122.094303,6.895002],[122.094508,6.895044],[122.094815,6.894458],[122.094969,6.894467],[122.095134,6.894744],[122.095529,6.894795],[122.095547,6.894494],[122.095404,6.894195],[122.094945,6.894162],[122.09503,6.893772],[122.095843,6.893679],[122.096016,6.893774],[122.096118,6.894095],[122.096008,6.894379],[122.096438,6.894515],[122.096463,6.895702],[122.097652,6.895776],[122.098841,6.895333],[122.099413,6.895232],[122.099828,6.895315],[122.100585,6.89619],[122.101173,6.897166],[122.101894,6.896992],[122.103257,6.896805],[122.104428,6.896775],[122.105766,6.897159],[122.106513,6.898239],[122.107731,6.898682],[122.108839,6.899152],[122.108617,6.90155],[122.105739,6.902846],[122.105644,6.902426],[122.102938,6.901988],[122.102347,6.902274],[122.101566,6.903341],[122.101108,6.903398],[122.100591,6.903565]]]}},{"type":"Feature","properties":{"psgc_code":"0931700053","name":"Mercedes"},"geometry":{"type":"Polygon","coordinates":[[[122.1671,6.974399],[122.16643,6.975772],[122.165749,6.975603],[122.165323,6.975541],[122.165043,6.975307],[122.164089,6.97491],[122.163601,6.974958],[122.163084,6.975085],[122.162498,6.975079],[122.162059,6.975443],[122.161274,6.975886],[122.160692,6.97571],[122.160565,6.975756],[122.160604,6.976075],[122.159985,6.976351],[122.159676,6.976309],[122.159224,6.976133],[122.158876,6.976224],[122.158171,6.974626],[122.158107,6.974221],[122.158278,6.973741],[122.158715,6.971482],[122.159214,6.96873],[122.157867,6.968521],[122.155735,6.968104],[122.153413,6.967756],[122.150453,6.967168],[122.148878,6.967016],[122.146138,6.967029],[122.145803,6.96885],[122.145566,6.968898],[122.145258,6.968543],[122.144923,6.96836],[122.142374,6.966547],[122.139214,6.964258],[122.137946,6.963354],[122.137489,6.963132],[122.136047,6.962655],[122.135552,6.962524],[122.134777,6.962399],[122.133712,6.962524],[122.133421,6.962593],[122.133117,6.962494],[122.132633,6.962122],[122.132203,6.961649],[122.132299,6.96137],[122.132216,6.961118],[122.131877,6.960517],[122.131295,6.959683],[122.13091,6.958918],[122.130773,6.958363],[122.130796,6.957886],[122.131048,6.957162],[122.131172,6.956035],[122.131978,6.955973],[122.132225,6.955918],[122.132372,6.955347],[122.132389,6.95474],[122.132921,6.953386],[122.134049,6.952309],[122.135123,6.949983],[122.138155,6.949446],[122.140509,6.948833],[122.140492,6.948473],[122.140013,6.948216],[122.139628,6.947883],[122.139499,6.947489],[122.139585,6.947189],[122.140449,6.946402],[122.140167,6.945588],[122.140073,6.94516],[122.140038,6.944689],[122.139662,6.943988],[122.139482,6.943534],[122.139542,6.943123],[122.140475,6.94243],[122.140698,6.942079],[122.140715,6.941736],[122.140869,6.940923],[122.140937,6.939236],[122.140783,6.938757],[122.140535,6.938492],[122.140586,6.938226],[122.141066,6.937721],[122.140903,6.936626],[122.14113,6.9364],[122.141674,6.935312],[122.141146,6.933472],[122.141594,6.932912],[122.142122,6.932784],[122.142202,6.932449],[122.141914,6.932129],[122.140938,6.932385],[122.140394,6.932417],[122.139818,6.932832],[122.139355,6.933088],[122.139051,6.932992],[122.138891,6.932337],[122.138283,6.931793],[122.137259,6.930065],[122.136903,6.929165],[122.137212,6.928919],[122.138104,6.928747],[122.139013,6.928783],[122.139805,6.92891],[122.140187,6.92891],[122.140741,6.928838],[122.141724,6.928428],[122.14287,6.927792],[122.143661,6.927073],[122.144243,6.926582],[122.145844,6.925154],[122.146679,6.924544],[122.147768,6.923662],[122.149794,6.922477],[122.152176,6.922119],[122.1538,6.922025],[122.153961,6.922896],[122.155189,6.922816],[122.155451,6.922911],[122.155666,6.922828],[122.156405,6.923009],[122.157038,6.923003],[122.157602,6.923279],[122.156935,6.923344],[122.15677,6.923502],[122.157087,6.923627],[122.157725,6.923713],[122.157979,6.923498],[122.158002,6.923822],[122.157723,6.92415],[122.157283,6.923782],[122.157012,6.923688],[122.156892,6.923845],[122.157101,6.924257],[122.157339,6.92425],[122.157446,6.924636],[122.157796,6.925294],[122.158187,6.925842],[122.158466,6.926067],[122.159199,6.927062],[122.159538,6.927772],[122.159518,6.928025],[122.159651,6.928369],[122.15957,6.928639],[122.159333,6.928621],[122.159237,6.9283],[122.158719,6.927774],[122.158633,6.927613],[122.158075,6.927646],[122.157658,6.927593],[122.157277,6.927664],[122.156407,6.927381],[122.156176,6.927426],[122.155787,6.927294],[122.155391,6.927327],[122.155154,6.927235],[122.154122,6.927603],[122.153913,6.927568],[122.153664,6.927684],[122.153211,6.92769],[122.152507,6.927851],[122.152162,6.928128],[122.151799,6.928158],[122.151637,6.928422],[122.151177,6.928839],[122.150946,6.92889],[122.150881,6.929127],[122.151099,6.929281],[122.151264,6.929599],[122.151919,6.929257],[122.152187,6.929244],[122.152766,6.929073],[122.153143,6.929014],[122.153725,6.929244],[122.154043,6.929254],[122.154478,6.92947],[122.154412,6.929803],[122.154106,6.929971],[122.154001,6.930292],[122.153509,6.930802],[122.153398,6.93105],[122.153794,6.931087],[122.154073,6.930998],[122.155172,6.931192],[122.155259,6.931412],[122.15593,6.930839],[122.156141,6.931123],[122.156383,6.931179],[122.156895,6.931075],[122.156912,6.93135],[122.157447,6.931538],[122.157494,6.931447],[122.158439,6.931835],[122.159492,6.931924],[122.159883,6.931782],[122.161476,6.932014],[122.16182,6.932495],[122.162295,6.932339],[122.162476,6.932492],[122.162387,6.932739],[122.162527,6.933036],[122.162719,6.932934],[122.163779,6.932882],[122.164077,6.933221],[122.16436,6.933184],[122.164465,6.933319],[122.164858,6.933147],[122.164971,6.933626],[122.165178,6.933894],[122.164986,6.934175],[122.164984,6.934453],[122.165616,6.93437],[122.165989,6.934638],[122.165683,6.935156],[122.165623,6.937285],[122.164493,6.93791],[122.163425,6.937771],[122.163242,6.938145],[122.161505,6.939969],[122.161791,6.940734],[122.161357,6.942428],[122.161427,6.943097],[122.159854,6.945338],[122.158933,6.946772],[122.158212,6.947449],[122.158167,6.948281],[122.157833,6.948683],[122.15756,6.950054],[122.157162,6.951307],[122.156511,6.953215],[122.156002,6.955196],[122.158601,6.956458],[122.161579,6.957179],[122.163811,6.957664],[122.1657,6.958247],[122.164542,6.962241],[122.16719,6.96283],[122.167271,6.964731],[122.167272,6.966384],[122.167098,6.967421],[122.166851,6.970294],[122.1671,6.974399]]]}},{"type":"Feature","properties":{"psgc_code":"0931700054","name":"Muti"},"geometry":{"type":"Polygon","coordinates":[[[122.274742,7.288037],[122.27203,7.288435],[122.269081,7.287825],[122.266257,7.286656],[122.263772,7.28553],[122.262449,7.285461],[122.259973,7.285785],[122.257684,7.286457],[122.254735,7.285088],[122.249733,7.285411],[122.249434,7.285822],[122.248688,7.287116],[122.24773,7.288062],[122.247556,7.288895],[122.247021,7.288982],[122.246087,7.289007],[122.245154,7.289107],[122.244594,7.288771],[122.244408,7.288236],[122.243897,7.287912],[122.243213,7.287639],[122.242554,7.287701],[122.240973,7.28795],[122.2407,7.288298],[122.240351,7.288572],[122.240078,7.289057],[122.24004,7.289617],[122.239543,7.290077],[122.238958,7.289916],[122.238535,7.290276],[122.238025,7.290339],[122.237017,7.290874],[122.235125,7.291446],[122.235038,7.291882],[122.234615,7.292193],[122.233558,7.291807],[122.231044,7.290774],[122.230397,7.290351],[122.229862,7.290053],[122.22934,7.289667],[122.228792,7.289542],[122.22842,7.289674],[122.228114,7.289456],[122.228041,7.289106],[122.228041,7.288523],[122.22772,7.288275],[122.227297,7.288056],[122.22705,7.287182],[122.22721,7.286963],[122.227297,7.28638],[122.227297,7.285812],[122.227662,7.285506],[122.22753,7.284864],[122.228915,7.283669],[122.230358,7.281701],[122.232151,7.281687],[122.232195,7.279923],[122.232763,7.27934],[122.233973,7.278553],[122.234556,7.277358],[122.235358,7.276061],[122.237719,7.273379],[122.23938,7.270741],[122.240561,7.269006],[122.242128,7.267912],[122.244555,7.267082],[122.245779,7.266033],[122.247382,7.265581],[122.247863,7.264546],[122.249248,7.26338],[122.251128,7.261864],[122.2533,7.260683],[122.254598,7.259806],[122.255162,7.259703],[122.255946,7.259],[122.25598,7.258435],[122.256222,7.257824],[122.256552,7.258312],[122.259107,7.259401],[122.260057,7.259164],[122.260137,7.257817],[122.261424,7.257361],[122.262434,7.256711],[122.264553,7.256173],[122.267227,7.256965],[122.269287,7.255975],[122.271148,7.255203],[122.273941,7.254371],[122.275367,7.252727],[122.276832,7.250568],[122.27705,7.249519],[122.277144,7.249875],[122.278213,7.249899],[122.278003,7.249969],[122.278211,7.250304],[122.278025,7.250463],[122.277717,7.250572],[122.277721,7.250907],[122.277987,7.250756],[122.278682,7.250715],[122.278581,7.250998],[122.278643,7.251352],[122.27882,7.251324],[122.27913,7.25149],[122.279215,7.251832],[122.279434,7.2519],[122.279651,7.25218],[122.279631,7.252588],[122.2801,7.252588],[122.279909,7.252387],[122.279847,7.252075],[122.280186,7.251954],[122.280411,7.252053],[122.280371,7.251707],[122.280699,7.251682],[122.280777,7.251822],[122.28106,7.251908],[122.281355,7.251611],[122.281601,7.251548],[122.282046,7.251619],[122.282131,7.252581],[122.281812,7.25264],[122.281527,7.252828],[122.281167,7.25338],[122.280875,7.253474],[122.280679,7.253919],[122.280707,7.25426],[122.280397,7.254523],[122.280253,7.254753],[122.280671,7.255219],[122.281258,7.255207],[122.281596,7.254955],[122.281841,7.255025],[122.282137,7.25532],[122.28203,7.255781],[122.282344,7.255919],[122.282681,7.25641],[122.282845,7.256424],[122.283191,7.256694],[122.283217,7.256892],[122.283433,7.256892],[122.283467,7.257375],[122.283595,7.257697],[122.283965,7.258292],[122.284123,7.258737],[122.284159,7.259141],[122.284295,7.259342],[122.284372,7.259761],[122.284526,7.259954],[122.284541,7.260822],[122.284441,7.260927],[122.28443,7.261616],[122.284287,7.261855],[122.283108,7.261822],[122.282693,7.261875],[122.282405,7.26243],[122.28196,7.262592],[122.281535,7.262343],[122.281282,7.262752],[122.281318,7.263017],[122.28097,7.263273],[122.281012,7.263696],[122.280785,7.263719],[122.280706,7.263905],[122.280313,7.264043],[122.279955,7.263958],[122.279994,7.264245],[122.280298,7.264364],[122.280601,7.264713],[122.280592,7.265031],[122.280245,7.265245],[122.280267,7.26546],[122.280748,7.265774],[122.280971,7.265818],[122.281333,7.266075],[122.281451,7.266403],[122.282105,7.266483],[122.28207,7.266675],[122.282178,7.267168],[122.282468,7.267177],[122.283036,7.26707],[122.283675,7.267417],[122.283902,7.267607],[122.284108,7.268228],[122.284085,7.268394],[122.283696,7.268723],[122.283854,7.268827],[122.283558,7.269272],[122.283459,7.269564],[122.283704,7.269919],[122.283591,7.270202],[122.283854,7.270181],[122.283965,7.270635],[122.283847,7.270795],[122.283874,7.271048],[122.284178,7.271272],[122.284316,7.271541],[122.284495,7.271574],[122.284647,7.272046],[122.28488,7.272122],[122.284774,7.272532],[122.28485,7.272689],[122.285275,7.272864],[122.285198,7.273468],[122.285109,7.273692],[122.285389,7.274008],[122.285239,7.274365],[122.285362,7.274639],[122.285545,7.274568],[122.285656,7.274775],[122.285907,7.274898],[122.286119,7.275238],[122.286305,7.275181],[122.286718,7.27525],[122.286676,7.275518],[122.287184,7.275248],[122.287476,7.275217],[122.2878,7.275399],[122.288149,7.275235],[122.288565,7.275183],[122.289239,7.27518],[122.289448,7.275475],[122.289417,7.275701],[122.289688,7.276353],[122.289745,7.27666],[122.289947,7.277173],[122.290163,7.277461],[122.290069,7.277647],[122.290067,7.277972],[122.2903,7.279048],[122.290199,7.279238],[122.290133,7.279985],[122.290295,7.280391],[122.290212,7.280676],[122.29004,7.280778],[122.289878,7.281156],[122.290031,7.281866],[122.289795,7.282156],[122.289503,7.282337],[122.289416,7.282613],[122.289702,7.283629],[122.289495,7.284043],[122.289454,7.284488],[122.289259,7.284693],[122.288854,7.284855],[122.288747,7.285143],[122.288907,7.285348],[122.289403,7.284899],[122.289701,7.284987],[122.289722,7.285314],[122.289468,7.285627],[122.289444,7.2858],[122.289214,7.285967],[122.288969,7.286291],[122.289213,7.286405],[122.289748,7.286523],[122.289821,7.286655],[122.289772,7.287212],[122.28968,7.287356],[122.289745,7.287611],[122.289623,7.287781],[122.289207,7.287591],[122.289259,7.288346],[122.289227,7.288812],[122.285231,7.289007],[122.281922,7.288435],[122.279471,7.287925],[122.276758,7.288099],[122.274742,7.288037]]]}},{"type":"Feature","properties":{"psgc_code":"0931700055","name":"Pamucutan"},"geometry":{"type":"Polygon","coordinates":[[[121.978511,7.054458],[121.972844,7.05711],[121.971344,7.054503],[121.970852,7.053372],[121.972008,7.048699],[121.970213,7.044863],[121.967135,7.04196],[121.964637,7.041772],[121.96362,7.03945],[121.962149,7.039561],[121.961259,7.039278],[121.961543,7.037625],[121.963429,7.03548],[121.964218,7.033705],[121.963232,7.033433],[121.962554,7.033002],[121.961937,7.032915],[121.961,7.032694],[121.960741,7.032213],[121.960174,7.03188],[121.959323,7.031498],[121.958941,7.031152],[121.958189,7.030856],[121.957609,7.030807],[121.957375,7.030425],[121.956771,7.030055],[121.956389,7.029697],[121.95597,7.029426],[121.954872,7.029081],[121.95417,7.029019],[121.953837,7.028723],[121.953948,7.028119],[121.953886,7.026973],[121.953541,7.025912],[121.953121,7.024729],[121.953048,7.024149],[121.953195,7.023557],[121.953875,7.022966],[121.954193,7.02254],[121.954291,7.021883],[121.953645,7.021226],[121.953208,7.020526],[121.95312,7.020012],[121.953142,7.019125],[121.952967,7.01802],[121.952288,7.016904],[121.951588,7.016313],[121.950527,7.015339],[121.950001,7.014956],[121.949027,7.014562],[121.947999,7.014266],[121.94709,7.013752],[121.946335,7.013106],[121.944989,7.012439],[121.944157,7.011125],[121.943599,7.010863],[121.942965,7.010907],[121.94256,7.010786],[121.942078,7.009922],[121.942628,7.008997],[121.943402,7.006123],[121.943758,7.00386],[121.943575,7.002361],[121.943385,7.00206],[121.942909,7.001799],[121.945033,7.000723],[121.945505,6.999723],[121.945708,6.998644],[121.945955,6.996081],[121.94446,6.995485],[121.943448,6.993057],[121.94265,6.992112],[121.941937,6.990471],[121.942677,6.988733],[121.943516,6.988023],[121.944202,6.987314],[121.944842,6.986307],[121.944996,6.986281],[121.946532,6.984911],[121.946924,6.982934],[121.947374,6.982568],[121.949106,6.982685],[121.949164,6.983103],[121.94959,6.983322],[121.949989,6.983915],[121.950404,6.984447],[121.950404,6.984688],[121.951255,6.985409],[121.951948,6.986176],[121.952817,6.986703],[121.953187,6.987378],[121.953418,6.988562],[121.95487,6.987267],[121.955831,6.987452],[121.956571,6.98846],[121.956608,6.990022],[121.957264,6.991474],[121.957153,6.99287],[121.957819,6.994164],[121.955202,6.995838],[121.956589,6.996661],[121.957061,6.996984],[121.957874,6.996448],[121.959391,6.996568],[121.960352,6.996901],[121.962506,6.99789],[121.962529,6.999233],[121.96272,6.999498],[121.962615,7.000136],[121.962849,7.000397],[121.963102,7.000802],[121.963413,7.001012],[121.963865,7.001168],[121.963857,7.001464],[121.96374,7.001686],[121.965086,7.00648],[121.965705,7.00954],[121.96623,7.010988],[121.966642,7.013367],[121.966756,7.014358],[121.96668,7.01762],[121.967305,7.017544],[121.968601,7.01759],[121.969127,7.017834],[121.969508,7.018444],[121.969981,7.018916],[121.97088,7.019884],[121.971361,7.021066],[121.972352,7.022103],[121.972992,7.022583],[121.973907,7.023719],[121.974806,7.023788],[121.975203,7.023574],[121.975523,7.023826],[121.975591,7.024878],[121.975515,7.025686],[121.975934,7.026811],[121.976246,7.026904],[121.976683,7.026855],[121.977289,7.027134],[121.977948,7.027339],[121.978395,7.027431],[121.978694,7.027244],[121.979582,7.027108],[121.979844,7.026976],[121.980291,7.026523],[121.98089,7.026036],[121.981359,7.025993],[121.982166,7.025257],[121.982454,7.025406],[121.983218,7.025988],[121.983474,7.026045],[121.983924,7.02591],[121.98454,7.025143],[121.984834,7.025135],[121.985466,7.025392],[121.986109,7.02595],[121.986836,7.026041],[121.987726,7.026002],[121.988603,7.025736],[121.988986,7.025736],[121.989986,7.02595],[121.990803,7.02622],[121.99077,7.026453],[121.990859,7.027716],[121.990367,7.028013],[121.989982,7.028499],[121.989674,7.029896],[121.98921,7.029838],[121.988739,7.029985],[121.988677,7.030173],[121.98791,7.030269],[121.987013,7.030457],[121.986099,7.030201],[121.98594,7.030292],[121.985509,7.031093],[121.985151,7.031303],[121.983839,7.031638],[121.983538,7.031626],[121.983362,7.032109],[121.982823,7.0322],[121.982454,7.03233],[121.982221,7.032836],[121.982295,7.033375],[121.982125,7.033846],[121.982216,7.034226],[121.982613,7.034266],[121.982749,7.034658],[121.982687,7.034885],[121.982221,7.035089],[121.98179,7.03539],[121.981267,7.035583],[121.98095,7.035612],[121.980774,7.035436],[121.98016,7.03551],[121.97999,7.035623],[121.979797,7.035952],[121.979661,7.035992],[121.979218,7.035822],[121.978616,7.035947],[121.978293,7.035725],[121.977941,7.035703],[121.977679,7.03593],[121.977418,7.036321],[121.977384,7.0366],[121.977509,7.03677],[121.977015,7.037037],[121.976595,7.037429],[121.976141,7.038008],[121.975664,7.038422],[121.975579,7.038627],[121.97534,7.038803],[121.974846,7.039041],[121.974659,7.039052],[121.974107,7.038779],[121.974802,7.039765],[121.975261,7.040377],[121.97576,7.040856],[121.976692,7.041591],[121.977002,7.041893],[121.977565,7.04276],[121.977575,7.043298],[121.977664,7.043564],[121.977965,7.043752],[121.978093,7.043998],[121.978591,7.044284],[121.978858,7.045034],[121.979173,7.04531],[121.979741,7.045389],[121.980125,7.045912],[121.980392,7.045976],[121.980841,7.045952],[121.981206,7.04611],[121.981615,7.046539],[121.981971,7.046657],[121.982193,7.046914],[121.982671,7.04795],[121.983386,7.048295],[121.983598,7.048487],[121.983539,7.048749],[121.982992,7.049341],[121.982755,7.049346],[121.98239,7.049474],[121.982094,7.049795],[121.982054,7.050076],[121.981186,7.050187],[121.980899,7.04993],[121.980237,7.049224],[121.979973,7.048797],[121.979605,7.048849],[121.979228,7.049201],[121.978738,7.049099],[121.978204,7.048928],[121.978511,7.054458]]]}},{"type":"Feature","properties":{"psgc_code":"0931700056","name":"Pangapuyan"},"geometry":{"type":"Polygon","coordinates":[[[122.181616,6.919017],[122.181496,6.919007],[122.181073,6.918697],[122.180722,6.918326],[122.180554,6.916964],[122.180408,6.916586],[122.180028,6.915986],[122.179683,6.915273],[122.179408,6.915228],[122.179219,6.915089],[122.179194,6.914808],[122.179008,6.914466],[122.179,6.913657],[122.179266,6.9133],[122.179239,6.9128],[122.179702,6.912528],[122.179928,6.912755],[122.180397,6.912769],[122.180593,6.913154],[122.180432,6.913377],[122.180451,6.913746],[122.180289,6.914149],[122.180755,6.914275],[122.180869,6.914502],[122.181075,6.914589],[122.181279,6.914352],[122.181518,6.914371],[122.182298,6.913886],[122.182761,6.913799],[122.182743,6.914071],[122.182866,6.914579],[122.183325,6.915347],[122.183781,6.915215],[122.184049,6.915424],[122.183794,6.915642],[122.183858,6.915998],[122.184081,6.916135],[122.183597,6.917059],[122.183349,6.917338],[122.183226,6.91772],[122.183018,6.917398],[122.182688,6.917771],[122.182515,6.917633],[122.182541,6.917234],[122.181887,6.917648],[122.181921,6.918042],[122.181558,6.918325],[122.181539,6.918528],[122.181724,6.918938],[122.181616,6.919017]]]}},{"type":"Feature","properties":{"psgc_code":"0931700057","name":"Panubigan"},"geometry":{"type":"MultiPolygon","coordinates":[[[[122.270011,7.118885],[122.269401,7.11832],[122.269499,7.118158],[122.269545,7.117719],[122.269401,7.117373],[122.269676,7.117091],[122.26991,7.117119],[122.270195,7.117273],[122.270317,7.117503],[122.270526,7.117611],[122.270576,7.117894],[122.270788,7.118064],[122.270973,7.118546],[122.27072,7.118668],[122.270385,7.118706],[122.270011,7.118885]]],[[[122.271719,7.119904],[122.271543,7.119901],[122.271298,7.119683],[122.271613,7.119352],[122.271756,7.119079],[122.271981,7.118996],[122.272353,7.11906],[122.272344,7.119372],[122.271719,7.119904]]],[[[122.270754,7.120997],[122.270616,7.120762],[122.270616,7.12048],[122.271022,7.120386],[122.271173,7.120583],[122.27107,7.120962],[122.270754,7.120997]]],[[[122.272586,7.126155],[122.272381,7.126226],[122.272192,7.126082],[122.272041,7.125787],[122.271691,7.125393],[122.271393,7.124891],[122.271427,7.124714],[122.271693,7.124695],[122.271969,7.124481],[122.27255,7.124212],[122.273104,7.124023],[122.27323,7.123867],[122.273564,7.123684],[122.273869,7.123605],[122.274324,7.123611],[122.274657,7.123693],[122.274863,7.124073],[122.275115,7.12431],[122.275283,7.1248],[122.275222,7.124999],[122.274687,7.125328],[122.273771,7.125713],[122.273355,7.1258],[122.272816,7.126097],[122.272586,7.126155]]],[[[122.262215,7.131991],[122.261867,7.131858],[122.261542,7.131854],[122.261313,7.131711],[122.260965,7.131858],[122.260848,7.131713],[122.261059,7.131047],[122.261165,7.130323],[122.261469,7.130167],[122.261575,7.129758],[122.261968,7.129345],[122.262398,7.129109],[122.262571,7.129149],[122.262714,7.129562],[122.262841,7.129717],[122.262949,7.130099],[122.26295,7.130907],[122.262797,7.131324],[122.262566,7.131718],[122.262215,7.131991]]],[[[122.268156,7.135241],[122.267933,7.13548],[122.267466,7.135189],[122.267318,7.134514],[122.267537,7.134137],[122.267641,7.133807],[122.267437,7.13355],[122.266196,7.132931],[122.265977,7.132663],[122.266012,7.132283],[122.266503,7.131887],[122.266715,7.131485],[122.267304,7.130759],[122.267596,7.130144],[122.267514,7.129776],[122.267741,7.129424],[122.267705,7.129086],[122.267798,7.128643],[122.267934,7.128536],[122.268245,7.127845],[122.268562,7.127525],[122.269392,7.127893],[122.26969,7.128076],[122.270243,7.128765],[122.270466,7.128945],[122.271032,7.129635],[122.271002,7.129904],[122.270818,7.13034],[122.270897,7.130726],[122.27102,7.130918],[122.271154,7.131744],[122.271033,7.132148],[122.270709,7.132362],[122.270732,7.132502],[122.270523,7.133152],[122.270285,7.133528],[122.270281,7.133686],[122.269926,7.133989],[122.269862,7.134377],[122.269614,7.134804],[122.269374,7.134967],[122.268953,7.13501],[122.268156,7.135241]]],[[[122.258245,7.136845],[122.258302,7.136571],[122.258584,7.136447],[122.258729,7.136642],[122.258596,7.136837],[122.258245,7.136845]]],[[[122.256841,7.137511],[122.256533,7.137343],[122.256036,7.137237],[122.255746,7.136969],[122.255541,7.136887],[122.255359,7.136597],[122.255197,7.135803],[122.25479,7.13517],[122.254544,7.134563],[122.254467,7.133916],[122.254504,7.13363],[122.254687,7.133594],[122.254882,7.133271],[122.255405,7.132855],[122.255963,7.132706],[122.256559,7.132971],[122.256968,7.133535],[122.257136,7.134198],[122.257275,7.134487],[122.257363,7.134938],[122.25735,7.135879],[122.257588,7.136424],[122.257588,7.136801],[122.257046,7.137174],[122.257022,7.137468],[122.256841,7.137511]]],[[[122.254521,7.139145],[122.253938,7.139085],[122.253698,7.138836],[122.253628,7.138606],[122.253759,7.138253],[122.254155,7.13822],[122.254655,7.137968],[122.254822,7.138225],[122.254812,7.138812],[122.25476,7.139005],[122.254521,7.139145]]],[[[122.257392,7.140268],[122.257013,7.140473],[122.256903,7.140346],[122.256439,7.140108],[122.256379,7.139758],[122.256094,7.139667],[122.255966,7.139418],[122.255818,7.139398],[122.255655,7.139113],[122.255535,7.138593],[122.255546,7.13831],[122.255788,7.137963],[122.256001,7.137896],[122.256305,7.138055],[122.257076,7.137782],[122.257313,7.137875],[122.257443,7.137689],[122.257996,7.137474],[122.258174,7.137328],[122.258578,7.137449],[122.258809,7.137705],[122.258689,7.137985],[122.258743,7.138374],[122.258429,7.138624],[122.25831,7.138852],[122.257913,7.139224],[122.257823,7.139533],[122.257392,7.140268]]],[[[122.251088,7.117275],[122.251175,7.117737],[122.251337,7.117713],[122.251439,7.117962],[122.252104,7.11815],[122.252534,7.117874],[122.253116,7.11786],[122.253488,7.117541],[122.25386,7.117357],[122.254062,7.117407],[122.25447,7.117239],[122.254767,7.116983],[122.25481,7.116804],[122.255149,7.116487],[122.255378,7.116458],[122.255487,7.116612],[122.255745,7.11669],[122.255971,7.116621],[122.256076,7.116827],[122.256112,7.117263],[122.256339,7.117565],[122.256592,7.118127],[122.256578,7.118331],[122.25679,7.118653],[122.257139,7.119017],[122.257192,7.119315],[122.257633,7.119455],[122.257817,7.119855],[122.258084,7.120009],[122.25836,7.120326],[122.258337,7.120463],[122.258733,7.12103],[122.258716,7.121988],[122.258648,7.122343],[122.25859,7.12323],[122.25836,7.123582],[122.258315,7.12397],[122.258161,7.124066],[122.258339,7.124654],[122.258302,7.125204],[122.257759,7.126528],[122.257578,7.12653],[122.257369,7.1268],[122.257355,7.127018],[122.257116,7.127151],[122.256998,7.127566],[122.256754,7.12761],[122.256847,7.128018],[122.256672,7.128135],[122.256388,7.128529],[122.25621,7.128917],[122.255922,7.129121],[122.255872,7.12931],[122.25564,7.129479],[122.255406,7.129397],[122.255129,7.129658],[122.254958,7.129925],[122.254952,7.13015],[122.254553,7.130238],[122.254265,7.130556],[122.254081,7.130879],[122.254018,7.131245],[122.253484,7.132005],[122.253159,7.132199],[122.25287,7.132487],[122.25276,7.132379],[122.252414,7.132731],[122.252131,7.132732],[122.251464,7.132996],[122.251144,7.133183],[122.250522,7.133422],[122.250198,7.133322],[122.249867,7.13335],[122.249419,7.133687],[122.248992,7.134221],[122.248602,7.134622],[122.248086,7.134711],[122.248041,7.134851],[122.247648,7.134924],[122.247347,7.135076],[122.246816,7.13477],[122.246611,7.13478],[122.246208,7.134537],[122.24579,7.134027],[122.245875,7.133915],[122.246511,7.133858],[122.246828,7.133458],[122.246551,7.133277],[122.246692,7.132978],[122.246909,7.132759],[122.246693,7.132672],[122.245845,7.133025],[122.245318,7.132858],[122.244993,7.132526],[122.244683,7.132694],[122.244488,7.132571],[122.244057,7.132554],[122.243826,7.132237],[122.243285,7.13165],[122.243252,7.131811],[122.243505,7.132053],[122.243467,7.132197],[122.243639,7.132526],[122.243684,7.133112],[122.243889,7.133245],[122.243755,7.133406],[122.244059,7.133877],[122.243713,7.133947],[122.243745,7.134163],[122.244037,7.13434],[122.244077,7.134642],[122.244314,7.13468],[122.244491,7.134855],[122.244343,7.135003],[122.244384,7.135214],[122.244222,7.135344],[122.244413,7.13561],[122.244728,7.135894],[122.244778,7.13633],[122.244985,7.136361],[122.244908,7.136673],[122.244607,7.136626],[122.244143,7.136737],[122.243955,7.136646],[122.243722,7.136711],[122.24372,7.137],[122.244034,7.136908],[122.243963,7.137173],[122.243769,7.13724],[122.243788,7.137609],[122.244127,7.137552],[122.244073,7.138076],[122.244297,7.138059],[122.244729,7.137845],[122.245363,7.13835],[122.245273,7.139262],[122.245357,7.139536],[122.24572,7.1392],[122.24585,7.138954],[122.246191,7.138906],[122.246697,7.138981],[122.246771,7.138756],[122.246964,7.13876],[122.24715,7.139146],[122.24744,7.139516],[122.247264,7.139735],[122.246667,7.13971],[122.246396,7.139651],[122.246051,7.139795],[122.246545,7.139946],[122.246571,7.140089],[122.247036,7.139986],[122.247311,7.140164],[122.247588,7.140584],[122.247366,7.140672],[122.247639,7.141037],[122.247503,7.14118],[122.247487,7.141423],[122.247333,7.141659],[122.2473,7.141969],[122.246757,7.142424],[122.245386,7.140371],[122.244169,7.139128],[122.243366,7.139534],[122.241692,7.136747],[122.234936,7.137428],[122.234125,7.137463],[122.233081,7.136281],[122.233148,7.135103],[122.233174,7.133977],[122.23333,7.132452],[122.233329,7.131168],[122.234171,7.129978],[122.234442,7.129266],[122.234869,7.128399],[122.234714,7.127557],[122.235038,7.126587],[122.235387,7.126134],[122.235387,7.124982],[122.235646,7.124335],[122.235957,7.123739],[122.235988,7.12323],[122.23646,7.123182],[122.236953,7.122812],[122.23733,7.122306],[122.237569,7.121785],[122.238035,7.121826],[122.238692,7.122025],[122.238916,7.121908],[122.238823,7.121519],[122.239026,7.121202],[122.239551,7.121492],[122.24036,7.121804],[122.240475,7.122055],[122.241639,7.12234],[122.241836,7.122093],[122.241831,7.121809],[122.242082,7.121656],[122.242356,7.120918],[122.242356,7.120513],[122.242011,7.120037],[122.241842,7.11989],[122.242143,7.119348],[122.242301,7.118938],[122.242082,7.118517],[122.242252,7.117741],[122.242553,7.117626],[122.242979,7.117916],[122.243357,7.117686],[122.243537,7.117112],[122.24357,7.116751],[122.243821,7.116182],[122.243794,7.115788],[122.243433,7.115438],[122.243575,7.115076],[122.244082,7.114784],[122.24482,7.1146],[122.24545,7.115353],[122.246787,7.117858],[122.247433,7.118688],[122.248002,7.118888],[122.248816,7.118688],[122.250522,7.117551],[122.251088,7.117275]]]]}},{"type":"Feature","properties":{"psgc_code":"0931700058","name":"Pasilmanta"},"geometry":{"type":"Polygon","coordinates":[[[122.279464,6.970172],[122.279984,6.971042],[122.280252,6.971552],[122.281021,6.972744],[122.281594,6.973589],[122.282013,6.974157],[122.282619,6.974455],[122.283387,6.974538],[122.283847,6.974771],[122.28395,6.975235],[122.284276,6.975692],[122.284879,6.976833],[122.284993,6.97692],[122.285231,6.977469],[122.285529,6.977702],[122.285591,6.977889],[122.285533,6.978215],[122.285668,6.978298],[122.285462,6.978642],[122.28526,6.978782],[122.284973,6.979122],[122.284495,6.979481],[122.284064,6.97996],[122.283998,6.980173],[122.28364,6.980578],[122.283143,6.981977],[122.282727,6.983412],[122.28237,6.984258],[122.282016,6.985179],[122.281714,6.986168],[122.281433,6.986542],[122.281189,6.98643],[122.281018,6.986825],[122.281009,6.987151],[122.280859,6.987406],[122.280587,6.987481],[122.280084,6.987454],[122.279785,6.987495],[122.279612,6.987619],[122.279668,6.98787],[122.279405,6.988229],[122.27973,6.988411],[122.279923,6.988067],[122.279816,6.987918],[122.279993,6.987734],[122.280228,6.98781],[122.280194,6.988262],[122.280486,6.988242],[122.280392,6.988539],[122.279889,6.988565],[122.279557,6.988672],[122.279185,6.988359],[122.278734,6.988536],[122.27873,6.988893],[122.278809,6.989259],[122.278484,6.98929],[122.278456,6.989479],[122.278782,6.98942],[122.278892,6.989551],[122.278569,6.989734],[122.278181,6.990069],[122.27773,6.990252],[122.277147,6.990344],[122.27689,6.990635],[122.276277,6.991728],[122.275932,6.992245],[122.275542,6.992918],[122.275404,6.993084],[122.274688,6.994258],[122.273747,6.995693],[122.272917,6.997085],[122.272893,6.99722],[122.273102,6.997657],[122.273104,6.998051],[122.272968,6.998342],[122.272911,6.998738],[122.272613,6.999218],[122.272323,6.999521],[122.271788,6.999829],[122.27148,7.000122],[122.27122,7.000158],[122.270337,6.999843],[122.269731,6.999379],[122.269491,6.999295],[122.269396,6.998544],[122.269325,6.998277],[122.269071,6.998266],[122.268987,6.99796],[122.268732,6.998012],[122.268304,6.997859],[122.268101,6.997963],[122.267847,6.997793],[122.267598,6.997929],[122.267398,6.99756],[122.267117,6.997513],[122.266986,6.997318],[122.266746,6.997281],[122.26658,6.997098],[122.266534,6.996803],[122.26641,6.996739],[122.266087,6.997324],[122.265787,6.997144],[122.265566,6.997273],[122.265397,6.997078],[122.265212,6.997266],[122.265077,6.997108],[122.264756,6.99714],[122.264329,6.996945],[122.264194,6.996995],[122.263561,6.996738],[122.263431,6.996554],[122.263343,6.996164],[122.263344,6.995763],[122.263238,6.995686],[122.263118,6.996209],[122.263165,6.996602],[122.262973,6.996965],[122.2626,6.9969],[122.262369,6.996982],[122.262207,6.996865],[122.262099,6.996347],[122.261682,6.996244],[122.261497,6.996836],[122.26125,6.996722],[122.260733,6.996822],[122.260494,6.99673],[122.260052,6.996944],[122.259573,6.996749],[122.259346,6.996848],[122.259054,6.996675],[122.258981,6.996838],[122.258242,6.996766],[122.258216,6.996427],[122.258055,6.996344],[122.257824,6.996653],[122.257658,6.996538],[122.257369,6.996597],[122.256905,6.996568],[122.256573,6.996704],[122.255796,6.99623],[122.255678,6.996044],[122.255448,6.996212],[122.255183,6.996193],[122.254923,6.995935],[122.254686,6.996043],[122.254709,6.995972],[122.255764,6.993909],[122.257404,6.991073],[122.258061,6.988613],[122.258482,6.98491],[122.262307,6.982352],[122.265938,6.980814],[122.270978,6.97855],[122.275207,6.975219],[122.27619,6.973083],[122.278842,6.970444],[122.279464,6.970172]]]}},{"type":"Feature","properties":{"psgc_code":"0931700059","name":"Pasonanca"},"geometry":{"type":"Polygon","coordinates":[[[122.083414,6.97677],[122.083112,6.977466],[122.083072,6.977838],[122.083099,6.978295],[122.083848,6.978729],[122.084331,6.979048],[122.084482,6.979217],[122.084464,6.979625],[122.084291,6.979731],[122.083941,6.979713],[122.083476,6.979771],[122.083201,6.980015],[122.083095,6.980422],[122.083387,6.98079],[122.084043,6.981131],[122.084464,6.981934],[122.084433,6.982297],[122.084548,6.982629],[122.084858,6.982714],[122.085155,6.9827],[122.085909,6.982971],[122.086764,6.982878],[122.08727,6.982926],[122.087478,6.983095],[122.087664,6.983507],[122.087806,6.983671],[122.088058,6.98438],[122.088364,6.984513],[122.088799,6.984553],[122.088869,6.984695],[122.089166,6.984628],[122.090416,6.984708],[122.090093,6.984943],[122.089264,6.985147],[122.088954,6.985453],[122.088723,6.985993],[122.088971,6.986184],[122.089268,6.985874],[122.089477,6.985936],[122.089406,6.986392],[122.089552,6.986782],[122.089441,6.987221],[122.089175,6.98731],[122.088883,6.987642],[122.088355,6.987762],[122.087797,6.987611],[122.087788,6.987806],[122.087974,6.988214],[122.088045,6.988688],[122.087934,6.988963],[122.087642,6.988918],[122.087478,6.98906],[122.087859,6.989291],[122.087792,6.989561],[122.087593,6.989699],[122.087194,6.989743],[122.08699,6.99004],[122.086711,6.990208],[122.086454,6.989889],[122.086286,6.989907],[122.085851,6.990744],[122.08567,6.9909],[122.085359,6.990975],[122.085,6.990705],[122.084668,6.991015],[122.084601,6.991236],[122.084921,6.991618],[122.084796,6.991839],[122.084562,6.992531],[122.084597,6.993244],[122.084854,6.993293],[122.085271,6.993],[122.085399,6.993102],[122.085466,6.993674],[122.085426,6.994232],[122.085576,6.994782],[122.085865,6.994711],[122.086312,6.994423],[122.086485,6.994547],[122.086587,6.995017],[122.086693,6.995114],[122.086936,6.998795],[122.08779,7.001914],[122.08728,7.00387],[122.087067,7.007262],[122.086118,7.009551],[122.084012,7.008448],[122.08218,7.007234],[122.08058,7.005653],[122.079077,7.004554],[122.07686,7.003532],[122.07659,6.999658],[122.076224,6.992467],[122.076609,6.987089],[122.075106,6.98279],[122.074142,6.978241],[122.075568,6.973325],[122.073313,6.974771],[122.070325,6.975137],[122.068395,6.975122],[122.068137,6.975716],[122.068008,6.97658],[122.068092,6.976948],[122.068079,6.977348],[122.067873,6.97789],[122.067563,6.977497],[122.067079,6.978677],[122.064809,6.979046],[122.060804,6.979991],[122.060929,6.97624],[122.061476,6.97041],[122.063242,6.9693],[122.06154,6.965558],[122.059853,6.959477],[122.062427,6.959179],[122.064347,6.953113],[122.064311,6.951402],[122.064434,6.951253],[122.0641,6.950349],[122.063749,6.950129],[122.063661,6.949927],[122.063836,6.94949],[122.063899,6.949143],[122.06387,6.947958],[122.064274,6.947793],[122.065097,6.947605],[122.065329,6.947638],[122.0655,6.947826],[122.066119,6.948246],[122.067236,6.948373],[122.068125,6.948373],[122.068785,6.948135],[122.069098,6.945836],[122.069236,6.944206],[122.069167,6.942972],[122.069202,6.942015],[122.068958,6.94057],[122.069118,6.940064],[122.068571,6.939695],[122.0681,6.939522],[122.068149,6.93901],[122.068087,6.936792],[122.068564,6.93682],[122.069531,6.936952],[122.070308,6.936891],[122.070413,6.937302],[122.071158,6.937244],[122.071473,6.93711],[122.071788,6.936836],[122.072001,6.936968],[122.072539,6.937044],[122.073013,6.937163],[122.073091,6.937443],[122.073375,6.937483],[122.07361,6.937343],[122.073871,6.93736],[122.073877,6.937675],[122.07369,6.938002],[122.073857,6.938246],[122.073744,6.939185],[122.074204,6.939524],[122.074513,6.939622],[122.074745,6.940059],[122.075543,6.939567],[122.076728,6.942655],[122.076781,6.943053],[122.076797,6.943758],[122.076675,6.944582],[122.076563,6.944956],[122.076825,6.946275],[122.077012,6.947024],[122.07704,6.947388],[122.076863,6.94824],[122.076844,6.948605],[122.076751,6.948774],[122.076816,6.949007],[122.07745,6.948904],[122.077484,6.948754],[122.078222,6.948789],[122.078556,6.949819],[122.081306,6.950264],[122.081466,6.950383],[122.082141,6.95119],[122.082789,6.952137],[122.083743,6.952279],[122.083746,6.952826],[122.083865,6.953422],[122.084043,6.953744],[122.084107,6.954027],[122.084115,6.954713],[122.08453,6.955089],[122.08439,6.955517],[122.084458,6.955733],[122.084822,6.956109],[122.085004,6.956499],[122.084808,6.957985],[122.084717,6.958466],[122.084856,6.958695],[122.084613,6.96116],[122.084439,6.962517],[122.084543,6.963186],[122.084404,6.963617],[122.084581,6.965342],[122.084668,6.966917],[122.083777,6.9684],[122.083896,6.968818],[122.083917,6.969155],[122.083747,6.969337],[122.083675,6.969646],[122.083798,6.970146],[122.084287,6.970783],[122.083985,6.971102],[122.084154,6.971283],[122.083861,6.971979],[122.083808,6.972232],[122.083808,6.973167],[122.08344,6.974071],[122.083024,6.974319],[122.082479,6.974324],[122.08219,6.974661],[122.08235,6.975184],[122.08219,6.97595],[122.082164,6.976349],[122.082292,6.976491],[122.082997,6.976535],[122.083396,6.976633],[122.083414,6.97677]]]}},{"type":"Feature","properties":{"psgc_code":"0931700060","name":"Patalon"},"geometry":{"type":"Polygon","coordinates":[[[121.932694,7.082705],[121.9307,7.082777],[121.927375,7.082076],[121.925798,7.08189],[121.924461,7.080815],[121.922791,7.081667],[121.921478,7.081889],[121.919024,7.08165],[121.917456,7.081548],[121.91519,7.081309],[121.912076,7.080273],[121.911417,7.080389],[121.911247,7.080212],[121.910846,7.080233],[121.909833,7.080192],[121.9085,7.079702],[121.908235,7.079682],[121.906665,7.080253],[121.906264,7.080267],[121.905822,7.080097],[121.905414,7.080022],[121.904659,7.080049],[121.903857,7.080579],[121.902116,7.080709],[121.899812,7.08079],[121.899214,7.080627],[121.898222,7.080042],[121.897532,7.079784],[121.897535,7.078916],[121.897752,7.078634],[121.89771,7.078397],[121.898024,7.077362],[121.898091,7.07671],[121.898307,7.076567],[121.898418,7.076044],[121.898391,7.075125],[121.898418,7.074617],[121.898509,7.07417],[121.898593,7.074123],[121.89879,7.073511],[121.899009,7.072981],[121.898954,7.0728],[121.899105,7.072633],[121.899165,7.072155],[121.899608,7.070951],[121.899846,7.070665],[121.90017,7.069954],[121.900271,7.069601],[121.900601,7.069403],[121.901068,7.068741],[121.901352,7.068491],[121.902309,7.067129],[121.902557,7.06673],[121.90315,7.065633],[121.903306,7.065267],[121.903455,7.065124],[121.903821,7.064366],[121.904325,7.06349],[121.904632,7.062816],[121.90506,7.061757],[121.90529,7.060928],[121.905348,7.060556],[121.905547,7.06033],[121.905576,7.060078],[121.905908,7.059437],[121.90617,7.05836],[121.906195,7.057889],[121.906392,7.057467],[121.906481,7.056829],[121.906587,7.05655],[121.906826,7.054714],[121.906866,7.054207],[121.907217,7.051385],[121.907248,7.050909],[121.907133,7.050183],[121.907232,7.049828],[121.90763,7.049354],[121.907987,7.048849],[121.908424,7.048465],[121.908767,7.048037],[121.908933,7.047741],[121.909231,7.047415],[121.909587,7.046651],[121.910316,7.044792],[121.910534,7.044095],[121.910894,7.043114],[121.910841,7.042978],[121.911064,7.042608],[121.91125,7.041984],[121.91151,7.040935],[121.911581,7.040492],[121.911866,7.039293],[121.912138,7.037107],[121.912218,7.03563],[121.912413,7.034241],[121.912476,7.03353],[121.912486,7.032945],[121.91243,7.032545],[121.912431,7.032011],[121.912635,7.031114],[121.912781,7.031033],[121.912918,7.030753],[121.913314,7.031116],[121.913777,7.031464],[121.914017,7.032027],[121.914289,7.032499],[121.914801,7.032331],[121.915232,7.032255],[121.915724,7.032347],[121.916012,7.032467],[121.916344,7.032415],[121.916706,7.032616],[121.917323,7.032703],[121.917659,7.032795],[121.917783,7.033039],[121.918186,7.033454],[121.918438,7.03379],[121.919074,7.034286],[121.919242,7.034362],[121.919997,7.034274],[121.920888,7.034358],[121.921188,7.03431],[121.921692,7.034334],[121.921864,7.03445],[121.922212,7.035237],[121.922391,7.036308],[121.922667,7.036488],[121.923559,7.036564],[121.923966,7.03652],[121.924246,7.036664],[121.924682,7.037036],[121.925129,7.03758],[121.925281,7.038035],[121.925725,7.038851],[121.925689,7.039446],[121.925982,7.039534],[121.926453,7.039876],[121.928055,7.040854],[121.928925,7.04134],[121.930306,7.041891],[121.931141,7.04216],[121.931908,7.042336],[121.933467,7.04252],[121.933695,7.044288],[121.935244,7.049252],[121.935068,7.05268],[121.93483,7.058732],[121.934899,7.063799],[121.934213,7.071431],[121.935014,7.08043],[121.932694,7.082705]]]}},{"type":"Feature","properties":{"psgc_code":"0931700061","name":"Barangay Zone I"},"geometry":{"type":"Polygon","coordinates":[[[122.075203,6.905695],[122.074822,6.906838],[122.074681,6.907165],[122.073524,6.907367],[122.072166,6.907846],[122.071729,6.908062],[122.071075,6.908318],[122.070049,6.906951],[122.069253,6.906044],[122.069689,6.905443],[122.070077,6.905024],[122.070701,6.904731],[122.071833,6.904305],[122.073251,6.90421],[122.073216,6.904981],[122.073735,6.9051],[122.074244,6.905356],[122.075203,6.905695]]]}},{"type":"Feature","properties":{"psgc_code":"0931700062","name":"Barangay Zone II"},"geometry":{"type":"Polygon","coordinates":[[[122.076423,6.906137],[122.075986,6.907349],[122.075707,6.908314],[122.074928,6.910615],[122.073923,6.910255],[122.073295,6.910031],[122.072075,6.909428],[122.071441,6.909124],[122.070509,6.908778],[122.071075,6.908318],[122.071729,6.908062],[122.072166,6.907846],[122.073524,6.907367],[122.074681,6.907165],[122.074822,6.906838],[122.075203,6.905695],[122.076423,6.906137]]]}},{"type":"Feature","properties":{"psgc_code":"0931700063","name":"Barangay Zone III"},"geometry":{"type":"Polygon","coordinates":[[[122.080379,6.905859],[122.080256,6.907579],[122.079469,6.907284],[122.07673,6.906305],[122.076423,6.906137],[122.075203,6.905695],[122.074244,6.905356],[122.073735,6.9051],[122.073216,6.904981],[122.073251,6.90421],[122.071833,6.904305],[122.070701,6.904731],[122.070077,6.905024],[122.069689,6.905443],[122.069253,6.906044],[122.069013,6.905695],[122.069561,6.904751],[122.069926,6.904384],[122.070055,6.904091],[122.069933,6.903782],[122.06946,6.903989],[122.069315,6.903791],[122.071811,6.902682],[122.07304,6.902111],[122.076019,6.9008],[122.076086,6.900957],[122.074629,6.901618],[122.074917,6.901912],[122.074938,6.902172],[122.075183,6.902586],[122.077903,6.901008],[122.078039,6.900589],[122.078146,6.900612],[122.077969,6.901195],[122.077487,6.901468],[122.077662,6.901782],[122.07752,6.90196],[122.077613,6.902113],[122.078281,6.902282],[122.078437,6.902197],[122.078991,6.902146],[122.07998,6.901558],[122.080336,6.901672],[122.080843,6.901337],[122.080254,6.899964],[122.081542,6.899149],[122.082103,6.900079],[122.082141,6.90018],[122.081781,6.90043],[122.082584,6.900742],[122.08325,6.901158],[122.083002,6.901334],[122.082784,6.901848],[122.082464,6.902333],[122.0817,6.902133],[122.081504,6.902723],[122.081482,6.903347],[122.080601,6.903452],[122.080544,6.904458],[122.080477,6.904819],[122.080379,6.905859]]]}},{"type":"Feature","properties":{"psgc_code":"0931700064","name":"Barangay Zone IV"},"geometry":{"type":"Polygon","coordinates":[[[122.079887,6.910714],[122.079861,6.911202],[122.079647,6.913595],[122.07893,6.913166],[122.076715,6.911765],[122.07596,6.9113],[122.074928,6.910615],[122.075707,6.908314],[122.075986,6.907349],[122.076423,6.906137],[122.07673,6.906305],[122.079469,6.907284],[122.080256,6.907579],[122.08017,6.908107],[122.079887,6.910714]]]}},{"type":"Feature","properties":{"psgc_code":"0931700065","name":"Putik"},"geometry":{"type":"Polygon","coordinates":[[[122.098609,6.949008],[122.098457,6.948959],[122.097752,6.949261],[122.096994,6.949355],[122.095773,6.949116],[122.094239,6.949619],[122.092804,6.949223],[122.091053,6.948799],[122.0908,6.948646],[122.090336,6.949064],[122.089992,6.949447],[122.089812,6.94977],[122.089737,6.950137],[122.089227,6.950112],[122.089016,6.949665],[122.088208,6.948229],[122.088003,6.948024],[122.087873,6.947794],[122.088795,6.9471],[122.088651,6.944807],[122.087702,6.942944],[122.088475,6.941943],[122.088553,6.940748],[122.088539,6.940411],[122.088333,6.940166],[122.088634,6.938982],[122.088907,6.937649],[122.088351,6.937475],[122.088319,6.937326],[122.088415,6.936624],[122.08806,6.936429],[122.088296,6.93551],[122.087531,6.935335],[122.087627,6.934124],[122.087822,6.933768],[122.088203,6.933692],[122.088169,6.932552],[122.089648,6.932376],[122.090479,6.932011],[122.091961,6.932194],[122.091957,6.93231],[122.092566,6.932264],[122.094247,6.932273],[122.095575,6.932346],[122.095868,6.931736],[122.096297,6.931763],[122.097095,6.931704],[122.097114,6.931315],[122.098314,6.931257],[122.098321,6.930375],[122.098509,6.93031],[122.099047,6.93031],[122.099268,6.930238],[122.099651,6.929914],[122.099793,6.929492],[122.100046,6.929421],[122.10002,6.928889],[122.100306,6.927786],[122.100727,6.927845],[122.10287,6.928148],[122.104754,6.928702],[122.105059,6.92842],[122.106511,6.927794],[122.107016,6.927828],[122.107148,6.92906],[122.107741,6.929365],[122.107605,6.933257],[122.107284,6.934983],[122.106131,6.935054],[122.103984,6.935033],[122.103937,6.936019],[122.103495,6.936823],[122.103189,6.937687],[122.103182,6.938333],[122.103302,6.939669],[122.102966,6.940451],[122.102012,6.940663],[122.100721,6.941076],[122.100631,6.941304],[122.100457,6.941245],[122.100403,6.941622],[122.10007,6.941642],[122.099861,6.942793],[122.099609,6.943134],[122.099462,6.943604],[122.098773,6.944333],[122.098732,6.944541],[122.098484,6.944784],[122.098632,6.944962],[122.097539,6.946202],[122.09749,6.94635],[122.097791,6.946864],[122.097843,6.947133],[122.098026,6.947538],[122.098359,6.947721],[122.098581,6.948018],[122.098475,6.948376],[122.098609,6.949008]]]}},{"type":"Feature","properties":{"psgc_code":"0931700066","name":"Quiniput"},"geometry":{"type":"Polygon","coordinates":[[[122.234219,7.189228],[122.234638,7.191227],[122.235135,7.192848],[122.234465,7.194015],[122.234703,7.194793],[122.234573,7.195117],[122.234249,7.195398],[122.232866,7.194858],[122.232023,7.195592],[122.22558,7.199926],[122.224006,7.199914],[122.222774,7.199763],[122.221197,7.199461],[122.218344,7.198294],[122.215275,7.196241],[122.213395,7.193539],[122.209743,7.191486],[122.205508,7.190406],[122.200191,7.188634],[122.198722,7.187294],[122.193579,7.186343],[122.18984,7.183923],[122.1885,7.183102],[122.186944,7.182756],[122.186102,7.181567],[122.18594,7.178134],[122.185749,7.174365],[122.18501,7.165987],[122.187199,7.166074],[122.188351,7.166017],[122.191684,7.166373],[122.194124,7.166591],[122.198569,7.166858],[122.208276,7.166833],[122.212571,7.167249],[122.215384,7.166938],[122.218792,7.166861],[122.221605,7.166878],[122.222845,7.167461],[122.224179,7.167499],[122.229214,7.16845],[122.232909,7.170935],[122.231548,7.176424],[122.231467,7.178141],[122.231894,7.181546],[122.23265,7.184204],[122.23332,7.186667],[122.234219,7.189228]]]}},{"type":"Feature","properties":{"psgc_code":"0931700067","name":"Recodo"},"geometry":{"type":"Polygon","coordinates":[[[121.960807,6.964676],[121.959819,6.964193],[121.959557,6.964705],[121.958952,6.964298],[121.958399,6.964047],[121.958463,6.963914],[121.957242,6.963163],[121.95712,6.963355],[121.956509,6.962599],[121.956707,6.96232],[121.957553,6.960951],[121.95592,6.960117],[121.95629,6.959206],[121.95589,6.95868],[121.954782,6.957121],[121.954675,6.956917],[121.952993,6.954185],[121.95323,6.953972],[121.953659,6.953886],[121.953755,6.953712],[121.954032,6.953513],[121.954155,6.953223],[121.954106,6.952947],[121.955543,6.951912],[121.955809,6.951762],[121.955941,6.951514],[121.956249,6.951352],[121.956659,6.951412],[121.957383,6.951197],[121.958163,6.950622],[121.958534,6.95027],[121.958856,6.950081],[121.959543,6.9492],[121.959983,6.949018],[121.960251,6.948787],[121.96017,6.948525],[121.962508,6.947336],[121.962564,6.947495],[121.962897,6.947463],[121.964224,6.946999],[121.964869,6.946932],[121.965625,6.947161],[121.966192,6.947509],[121.966514,6.947802],[121.966711,6.948113],[121.966979,6.948722],[121.966847,6.949152],[121.966562,6.949838],[121.966273,6.950087],[121.966154,6.950312],[121.966409,6.950474],[121.966325,6.950798],[121.966012,6.950652],[121.965821,6.951054],[121.965963,6.951875],[121.96462,6.951725],[121.964232,6.951499],[121.964115,6.951629],[121.963616,6.951721],[121.963441,6.95201],[121.963642,6.952193],[121.963514,6.952486],[121.963286,6.952652],[121.96323,6.953023],[121.963337,6.95328],[121.963703,6.953152],[121.964098,6.953097],[121.96404,6.953429],[121.964596,6.953571],[121.964631,6.953985],[121.96485,6.953825],[121.965068,6.953865],[121.965266,6.953719],[121.965499,6.953876],[121.965634,6.953242],[121.965832,6.953115],[121.965994,6.95286],[121.965488,6.954798],[121.966066,6.954942],[121.965518,6.957024],[121.964914,6.959045],[121.964582,6.959586],[121.964071,6.960557],[121.963245,6.961337],[121.962994,6.961802],[121.962384,6.962366],[121.961529,6.96403],[121.961226,6.963873],[121.960807,6.964676]]]}},{"type":"Feature","properties":{"psgc_code":"0931700068","name":"Rio Hondo"},"geometry":{"type":"Polygon","coordinates":[[[122.088969,6.902419],[122.088067,6.902043],[122.086157,6.902091],[122.085864,6.902393],[122.085689,6.902253],[122.085335,6.902368],[122.08321,6.902484],[122.083084,6.902073],[122.083205,6.901504],[122.083336,6.901364],[122.08325,6.901158],[122.082584,6.900742],[122.081781,6.90043],[122.082141,6.90018],[122.082103,6.900079],[122.082439,6.899976],[122.084404,6.898628],[122.085369,6.898],[122.085544,6.897731],[122.086229,6.897434],[122.086706,6.897099],[122.087213,6.897792],[122.08746,6.897887],[122.087931,6.897482],[122.08791,6.897121],[122.088127,6.896975],[122.088343,6.896601],[122.088745,6.896693],[122.089166,6.896633],[122.088934,6.897105],[122.088934,6.897866],[122.089285,6.898129],[122.089525,6.898521],[122.089888,6.898849],[122.09035,6.899183],[122.090101,6.899473],[122.089861,6.899621],[122.089742,6.900257],[122.089594,6.900404],[122.089345,6.900939],[122.089382,6.901271],[122.089198,6.901926],[122.088969,6.902419]]]}},{"type":"Feature","properties":{"psgc_code":"0931700069","name":"Salaan"},"geometry":{"type":"Polygon","coordinates":[[[122.114836,7.006344],[122.114286,7.007674],[122.11309,7.012045],[122.112815,7.016131],[122.1135,7.018521],[122.112765,7.020677],[122.111352,7.023268],[122.111402,7.025658],[122.112439,7.028675],[122.114561,7.030538],[122.116024,7.031942],[122.118781,7.032185],[122.119885,7.035277],[122.119166,7.037474],[122.118756,7.038327],[122.118715,7.038903],[122.118882,7.041686],[122.117595,7.043416],[122.11669,7.045452],[122.116216,7.046065],[122.116057,7.046917],[122.115497,7.049224],[122.114561,7.051714],[122.112823,7.053185],[122.111444,7.05545],[122.10872,7.056244],[122.106355,7.057698],[122.104291,7.058659],[122.10155,7.05987],[122.100238,7.061508],[122.099746,7.062197],[122.098069,7.064151],[122.093933,7.068484],[122.091703,7.067439],[122.089924,7.064518],[122.088531,7.062935],[122.086027,7.061838],[122.084465,7.060642],[122.084773,7.059521],[122.085525,7.057672],[122.088166,7.055893],[122.090179,7.055003],[122.093008,7.05447],[122.094448,7.054686],[122.095299,7.054054],[122.095951,7.053076],[122.095968,7.051163],[122.096285,7.050377],[122.097263,7.049073],[122.098257,7.048255],[122.098491,7.046617],[122.099243,7.045472],[122.099302,7.044143],[122.098633,7.042121],[122.096995,7.039396],[122.097037,7.0378],[122.096569,7.037157],[122.095023,7.038034],[122.094422,7.037232],[122.094664,7.035285],[122.094129,7.031742],[122.094756,7.030187],[122.093761,7.029176],[122.093561,7.027388],[122.093494,7.025833],[122.093502,7.023552],[122.09453,7.021663],[122.094363,7.020652],[122.094224,7.020143],[122.098243,7.019793],[122.097767,7.018014],[122.098423,7.017674],[122.099004,7.017674],[122.099378,7.017126],[122.099967,7.017333],[122.100391,7.017317],[122.100598,7.017101],[122.100615,7.016843],[122.10098,7.01681],[122.10132,7.016586],[122.101553,7.016129],[122.101453,7.015722],[122.10147,7.014078],[122.101528,7.013821],[122.101287,7.013281],[122.101188,7.012866],[122.101387,7.012293],[122.101761,7.012003],[122.101943,7.011604],[122.101511,7.011206],[122.101005,7.010309],[122.101831,7.009005],[122.10103,7.004192],[122.100736,7.002175],[122.100468,7.001109],[122.100116,7.000374],[122.100077,7.000062],[122.100149,6.999521],[122.099823,6.999378],[122.099752,6.999105],[122.100376,6.998753],[122.100559,6.998532],[122.100858,6.998363],[122.100897,6.997868],[122.100806,6.997595],[122.100585,6.997354],[122.100513,6.99699],[122.101184,6.996055],[122.10259,6.994454],[122.103835,6.98907],[122.104606,6.986058],[122.106243,6.983769],[122.107358,6.982536],[122.105838,6.981629],[122.105624,6.981391],[122.106152,6.981239],[122.10638,6.981302],[122.10635,6.980846],[122.106677,6.980652],[122.106954,6.980159],[122.107238,6.98025],[122.107637,6.980475],[122.10789,6.980373],[122.108182,6.980063],[122.108542,6.980067],[122.108651,6.979298],[122.10888,6.978932],[122.1093,6.978899],[122.109611,6.979434],[122.109949,6.97951],[122.110151,6.979663],[122.110178,6.979952],[122.110385,6.980078],[122.110571,6.980023],[122.110615,6.979816],[122.110576,6.979074],[122.110931,6.978872],[122.111045,6.978556],[122.111291,6.978207],[122.11158,6.97807],[122.112273,6.977852],[122.112856,6.977825],[122.113287,6.977716],[122.113999,6.977194],[122.114447,6.976938],[122.115104,6.976782],[122.116053,6.976734],[122.116729,6.976521],[122.116664,6.976368],[122.116266,6.976019],[122.115873,6.975779],[122.11596,6.975561],[122.116582,6.975485],[122.11692,6.975337],[122.117095,6.974743],[122.117433,6.974601],[122.118317,6.974907],[122.118731,6.97495],[122.119069,6.97477],[122.119429,6.974459],[122.11956,6.973837],[122.119882,6.973488],[122.119795,6.973106],[122.119593,6.972708],[122.120078,6.972212],[122.120177,6.971885],[122.120657,6.971552],[122.121213,6.971246],[122.121426,6.970821],[122.121448,6.970576],[122.12272,6.969925],[122.124108,6.968972],[122.124952,6.968651],[122.125488,6.970336],[122.125686,6.971679],[122.125381,6.972442],[122.125365,6.972916],[122.125427,6.974412],[122.124694,6.975511],[122.124587,6.976305],[122.123808,6.978991],[122.123366,6.980014],[122.122892,6.980793],[122.123228,6.981373],[122.123657,6.981884],[122.123478,6.982258],[122.124129,6.983151],[122.125825,6.984903],[122.126188,6.985181],[122.125852,6.985416],[122.125205,6.985334],[122.124593,6.985092],[122.124034,6.985098],[122.12364,6.985357],[122.123523,6.985793],[122.123852,6.986551],[122.123237,6.987065],[122.123046,6.987348],[122.122993,6.987612],[122.123408,6.988225],[122.124023,6.988797],[122.123766,6.989657],[122.122745,6.990239],[122.122156,6.990657],[122.122103,6.991026],[122.121504,6.992646],[122.120573,6.994189],[122.119686,6.997054],[122.118773,6.998632],[122.116993,7.001047],[122.116049,7.003229],[122.114836,7.006344]]]}},{"type":"Feature","properties":{"psgc_code":"0931700070","name":"San Jose Cawa-cawa"},"geometry":{"type":"Polygon","coordinates":[[[122.068918,6.913554],[122.069523,6.913626],[122.069494,6.914016],[122.068696,6.914118],[122.068391,6.914089],[122.068729,6.914999],[122.067798,6.915218],[122.066738,6.915342],[122.065754,6.915536],[122.063958,6.915818],[122.064002,6.916107],[122.06307,6.916215],[122.062986,6.915724],[122.06283,6.915064],[122.062649,6.914088],[122.063859,6.913292],[122.063734,6.912349],[122.063554,6.912356],[122.063358,6.91136],[122.06364,6.910745],[122.063093,6.910213],[122.062281,6.909523],[122.062855,6.908832],[122.063934,6.908168],[122.064581,6.907987],[122.06562,6.907943],[122.06682,6.907863],[122.066849,6.908242],[122.067016,6.908922],[122.067479,6.908639],[122.067729,6.908774],[122.067812,6.909116],[122.067924,6.909199],[122.068121,6.90965],[122.067824,6.909939],[122.068095,6.91044],[122.067048,6.911194],[122.067599,6.911966],[122.068014,6.91191],[122.068115,6.912896],[122.068245,6.913036],[122.068411,6.913547],[122.068918,6.913554]]]}},{"type":"Feature","properties":{"psgc_code":"0931700071","name":"San Jose Gusu"},"geometry":{"type":"Polygon","coordinates":[[[122.059273,6.921574],[122.059389,6.923018],[122.05971,6.924358],[122.05993,6.926148],[122.059772,6.929014],[122.0585,6.928811],[122.054576,6.927986],[122.0546,6.927402],[122.054742,6.926912],[122.055021,6.926514],[122.054859,6.926255],[122.054717,6.925702],[122.054541,6.925877],[122.053801,6.925858],[122.053412,6.926031],[122.052868,6.925972],[122.051782,6.925936],[122.050982,6.925735],[122.04836,6.925872],[122.048307,6.925423],[122.047543,6.924884],[122.04727,6.924915],[122.047236,6.924384],[122.04698,6.923506],[122.047157,6.922692],[122.04738,6.921855],[122.047546,6.920527],[122.045716,6.920768],[122.044949,6.920872],[122.044135,6.919703],[122.043698,6.919219],[122.042768,6.91801],[122.041986,6.916814],[122.042972,6.916621],[122.044095,6.916657],[122.044649,6.916609],[122.04541,6.91665],[122.046167,6.916581],[122.046064,6.916172],[122.047692,6.915706],[122.04826,6.915671],[122.048319,6.915475],[122.048593,6.915451],[122.049277,6.915112],[122.049153,6.914947],[122.048896,6.914089],[122.049069,6.913857],[122.050047,6.913793],[122.050175,6.914752],[122.050311,6.914888],[122.051006,6.915032],[122.051044,6.915243],[122.050946,6.916105],[122.050765,6.916558],[122.050863,6.916951],[122.051089,6.917223],[122.051467,6.917329],[122.051868,6.917971],[122.052253,6.917994],[122.052472,6.918235],[122.053046,6.917926],[122.053333,6.917971],[122.053605,6.917669],[122.053787,6.918084],[122.053515,6.918424],[122.053603,6.918962],[122.054802,6.918579],[122.055519,6.920431],[122.055822,6.921304],[122.057437,6.921169],[122.057598,6.921402],[122.058043,6.92148],[122.058514,6.921345],[122.059234,6.921221],[122.059273,6.921574]]]}},{"type":"Feature","properties":{"psgc_code":"0931700072","name":"San Roque"},"geometry":{"type":"Polygon","coordinates":[[[122.043956,6.954606],[122.043626,6.962525],[122.042087,6.964454],[122.040617,6.964769],[122.039324,6.965969],[122.037226,6.964395],[122.032308,6.961279],[122.031502,6.95898],[122.030366,6.957513],[122.026821,6.957765],[122.026835,6.957339],[122.027291,6.956961],[122.027322,6.956866],[122.026497,6.956482],[122.02684,6.956054],[122.027115,6.95549],[122.026948,6.954642],[122.02707,6.95443],[122.02711,6.953948],[122.027363,6.953713],[122.027395,6.953055],[122.027322,6.952676],[122.027534,6.952355],[122.027557,6.952062],[122.027467,6.951598],[122.027616,6.951093],[122.02776,6.950858],[122.027773,6.950294],[122.028098,6.950177],[122.02822,6.950001],[122.02803,6.94946],[122.028053,6.949108],[122.027972,6.948846],[122.028215,6.94812],[122.028432,6.947588],[122.028991,6.946749],[122.029974,6.94564],[122.030367,6.944954],[122.03052,6.944589],[122.030385,6.943736],[122.03057,6.942798],[122.030759,6.942383],[122.031224,6.941634],[122.031752,6.941323],[122.032306,6.940308],[122.032523,6.939997],[122.032951,6.939681],[122.033714,6.939312],[122.034047,6.93919],[122.033741,6.938509],[122.033695,6.937526],[122.033461,6.937183],[122.032879,6.93679],[122.032966,6.935216],[122.032578,6.934374],[122.031647,6.933887],[122.030883,6.932691],[122.031005,6.930475],[122.035768,6.93001],[122.038868,6.930036],[122.039763,6.930323],[122.040013,6.929904],[122.040701,6.928503],[122.041345,6.928303],[122.042062,6.92845],[122.042648,6.928783],[122.043552,6.928893],[122.04395,6.928907],[122.044983,6.928638],[122.045072,6.928396],[122.044942,6.927982],[122.045058,6.926192],[122.044829,6.926145],[122.044792,6.925401],[122.045161,6.9248],[122.045342,6.923994],[122.044917,6.923881],[122.044817,6.922399],[122.044441,6.922442],[122.044491,6.921917],[122.044992,6.921598],[122.045811,6.921454],[122.045716,6.920768],[122.047546,6.920527],[122.04738,6.921855],[122.047157,6.922692],[122.04698,6.923506],[122.047236,6.924384],[122.04727,6.924915],[122.047543,6.924884],[122.048307,6.925423],[122.04836,6.925872],[122.050982,6.925735],[122.051782,6.925936],[122.052868,6.925972],[122.053412,6.926031],[122.053801,6.925858],[122.054541,6.925877],[122.054717,6.925702],[122.054859,6.926255],[122.055021,6.926514],[122.054742,6.926912],[122.0546,6.927402],[122.054576,6.927986],[122.0585,6.928811],[122.057899,6.931328],[122.057054,6.935375],[122.05546,6.935569],[122.054519,6.93563],[122.054648,6.937289],[122.054166,6.937328],[122.053603,6.937454],[122.05344,6.937688],[122.052428,6.937667],[122.0523,6.937699],[122.051496,6.93764],[122.051001,6.937532],[122.050143,6.937567],[122.049693,6.93746],[122.049395,6.937458],[122.049397,6.937061],[122.049293,6.937009],[122.048856,6.937087],[122.04842,6.93729],[122.048274,6.937599],[122.048097,6.93755],[122.048047,6.938171],[122.047946,6.9387],[122.047753,6.938692],[122.047399,6.938874],[122.047426,6.939239],[122.047338,6.939889],[122.047693,6.940267],[122.047754,6.940452],[122.046754,6.940313],[122.044962,6.940171],[122.044358,6.940669],[122.043988,6.940704],[122.043512,6.94101],[122.04354,6.941252],[122.043753,6.941693],[122.043455,6.942233],[122.043576,6.942717],[122.043505,6.943343],[122.043424,6.943611],[122.04395,6.943739],[122.04461,6.944536],[122.045139,6.945023],[122.04475,6.945916],[122.044147,6.94608],[122.043601,6.945928],[122.042703,6.94638],[122.042232,6.952231],[122.043956,6.954606]]]}},{"type":"Feature","properties":{"psgc_code":"0931700073","name":"Sangali"},"geometry":{"type":"Polygon","coordinates":[[[122.22405,7.081853],[122.223516,7.082467],[122.223677,7.082669],[122.221101,7.085959],[122.220427,7.086674],[122.219079,7.087361],[122.217541,7.088373],[122.214683,7.090314],[122.214494,7.090692],[122.213442,7.091164],[122.205197,7.087558],[122.203418,7.089485],[122.200046,7.088307],[122.198128,7.089436],[122.198502,7.091083],[122.196507,7.090948],[122.19443,7.090638],[122.192529,7.090692],[122.190344,7.091123],[122.189535,7.090678],[122.1882,7.089734],[122.187248,7.089135],[122.186569,7.089033],[122.184492,7.088467],[122.184533,7.087469],[122.18394,7.086997],[122.182497,7.086943],[122.182214,7.085595],[122.181472,7.085554],[122.179436,7.085649],[122.17891,7.084179],[122.178285,7.081372],[122.181309,7.078332],[122.187333,7.069892],[122.190086,7.069013],[122.192304,7.06755],[122.193734,7.066753],[122.19531,7.065495],[122.195201,7.064385],[122.196583,7.063153],[122.198001,7.062448],[122.198358,7.062202],[122.199138,7.061888],[122.200784,7.061388],[122.201942,7.061006],[122.202522,7.061006],[122.202851,7.061335],[122.20451,7.061111],[122.205248,7.059268],[122.206498,7.058201],[122.207631,7.058043],[122.212577,7.057915],[122.212283,7.058085],[122.212082,7.058057],[122.212108,7.05867],[122.212429,7.058886],[122.212303,7.059096],[122.212244,7.059539],[122.212064,7.059644],[122.212097,7.05992],[122.211797,7.059905],[122.211838,7.060137],[122.211218,7.060297],[122.210855,7.060605],[122.2109,7.060837],[122.210304,7.061062],[122.209856,7.061532],[122.210099,7.061797],[122.210304,7.061572],[122.210392,7.06185],[122.210013,7.062359],[122.210078,7.062604],[122.209876,7.063075],[122.209766,7.063679],[122.209845,7.063785],[122.209633,7.064658],[122.209047,7.064692],[122.208735,7.064376],[122.208545,7.06381],[122.208487,7.063449],[122.208077,7.063147],[122.20794,7.063347],[122.207587,7.063323],[122.207336,7.06371],[122.206459,7.063538],[122.206241,7.063556],[122.205982,7.063406],[122.20575,7.063398],[122.205144,7.063149],[122.20495,7.063186],[122.204726,7.06268],[122.204444,7.062251],[122.203745,7.062836],[122.203644,7.063503],[122.204157,7.063325],[122.204474,7.063633],[122.204596,7.06387],[122.204014,7.063818],[122.203902,7.064006],[122.204702,7.064403],[122.205025,7.064715],[122.204921,7.064982],[122.204085,7.064711],[122.203828,7.064824],[122.203893,7.065308],[122.204735,7.065259],[122.204862,7.065636],[122.204686,7.065777],[122.203836,7.065751],[122.203812,7.06605],[122.203959,7.066455],[122.204234,7.066578],[122.204638,7.066617],[122.204691,7.067089],[122.204985,7.067291],[122.204626,7.067436],[122.204499,7.067685],[122.204342,7.06761],[122.204049,7.068109],[122.204121,7.068336],[122.204353,7.068653],[122.204522,7.068712],[122.204861,7.068445],[122.205296,7.06868],[122.20519,7.068864],[122.205224,7.069086],[122.205454,7.069294],[122.205498,7.069509],[122.205249,7.069782],[122.205338,7.070219],[122.205522,7.069989],[122.205869,7.070011],[122.206067,7.069471],[122.206398,7.069489],[122.206147,7.069837],[122.206596,7.069862],[122.206875,7.070049],[122.206627,7.07029],[122.206932,7.070432],[122.207022,7.070645],[122.207294,7.070919],[122.208345,7.071332],[122.20887,7.071452],[122.209411,7.071434],[122.209831,7.071062],[122.210277,7.07121],[122.210469,7.070652],[122.210673,7.070254],[122.211124,7.068968],[122.211211,7.068871],[122.211939,7.069122],[122.212029,7.069104],[122.212544,7.067691],[122.212691,7.067748],[122.212222,7.069067],[122.212452,7.069322],[122.21299,7.069553],[122.21352,7.069727],[122.213581,7.070125],[122.214211,7.070189],[122.214537,7.070529],[122.214152,7.071461],[122.214184,7.07165],[122.213974,7.071874],[122.213763,7.072581],[122.213755,7.07291],[122.213201,7.072862],[122.213136,7.073171],[122.212833,7.073319],[122.212186,7.073858],[122.212366,7.073978],[122.2127,7.073899],[122.21274,7.074107],[122.213039,7.074352],[122.213244,7.073938],[122.213519,7.073911],[122.213916,7.074012],[122.21442,7.074471],[122.213626,7.074579],[122.21346,7.074763],[122.213614,7.074912],[122.213841,7.074673],[122.214041,7.074622],[122.214475,7.074869],[122.214389,7.075254],[122.213901,7.075468],[122.214378,7.076143],[122.214882,7.07644],[122.215451,7.076372],[122.215465,7.076566],[122.215849,7.076731],[122.216056,7.07653],[122.216326,7.076692],[122.216564,7.076593],[122.216836,7.076806],[122.21689,7.076968],[122.217262,7.077182],[122.217469,7.077182],[122.217877,7.077615],[122.217689,7.078066],[122.217866,7.078057],[122.217997,7.078287],[122.21799,7.078532],[122.218258,7.078476],[122.218587,7.078571],[122.218632,7.078767],[122.219017,7.078945],[122.219335,7.078645],[122.219473,7.07865],[122.220011,7.079112],[122.21989,7.079308],[122.220081,7.079443],[122.220428,7.079488],[122.22045,7.080006],[122.220751,7.080105],[122.221253,7.080591],[122.221561,7.080762],[122.22197,7.081235],[122.222088,7.081219],[122.222574,7.081649],[122.223255,7.081833],[122.223552,7.081696],[122.22405,7.081853]]]}},{"type":"Feature","properties":{"psgc_code":"0931700074","name":"Santa Barbara"},"geometry":{"type":"MultiPolygon","coordinates":[[[[122.057101,6.872739],[122.056242,6.872605],[122.055742,6.872455],[122.055192,6.872344],[122.055012,6.87237],[122.054521,6.872644],[122.054164,6.872673],[122.053838,6.872456],[122.053035,6.871489],[122.052298,6.870396],[122.051751,6.869717],[122.051595,6.869461],[122.051402,6.868893],[122.051492,6.868268],[122.051773,6.867711],[122.052345,6.866934],[122.053034,6.866198],[122.054581,6.864945],[122.055215,6.864771],[122.055882,6.864322],[122.05625,6.863967],[122.056599,6.863499],[122.057724,6.862106],[122.058021,6.861499],[122.05833,6.861023],[122.058705,6.86003],[122.059219,6.858794],[122.059398,6.858568],[122.059724,6.858323],[122.059966,6.85824],[122.060595,6.858179],[122.062315,6.858104],[122.064,6.858275],[122.064237,6.858376],[122.065584,6.858592],[122.066181,6.858797],[122.066816,6.859116],[122.066956,6.859132],[122.067876,6.85944],[122.068901,6.859841],[122.069213,6.859924],[122.069638,6.860151],[122.07029,6.860361],[122.07184,6.861052],[122.072168,6.861216],[122.072713,6.86158],[122.073474,6.862358],[122.073639,6.862626],[122.073825,6.863146],[122.073767,6.86371],[122.07376,6.864248],[122.073635,6.864571],[122.073196,6.865108],[122.072439,6.865844],[122.071861,6.866339],[122.070914,6.867019],[122.070258,6.867432],[122.069768,6.867686],[122.06874,6.868074],[122.068053,6.868118],[122.067614,6.867892],[122.067472,6.867684],[122.067528,6.867446],[122.066864,6.867265],[122.066876,6.867526],[122.067038,6.867646],[122.067027,6.868126],[122.06695,6.868408],[122.066595,6.86903],[122.06625,6.869756],[122.065179,6.871449],[122.065,6.871668],[122.064342,6.87207],[122.064027,6.872163],[122.063502,6.872183],[122.062795,6.872352],[122.062495,6.872474],[122.061954,6.872571],[122.060775,6.872654],[122.059791,6.872659],[122.058831,6.872546],[122.058302,6.87258],[122.057101,6.872739]]],[[[122.039207,6.885728],[122.03897,6.885711],[122.038913,6.885476],[122.038617,6.885438],[122.03781,6.885586],[122.037188,6.885567],[122.036363,6.885349],[122.036224,6.885185],[122.036386,6.884606],[122.036869,6.883953],[122.037353,6.883648],[122.037833,6.883562],[122.038223,6.883643],[122.038942,6.883491],[122.03983,6.883354],[122.040525,6.883278],[122.040733,6.883321],[122.041935,6.883138],[122.042985,6.883036],[122.044344,6.88305],[122.044663,6.883086],[122.045872,6.883021],[122.046908,6.882874],[122.047544,6.882906],[122.048187,6.883019],[122.048912,6.882914],[122.049137,6.882976],[122.049562,6.883218],[122.05014,6.883341],[122.050018,6.883467],[122.049764,6.883384],[122.049319,6.883639],[122.048623,6.883741],[122.048589,6.883845],[122.047772,6.884012],[122.047509,6.884014],[122.046116,6.884176],[122.045315,6.884397],[122.044923,6.884559],[122.043465,6.884796],[122.042552,6.88503],[122.04172,6.885125],[122.040999,6.885288],[122.040824,6.885375],[122.040122,6.88537],[122.039786,6.885486],[122.039497,6.885678],[122.039207,6.885728]]],[[[122.088969,6.902419],[122.088543,6.903382],[122.088276,6.903686],[122.087665,6.90453],[122.087615,6.90479],[122.087182,6.905616],[122.087064,6.905738],[122.086527,6.905811],[122.086319,6.906012],[122.085747,6.905975],[122.085639,6.905711],[122.085383,6.905652],[122.085101,6.905715],[122.084526,6.9057],[122.084229,6.905589],[122.084164,6.905333],[122.083777,6.905457],[122.08368,6.905264],[122.083403,6.905222],[122.083429,6.904965],[122.082622,6.905106],[122.082161,6.905366],[122.082455,6.905711],[122.082169,6.906016],[122.082036,6.906021],[122.082023,6.906394],[122.081115,6.905908],[122.080379,6.905859],[122.080477,6.904819],[122.080544,6.904458],[122.080601,6.903452],[122.081482,6.903347],[122.081504,6.902723],[122.0817,6.902133],[122.082464,6.902333],[122.082784,6.901848],[122.083002,6.901334],[122.08325,6.901158],[122.083336,6.901364],[122.083205,6.901504],[122.083084,6.902073],[122.08321,6.902484],[122.085335,6.902368],[122.085689,6.902253],[122.085864,6.902393],[122.086157,6.902091],[122.088067,6.902043],[122.088969,6.902419]]]]}},{"type":"Feature","properties":{"psgc_code":"0931700075","name":"Santa Catalina"},"geometry":{"type":"Polygon","coordinates":[[[122.089157,6.91111],[122.088725,6.911245],[122.088418,6.910928],[122.088022,6.910705],[122.087539,6.910592],[122.087271,6.910838],[122.08703,6.911282],[122.086492,6.911149],[122.085829,6.911206],[122.085797,6.911066],[122.084537,6.91139],[122.083279,6.911287],[122.082218,6.91086],[122.081964,6.911084],[122.079887,6.910714],[122.08017,6.908107],[122.080256,6.907579],[122.080379,6.905859],[122.081115,6.905908],[122.082023,6.906394],[122.082036,6.906021],[122.082169,6.906016],[122.082455,6.905711],[122.082161,6.905366],[122.082622,6.905106],[122.083429,6.904965],[122.083403,6.905222],[122.08368,6.905264],[122.083777,6.905457],[122.084164,6.905333],[122.084229,6.905589],[122.084526,6.9057],[122.085101,6.905715],[122.085383,6.905652],[122.085639,6.905711],[122.085747,6.905975],[122.086319,6.906012],[122.086527,6.905811],[122.087064,6.905738],[122.087182,6.905616],[122.087615,6.90479],[122.087665,6.90453],[122.088276,6.903686],[122.088543,6.903382],[122.088969,6.902419],[122.089198,6.901926],[122.089382,6.901271],[122.089345,6.900939],[122.089594,6.900404],[122.089742,6.900257],[122.089824,6.900333],[122.089783,6.900717],[122.089946,6.901447],[122.090117,6.902379],[122.089998,6.902482],[122.09046,6.903629],[122.090306,6.904433],[122.091016,6.906119],[122.08874,6.906615],[122.088672,6.906889],[122.087902,6.907329],[122.087733,6.907271],[122.087559,6.907641],[122.088498,6.907966],[122.088035,6.909238],[122.089326,6.909296],[122.089353,6.910071],[122.089157,6.91111]]]}},{"type":"Feature","properties":{"psgc_code":"0931700076","name":"Santa Maria"},"geometry":{"type":"Polygon","coordinates":[[[122.075543,6.939567],[122.074745,6.940059],[122.074513,6.939622],[122.074204,6.939524],[122.073744,6.939185],[122.073857,6.938246],[122.07369,6.938002],[122.073877,6.937675],[122.073871,6.93736],[122.07361,6.937343],[122.073375,6.937483],[122.073091,6.937443],[122.073013,6.937163],[122.072539,6.937044],[122.072001,6.936968],[122.071788,6.936836],[122.071473,6.93711],[122.071158,6.937244],[122.070413,6.937302],[122.070308,6.936891],[122.069531,6.936952],[122.068564,6.93682],[122.068087,6.936792],[122.068149,6.93901],[122.0681,6.939522],[122.066238,6.938813],[122.063686,6.938002],[122.062157,6.937604],[122.062228,6.937099],[122.059895,6.936168],[122.057054,6.935375],[122.057899,6.931328],[122.0585,6.928811],[122.059772,6.929014],[122.05993,6.926148],[122.05971,6.924358],[122.059389,6.923018],[122.059273,6.921574],[122.06346,6.921436],[122.065123,6.92074],[122.067515,6.92064],[122.068268,6.920751],[122.069007,6.920571],[122.069669,6.920499],[122.070109,6.920547],[122.070915,6.920547],[122.07155,6.920869],[122.072452,6.921143],[122.07283,6.921136],[122.073093,6.921171],[122.074754,6.92128],[122.075644,6.921428],[122.076856,6.921527],[122.078993,6.92177],[122.078979,6.923608],[122.078865,6.926102],[122.078808,6.929394],[122.07878,6.930135],[122.078537,6.931004],[122.078057,6.932411],[122.078435,6.933189],[122.077953,6.933208],[122.07682,6.933052],[122.075992,6.933078],[122.075614,6.933404],[122.075406,6.933495],[122.075158,6.933424],[122.074741,6.933039],[122.074585,6.933],[122.073699,6.933404],[122.073497,6.933574],[122.073484,6.933841],[122.073803,6.934101],[122.074396,6.934427],[122.074735,6.934518],[122.075367,6.934596],[122.075803,6.93472],[122.076181,6.935079],[122.076324,6.935495],[122.076338,6.936153],[122.076781,6.937072],[122.076885,6.937737],[122.076996,6.938173],[122.076917,6.938297],[122.07624,6.938812],[122.075986,6.938694],[122.075803,6.938746],[122.075465,6.939281],[122.075543,6.939567]]]}},{"type":"Feature","properties":{"psgc_code":"0931700077","name":"Santo Niño"},"geometry":{"type":"Polygon","coordinates":[[[122.072075,6.909428],[122.071907,6.909849],[122.071686,6.910023],[122.071666,6.910456],[122.07128,6.910359],[122.071035,6.910818],[122.070917,6.911342],[122.070564,6.911687],[122.070296,6.912157],[122.069989,6.912176],[122.07003,6.913205],[122.069528,6.913205],[122.06935,6.913062],[122.068972,6.913023],[122.068918,6.913554],[122.068411,6.913547],[122.068245,6.913036],[122.068115,6.912896],[122.068014,6.91191],[122.067599,6.911966],[122.067048,6.911194],[122.068095,6.91044],[122.067824,6.909939],[122.068121,6.90965],[122.067924,6.909199],[122.067812,6.909116],[122.067729,6.908774],[122.067479,6.908639],[122.067016,6.908922],[122.066849,6.908242],[122.06682,6.907863],[122.067392,6.907802],[122.067722,6.907643],[122.068127,6.907323],[122.068515,6.906824],[122.069013,6.905695],[122.069253,6.906044],[122.070049,6.906951],[122.071075,6.908318],[122.070509,6.908778],[122.071441,6.909124],[122.072075,6.909428]]]}},{"type":"Feature","properties":{"psgc_code":"0931700078","name":"Sibulao"},"geometry":{"type":"Polygon","coordinates":[[[122.259073,7.344124],[122.258697,7.344026],[122.258183,7.344734],[122.258831,7.345556],[122.25825,7.34651],[122.258801,7.346871],[122.259771,7.347156],[122.260079,7.348133],[122.260938,7.348041],[122.26144,7.347414],[122.262072,7.347134],[122.262923,7.347563],[122.263556,7.349154],[122.263022,7.349788],[122.262727,7.35052],[122.261151,7.351347],[122.258057,7.352946],[122.251232,7.355633],[122.245191,7.356466],[122.240319,7.356487],[122.235611,7.358556],[122.230243,7.358787],[122.225693,7.361132],[122.21573,7.362636],[122.205359,7.366844],[122.190317,7.370135],[122.178087,7.37147],[122.173897,7.365356],[122.173981,7.356172],[122.17489,7.346548],[122.174308,7.341284],[122.180336,7.336974],[122.184403,7.333673],[122.186806,7.331349],[122.18913,7.327493],[122.193725,7.323611],[122.197977,7.317352],[122.20553,7.315081],[122.20899,7.309746],[122.212634,7.307317],[122.214599,7.304329],[122.218472,7.305254],[122.223082,7.307263],[122.22697,7.307046],[122.232881,7.307697],[122.235896,7.31017],[122.239309,7.310945],[122.242241,7.313478],[122.241801,7.315447],[122.241445,7.316912],[122.241235,7.318504],[122.24111,7.319697],[122.241105,7.320821],[122.242077,7.32154],[122.242697,7.32223],[122.243278,7.323451],[122.243499,7.324468],[122.244016,7.326063],[122.245879,7.331105],[122.24438,7.33479],[122.245554,7.336152],[122.248132,7.336954],[122.250303,7.33826],[122.251021,7.33838],[122.251426,7.339085],[122.251532,7.339649],[122.252236,7.340071],[122.252994,7.340265],[122.253963,7.340353],[122.254826,7.341956],[122.255075,7.342307],[122.255847,7.342713],[122.257031,7.341556],[122.25716,7.341983],[122.257186,7.342609],[122.257951,7.342599],[122.258586,7.342432],[122.258853,7.343065],[122.259073,7.344124]]]}},{"type":"Feature","properties":{"psgc_code":"0931700079","name":"Sinubung"},"geometry":{"type":"Polygon","coordinates":[[[121.961259,7.039278],[121.960532,7.043186],[121.960285,7.044431],[121.960975,7.046959],[121.956413,7.049733],[121.953528,7.049967],[121.949114,7.049795],[121.945083,7.050017],[121.9402,7.049141],[121.938277,7.049289],[121.936748,7.049166],[121.935786,7.049166],[121.935244,7.049252],[121.933695,7.044288],[121.933467,7.04252],[121.931908,7.042336],[121.931141,7.04216],[121.930306,7.041891],[121.928925,7.04134],[121.928055,7.040854],[121.926453,7.039876],[121.925982,7.039534],[121.925689,7.039446],[121.925725,7.038851],[121.925281,7.038035],[121.925129,7.03758],[121.924682,7.037036],[121.924246,7.036664],[121.923966,7.03652],[121.923559,7.036564],[121.922667,7.036488],[121.922391,7.036308],[121.922212,7.035237],[121.921864,7.03445],[121.921692,7.034334],[121.921188,7.03431],[121.920888,7.034358],[121.919997,7.034274],[121.919242,7.034362],[121.919074,7.034286],[121.918438,7.03379],[121.918186,7.033454],[121.917783,7.033039],[121.917659,7.032795],[121.917323,7.032703],[121.916706,7.032616],[121.916344,7.032415],[121.916012,7.032467],[121.915724,7.032347],[121.915232,7.032255],[121.914801,7.032331],[121.914289,7.032499],[121.914017,7.032027],[121.913777,7.031464],[121.913314,7.031116],[121.912918,7.030753],[121.912938,7.030564],[121.913472,7.029488],[121.914135,7.028046],[121.914857,7.026969],[121.915316,7.026716],[121.915419,7.026418],[121.916085,7.025568],[121.916312,7.025118],[121.916661,7.024302],[121.916728,7.023932],[121.91697,7.023461],[121.91716,7.022618],[121.917204,7.022244],[121.917314,7.022227],[121.917628,7.021737],[121.917626,7.021627],[121.917886,7.021232],[121.918148,7.020541],[121.918352,7.020108],[121.91839,7.019556],[121.918517,7.019339],[121.918525,7.019008],[121.918659,7.018612],[121.918662,7.018183],[121.918787,7.017835],[121.918969,7.017552],[121.918996,7.017209],[121.918907,7.016806],[121.919097,7.015552],[121.919289,7.015173],[121.919248,7.014919],[121.919313,7.014061],[121.919465,7.013055],[121.919657,7.012025],[121.919712,7.011557],[121.919968,7.010091],[121.920131,7.008998],[121.921891,7.009489],[121.922741,7.010143],[121.923691,7.011055],[121.924357,7.011906],[121.924579,7.012313],[121.924788,7.012473],[121.925331,7.012584],[121.926021,7.012633],[121.926502,7.012806],[121.926773,7.013164],[121.92755,7.013632],[121.928105,7.013903],[121.928536,7.014187],[121.92898,7.015161],[121.929621,7.015765],[121.930139,7.016308],[121.931816,7.017245],[121.932211,7.01759],[121.933998,7.01849],[121.934516,7.018835],[121.936588,7.020278],[121.937081,7.020586],[121.938375,7.020697],[121.939275,7.021128],[121.939719,7.021005],[121.9402,7.020685],[121.940792,7.02008],[121.941828,7.019563],[121.942185,7.01955],[121.942789,7.019711],[121.943393,7.019439],[121.943788,7.01955],[121.944207,7.019969],[121.944565,7.020253],[121.94507,7.020463],[121.946809,7.022176],[121.951223,7.022522],[121.952875,7.022867],[121.953195,7.023557],[121.953048,7.024149],[121.953121,7.024729],[121.953541,7.025912],[121.953886,7.026973],[121.953948,7.028119],[121.953837,7.028723],[121.95417,7.029019],[121.954872,7.029081],[121.95597,7.029426],[121.956389,7.029697],[121.956771,7.030055],[121.957375,7.030425],[121.957609,7.030807],[121.958189,7.030856],[121.958941,7.031152],[121.959323,7.031498],[121.960174,7.03188],[121.960741,7.032213],[121.961,7.032694],[121.961937,7.032915],[121.962554,7.033002],[121.963232,7.033433],[121.964218,7.033705],[121.963429,7.03548],[121.961543,7.037625],[121.961259,7.039278]]]}},{"type":"Feature","properties":{"psgc_code":"0931700080","name":"Sinunoc"},"geometry":{"type":"Polygon","coordinates":[[[122.018223,6.973302],[122.017268,6.973518],[122.016118,6.973268],[122.014319,6.971181],[122.013772,6.967555],[122.012232,6.964829],[122.010424,6.96226],[122.007398,6.960569],[122.004868,6.960804],[122.004167,6.960329],[122.004003,6.959462],[122.004467,6.956063],[122.003005,6.955029],[122.002648,6.953282],[122.001341,6.953579],[121.998536,6.952058],[121.996397,6.951143],[121.995919,6.95023],[121.995911,6.949367],[121.995313,6.94894],[121.995541,6.948455],[121.995819,6.946302],[121.994736,6.94547],[121.992702,6.944249],[121.991952,6.943761],[121.992735,6.942553],[121.993035,6.941273],[121.99189,6.94117],[121.990863,6.941016],[121.990203,6.940827],[121.989924,6.940674],[121.989863,6.940625],[121.990277,6.939942],[121.990532,6.939812],[121.990681,6.939591],[121.990871,6.939676],[121.991214,6.939419],[121.992115,6.939051],[121.992713,6.93891],[121.993094,6.938569],[121.993442,6.938548],[121.993788,6.93836],[121.993907,6.938404],[121.994152,6.938176],[121.995418,6.938127],[121.996048,6.937641],[121.996513,6.937145],[121.99658,6.936933],[121.996821,6.936688],[121.996975,6.936308],[121.997067,6.935898],[121.99731,6.935386],[121.997698,6.93523],[121.997924,6.934924],[121.998249,6.934961],[121.998784,6.934647],[121.999347,6.934144],[121.999447,6.934168],[121.999849,6.933898],[122.000132,6.933508],[122.000525,6.933438],[122.000656,6.933617],[122.001013,6.933689],[122.001721,6.933406],[122.001953,6.933404],[122.002487,6.933089],[122.002664,6.932848],[122.002826,6.932962],[122.003527,6.932484],[122.003581,6.932226],[122.003969,6.931647],[122.004404,6.931644],[122.004479,6.931166],[122.004858,6.931028],[122.005164,6.930812],[122.005529,6.930809],[122.005667,6.930649],[122.006131,6.930407],[122.006215,6.930246],[122.006578,6.930066],[122.006835,6.930114],[122.007284,6.929819],[122.008353,6.929536],[122.008547,6.929431],[122.009745,6.929194],[122.010138,6.929088],[122.011372,6.928545],[122.011761,6.928289],[122.012724,6.927911],[122.013533,6.92717],[122.013856,6.926822],[122.014265,6.926523],[122.014682,6.926368],[122.015269,6.926323],[122.015589,6.926377],[122.015831,6.926293],[122.015865,6.926399],[122.015514,6.926578],[122.01568,6.927096],[122.016361,6.927551],[122.016809,6.928084],[122.016964,6.92898],[122.017536,6.930039],[122.01827,6.931021],[122.019128,6.93146],[122.017603,6.931721],[122.016183,6.932017],[122.01347,6.932794],[122.012583,6.932642],[122.011407,6.932481],[122.011462,6.933679],[122.011069,6.934836],[122.010619,6.935931],[122.011856,6.937264],[122.012433,6.938391],[122.012549,6.9392],[122.012583,6.939927],[122.012667,6.940882],[122.012963,6.941279],[122.012963,6.94182],[122.013343,6.941685],[122.014205,6.941567],[122.015237,6.941888],[122.017341,6.943434],[122.018482,6.945091],[122.019766,6.946206],[122.020654,6.948057],[122.02182,6.949705],[122.022175,6.952122],[122.022961,6.954176],[122.023257,6.955832],[122.023333,6.957066],[122.023367,6.958055],[122.022834,6.958393],[122.022544,6.958953],[122.021328,6.959402],[122.020681,6.960843],[122.021143,6.962415],[122.020086,6.962838],[122.020443,6.964318],[122.019518,6.964899],[122.019029,6.966511],[122.019518,6.967832],[122.020998,6.969286],[122.02076,6.970726],[122.019359,6.973078],[122.018223,6.973302]]]}},{"type":"Feature","properties":{"psgc_code":"0931700081","name":"Tagasilay"},"geometry":{"type":"Polygon","coordinates":[[[122.269298,7.313827],[122.266912,7.313945],[122.264467,7.315705],[122.263529,7.31786],[122.26257,7.31815],[122.25991,7.318111],[122.257582,7.318913],[122.253611,7.320654],[122.251538,7.321984],[122.247607,7.32439],[122.243499,7.324468],[122.243278,7.323451],[122.242697,7.32223],[122.242077,7.32154],[122.241105,7.320821],[122.24111,7.319697],[122.241235,7.318504],[122.241445,7.316912],[122.241801,7.315447],[122.242241,7.313478],[122.239309,7.310945],[122.235896,7.31017],[122.232881,7.307697],[122.22697,7.307046],[122.223082,7.307263],[122.218472,7.305254],[122.214599,7.304329],[122.213775,7.302364],[122.213076,7.299975],[122.214145,7.298297],[122.215017,7.296596],[122.215213,7.29579],[122.21603,7.294936],[122.216949,7.294776],[122.218231,7.29463],[122.219354,7.294572],[122.220184,7.294805],[122.220593,7.294382],[122.220082,7.293741],[122.219164,7.292895],[122.219951,7.291846],[122.220345,7.291875],[122.220884,7.292225],[122.22154,7.292735],[122.222123,7.292997],[122.222779,7.29307],[122.223347,7.292954],[122.22342,7.292589],[122.223114,7.292356],[122.222998,7.291875],[122.223435,7.291365],[122.224164,7.291336],[122.224513,7.291511],[122.225096,7.291554],[122.22549,7.291059],[122.226292,7.290578],[122.226904,7.290272],[122.227501,7.290039],[122.228084,7.289864],[122.22842,7.289674],[122.228792,7.289542],[122.22934,7.289667],[122.229862,7.290053],[122.230397,7.290351],[122.231044,7.290774],[122.233558,7.291807],[122.234615,7.292193],[122.235038,7.291882],[122.235125,7.291446],[122.237017,7.290874],[122.238025,7.290339],[122.238535,7.290276],[122.238958,7.289916],[122.239543,7.290077],[122.24004,7.289617],[122.240078,7.289057],[122.240351,7.288572],[122.2407,7.288298],[122.240973,7.28795],[122.242554,7.287701],[122.243213,7.287639],[122.243897,7.287912],[122.244408,7.288236],[122.244594,7.288771],[122.245154,7.289107],[122.246087,7.289007],[122.247021,7.288982],[122.247556,7.288895],[122.24773,7.288062],[122.248688,7.287116],[122.249434,7.285822],[122.249733,7.285411],[122.254735,7.285088],[122.257684,7.286457],[122.259973,7.285785],[122.262449,7.285461],[122.263772,7.28553],[122.266257,7.286656],[122.269081,7.287825],[122.27203,7.288435],[122.274742,7.288037],[122.274814,7.290375],[122.274599,7.29061],[122.274853,7.291882],[122.275225,7.293544],[122.275616,7.295676],[122.275772,7.296908],[122.275479,7.29773],[122.274851,7.298346],[122.274815,7.299263],[122.274735,7.299593],[122.273941,7.300112],[122.273464,7.300467],[122.273256,7.300791],[122.272951,7.301463],[122.273006,7.301921],[122.273122,7.302147],[122.273171,7.304145],[122.271821,7.306238],[122.270393,7.308761],[122.269983,7.310952],[122.269298,7.313827]]]}},{"type":"Feature","properties":{"psgc_code":"0931700082","name":"Taguiti"},"geometry":{"type":"MultiPolygon","coordinates":[[[[122.317314,7.315339],[122.316828,7.315144],[122.316833,7.314902],[122.316287,7.314635],[122.316395,7.314409],[122.316106,7.314366],[122.315641,7.314539],[122.315274,7.314828],[122.314981,7.315264],[122.314826,7.315257],[122.314057,7.314407],[122.313828,7.314522],[122.313548,7.314488],[122.312595,7.313772],[122.312091,7.314174],[122.311653,7.314193],[122.311501,7.314384],[122.311215,7.314223],[122.310979,7.313981],[122.310817,7.313571],[122.310617,7.31357],[122.310502,7.313145],[122.310322,7.313285],[122.310172,7.31293],[122.30968,7.312208],[122.30975,7.312113],[122.30965,7.311537],[122.309544,7.311255],[122.309598,7.311039],[122.309493,7.310833],[122.309017,7.31078],[122.30871,7.310527],[122.308465,7.310581],[122.308274,7.310395],[122.308044,7.309779],[122.308158,7.309506],[122.30872,7.309326],[122.308999,7.309417],[122.30911,7.309283],[122.309566,7.309001],[122.309595,7.308778],[122.30948,7.308538],[122.309471,7.307888],[122.309556,7.307658],[122.309736,7.307526],[122.31023,7.307764],[122.310334,7.307574],[122.310773,7.307871],[122.312225,7.308199],[122.312615,7.308232],[122.313441,7.307758],[122.314024,7.307831],[122.314272,7.307626],[122.314477,7.307726],[122.31444,7.307999],[122.314629,7.30841],[122.31475,7.308299],[122.315012,7.308364],[122.315036,7.30893],[122.315278,7.309184],[122.315212,7.309387],[122.315664,7.309758],[122.316002,7.309716],[122.3164,7.309783],[122.316469,7.310012],[122.316353,7.310234],[122.316729,7.310406],[122.316852,7.310189],[122.317196,7.310439],[122.31704,7.31056],[122.318139,7.311181],[122.318344,7.311212],[122.318702,7.311441],[122.318849,7.311786],[122.318725,7.311968],[122.318828,7.312142],[122.318773,7.312641],[122.318663,7.312999],[122.318523,7.313151],[122.318456,7.313572],[122.31831,7.313538],[122.31786,7.3137],[122.317114,7.314215],[122.317601,7.314921],[122.317496,7.315265],[122.317314,7.315339]]],[[[122.327483,7.317235],[122.327501,7.316757],[122.327659,7.316741],[122.327992,7.316221],[122.327952,7.315965],[122.328208,7.315618],[122.328521,7.315627],[122.328768,7.315862],[122.328914,7.315577],[122.328727,7.315102],[122.328734,7.314688],[122.328853,7.31418],[122.329059,7.314075],[122.329255,7.313827],[122.329207,7.313555],[122.329468,7.313502],[122.329494,7.312728],[122.329221,7.312687],[122.329055,7.312405],[122.329132,7.312311],[122.329138,7.31178],[122.32935,7.311596],[122.329218,7.311013],[122.329016,7.310651],[122.328753,7.310565],[122.328474,7.310203],[122.328053,7.309994],[122.327897,7.310148],[122.327603,7.310137],[122.327301,7.309775],[122.327356,7.309634],[122.327184,7.3089],[122.32691,7.308986],[122.32658,7.308485],[122.326376,7.308489],[122.326028,7.308219],[122.325873,7.308212],[122.32546,7.307992],[122.325353,7.307411],[122.325503,7.307229],[122.325365,7.307085],[122.325462,7.306779],[122.32565,7.3068],[122.325888,7.306527],[122.326014,7.306569],[122.326654,7.306114],[122.32714,7.305923],[122.327479,7.306074],[122.327768,7.306064],[122.327912,7.306211],[122.32818,7.306198],[122.32889,7.306903],[122.329286,7.306944],[122.329354,7.3071],[122.329613,7.307089],[122.329558,7.30735],[122.329679,7.307585],[122.329486,7.30778],[122.329456,7.308025],[122.329865,7.308889],[122.329863,7.309018],[122.330105,7.309727],[122.330322,7.310052],[122.330764,7.310525],[122.331131,7.310696],[122.331424,7.31115],[122.331489,7.311679],[122.331704,7.311854],[122.33189,7.312193],[122.332188,7.3123],[122.33241,7.312265],[122.332946,7.31245],[122.333046,7.312593],[122.333501,7.312943],[122.333799,7.313237],[122.334724,7.314448],[122.333816,7.315359],[122.33179,7.3164],[122.329636,7.317175],[122.328579,7.317151],[122.327483,7.317235]]],[[[122.289227,7.288812],[122.289389,7.289462],[122.289617,7.29011],[122.289629,7.290549],[122.289572,7.291072],[122.289651,7.291452],[122.289803,7.291784],[122.289728,7.292229],[122.289761,7.292739],[122.289921,7.293578],[122.290072,7.294065],[122.2904,7.29473],[122.290575,7.29497],[122.290618,7.295226],[122.291051,7.295627],[122.291015,7.295846],[122.291338,7.29598],[122.291652,7.296484],[122.291768,7.296941],[122.291436,7.297653],[122.291235,7.297835],[122.290861,7.298345],[122.291074,7.298865],[122.292065,7.299997],[122.292905,7.300902],[122.29352,7.301479],[122.293743,7.301829],[122.294063,7.302116],[122.293753,7.302435],[122.29368,7.302613],[122.293747,7.303019],[122.293872,7.303331],[122.294207,7.303513],[122.29448,7.303921],[122.294306,7.304892],[122.293959,7.30515],[122.293366,7.305392],[122.293239,7.305564],[122.292955,7.305545],[122.292553,7.305328],[122.292316,7.305338],[122.291892,7.305169],[122.291572,7.305284],[122.290868,7.305097],[122.29065,7.304885],[122.290357,7.304964],[122.290129,7.305571],[122.29002,7.306185],[122.289909,7.306398],[122.289812,7.307187],[122.289881,7.307301],[122.289718,7.307586],[122.289945,7.308468],[122.290101,7.309359],[122.290229,7.309662],[122.290077,7.310189],[122.290337,7.311011],[122.290665,7.311857],[122.290972,7.312382],[122.291123,7.312512],[122.291075,7.312709],[122.291394,7.313111],[122.291555,7.313485],[122.292168,7.313386],[122.292484,7.313544],[122.292399,7.314301],[122.2925,7.314531],[122.292485,7.314919],[122.29259,7.31504],[122.292597,7.315494],[122.292439,7.315666],[122.292127,7.315579],[122.291981,7.315376],[122.291805,7.315535],[122.291614,7.315511],[122.290953,7.316184],[122.291162,7.316245],[122.291204,7.316505],[122.291599,7.316625],[122.291759,7.316893],[122.291509,7.317305],[122.291753,7.317905],[122.291834,7.317981],[122.291898,7.318418],[122.291719,7.318786],[122.291186,7.319044],[122.29089,7.319413],[122.290743,7.319702],[122.290755,7.320032],[122.290038,7.320377],[122.289923,7.320732],[122.290316,7.320967],[122.290325,7.321303],[122.290181,7.321465],[122.286883,7.321744],[122.283833,7.320449],[122.280366,7.321009],[122.279834,7.318399],[122.277946,7.317162],[122.276493,7.315924],[122.274589,7.314938],[122.273507,7.31527],[122.270984,7.313997],[122.269298,7.313827],[122.269983,7.310952],[122.270393,7.308761],[122.271821,7.306238],[122.273171,7.304145],[122.273122,7.302147],[122.273006,7.301921],[122.272951,7.301463],[122.273256,7.300791],[122.273464,7.300467],[122.273941,7.300112],[122.274735,7.299593],[122.274815,7.299263],[122.274851,7.298346],[122.275479,7.29773],[122.275772,7.296908],[122.275616,7.295676],[122.275225,7.293544],[122.274853,7.291882],[122.274599,7.29061],[122.274814,7.290375],[122.274742,7.288037],[122.276758,7.288099],[122.279471,7.287925],[122.281922,7.288435],[122.285231,7.289007],[122.289227,7.288812]]]]}},{"type":"Feature","properties":{"psgc_code":"0931700083","name":"Talabaan"},"geometry":{"type":"Polygon","coordinates":[[[122.186038,6.980331],[122.185587,6.98059],[122.181932,6.982557],[122.181035,6.981486],[122.180885,6.980567],[122.180288,6.979928],[122.180024,6.979739],[122.179744,6.979756],[122.17923,6.979586],[122.178898,6.979534],[122.178244,6.979271],[122.178026,6.979225],[122.176522,6.978473],[122.17579,6.978141],[122.175627,6.978372],[122.175474,6.978366],[122.174263,6.977787],[122.173951,6.978027],[122.173277,6.978171],[122.172997,6.977816],[122.172496,6.977422],[122.171292,6.976833],[122.170455,6.976394],[122.17055,6.976163],[122.170182,6.975915],[122.169069,6.975365],[122.16877,6.975186],[122.1671,6.974399],[122.166851,6.970294],[122.167098,6.967421],[122.167272,6.966384],[122.167271,6.964731],[122.16719,6.96283],[122.164542,6.962241],[122.1657,6.958247],[122.163811,6.957664],[122.161579,6.957179],[122.158601,6.956458],[122.156002,6.955196],[122.156511,6.953215],[122.157162,6.951307],[122.15756,6.950054],[122.157833,6.948683],[122.158167,6.948281],[122.158212,6.947449],[122.158933,6.946772],[122.159854,6.945338],[122.161427,6.943097],[122.161357,6.942428],[122.161791,6.940734],[122.161505,6.939969],[122.163242,6.938145],[122.163425,6.937771],[122.164493,6.93791],[122.165623,6.937285],[122.165683,6.935156],[122.165989,6.934638],[122.16619,6.93487],[122.166483,6.934788],[122.166753,6.934908],[122.166915,6.935188],[122.167088,6.935077],[122.167382,6.935188],[122.167792,6.935123],[122.167776,6.934809],[122.168487,6.935157],[122.168655,6.93566],[122.169004,6.935459],[122.169263,6.935654],[122.169411,6.935898],[122.169122,6.936101],[122.169172,6.936385],[122.169131,6.936745],[122.169289,6.936992],[122.169202,6.937195],[122.169415,6.937287],[122.169578,6.937612],[122.169165,6.93797],[122.169454,6.938153],[122.169104,6.93866],[122.169369,6.938883],[122.169521,6.938791],[122.170424,6.938724],[122.170511,6.93882],[122.17093,6.93878],[122.171041,6.93898],[122.171268,6.939101],[122.171213,6.939339],[122.171543,6.939658],[122.171665,6.940023],[122.171429,6.940212],[122.170891,6.940154],[122.170754,6.940245],[122.170368,6.940288],[122.170064,6.940218],[122.169448,6.939745],[122.169185,6.939916],[122.169299,6.940134],[122.169308,6.9404],[122.16962,6.940415],[122.169758,6.94061],[122.170009,6.940738],[122.169927,6.941129],[122.170357,6.941164],[122.170094,6.941462],[122.170658,6.941858],[122.170772,6.941736],[122.170576,6.941037],[122.170676,6.940892],[122.170982,6.940948],[122.170956,6.941139],[122.170737,6.941185],[122.170906,6.941542],[122.171079,6.941411],[122.171134,6.94118],[122.171596,6.940968],[122.171915,6.941043],[122.172277,6.940965],[122.172315,6.941412],[122.172669,6.941843],[122.172692,6.942202],[122.17331,6.942609],[122.173751,6.94225],[122.173792,6.942476],[122.174105,6.94245],[122.174262,6.942667],[122.174531,6.942656],[122.174645,6.942812],[122.174957,6.942717],[122.174986,6.943132],[122.175182,6.943349],[122.175646,6.94361],[122.175783,6.943854],[122.176074,6.943951],[122.176206,6.944392],[122.176124,6.944763],[122.176328,6.944791],[122.175327,6.946774],[122.173952,6.949334],[122.17336,6.949811],[122.174047,6.950575],[122.174086,6.952772],[122.176607,6.953269],[122.178288,6.953231],[122.17848,6.953925],[122.178949,6.954593],[122.179263,6.956651],[122.178365,6.957701],[122.178518,6.959134],[122.178499,6.961235],[122.177582,6.962286],[122.178632,6.962859],[122.179205,6.963719],[122.180447,6.964197],[122.182453,6.963165],[122.185624,6.964292],[122.185986,6.964506],[122.185984,6.96471],[122.185622,6.965047],[122.185848,6.965272],[122.185802,6.965557],[122.185634,6.96573],[122.185678,6.966007],[122.185607,6.966262],[122.18544,6.966315],[122.185537,6.966732],[122.185462,6.96689],[122.185554,6.967181],[122.185457,6.967518],[122.185275,6.967754],[122.185346,6.967909],[122.185188,6.968357],[122.185164,6.968744],[122.185216,6.969157],[122.185012,6.969685],[122.184804,6.969665],[122.184825,6.97],[122.184998,6.970046],[122.18499,6.970277],[122.184745,6.970313],[122.184863,6.971022],[122.185008,6.97107],[122.185171,6.971458],[122.185006,6.97186],[122.184554,6.972114],[122.184576,6.972406],[122.184403,6.972705],[122.184493,6.973148],[122.18434,6.973386],[122.184505,6.973625],[122.18445,6.97382],[122.184736,6.974419],[122.184804,6.974893],[122.184733,6.975129],[122.18487,6.975358],[122.184798,6.975505],[122.184965,6.976198],[122.185113,6.97636],[122.185193,6.976678],[122.185123,6.976817],[122.185481,6.977711],[122.185553,6.978034],[122.185464,6.978772],[122.185689,6.979093],[122.185531,6.979414],[122.185582,6.979601],[122.185869,6.979909],[122.186038,6.980331]]]}},{"type":"Feature","properties":{"psgc_code":"0931700084","name":"Talisayan"},"geometry":{"type":"Polygon","coordinates":[[[121.944842,6.986307],[121.944202,6.987314],[121.943516,6.988023],[121.942677,6.988733],[121.941937,6.990471],[121.94265,6.992112],[121.943448,6.993057],[121.94446,6.995485],[121.945955,6.996081],[121.945708,6.998644],[121.945505,6.999723],[121.945033,7.000723],[121.942909,7.001799],[121.943385,7.00206],[121.943575,7.002361],[121.943758,7.00386],[121.943402,7.006123],[121.942628,7.008997],[121.942078,7.009922],[121.94256,7.010786],[121.942965,7.010907],[121.943599,7.010863],[121.944157,7.011125],[121.944989,7.012439],[121.946335,7.013106],[121.94709,7.013752],[121.947999,7.014266],[121.949027,7.014562],[121.950001,7.014956],[121.950527,7.015339],[121.951588,7.016313],[121.952288,7.016904],[121.952967,7.01802],[121.953142,7.019125],[121.95312,7.020012],[121.953208,7.020526],[121.953645,7.021226],[121.954291,7.021883],[121.954193,7.02254],[121.953875,7.022966],[121.953195,7.023557],[121.952875,7.022867],[121.951223,7.022522],[121.946809,7.022176],[121.94507,7.020463],[121.944565,7.020253],[121.944207,7.019969],[121.943788,7.01955],[121.943393,7.019439],[121.942789,7.019711],[121.942185,7.01955],[121.941828,7.019563],[121.940792,7.02008],[121.9402,7.020685],[121.939719,7.021005],[121.939275,7.021128],[121.938375,7.020697],[121.937081,7.020586],[121.936588,7.020278],[121.934516,7.018835],[121.933998,7.01849],[121.932211,7.01759],[121.931816,7.017245],[121.930139,7.016308],[121.929621,7.015765],[121.92898,7.015161],[121.928536,7.014187],[121.928105,7.013903],[121.92755,7.013632],[121.926773,7.013164],[121.926502,7.012806],[121.926021,7.012633],[121.925331,7.012584],[121.924788,7.012473],[121.924579,7.012313],[121.924357,7.011906],[121.923691,7.011055],[121.922741,7.010143],[121.921891,7.009489],[121.920131,7.008998],[121.92024,7.008294],[121.9204,7.006785],[121.920428,7.005928],[121.92039,7.004152],[121.920316,7.003303],[121.920088,7.002308],[121.920129,7.000637],[121.920232,6.999378],[121.920235,6.998525],[121.920329,6.998123],[121.920885,6.99736],[121.92156,6.997062],[121.921483,6.996765],[121.921159,6.996075],[121.921097,6.995579],[121.921167,6.995122],[121.921481,6.994569],[121.921436,6.994365],[121.921616,6.994143],[121.921481,6.993918],[121.921763,6.993183],[121.922483,6.991632],[121.92256,6.991284],[121.92239,6.991044],[121.922472,6.990533],[121.922703,6.989903],[121.922892,6.98922],[121.923204,6.98841],[121.923497,6.988128],[121.923644,6.987809],[121.924277,6.986852],[121.924496,6.986423],[121.924703,6.986271],[121.925094,6.985754],[121.925694,6.985184],[121.925968,6.985191],[121.926117,6.984952],[121.926429,6.984936],[121.926583,6.98471],[121.926508,6.98437],[121.926918,6.984407],[121.927028,6.984345],[121.927381,6.983685],[121.927682,6.983028],[121.928055,6.983104],[121.928009,6.982692],[121.928149,6.982465],[121.928172,6.98212],[121.928607,6.981877],[121.928834,6.981383],[121.929453,6.980498],[121.929623,6.980048],[121.929684,6.97964],[121.930064,6.97968],[121.930231,6.979546],[121.930439,6.979138],[121.930741,6.978323],[121.93161,6.977019],[121.932015,6.976306],[121.932308,6.975489],[121.93252,6.975045],[121.932961,6.97396],[121.932931,6.973879],[121.933233,6.973297],[121.933373,6.973154],[121.934137,6.971743],[121.934251,6.971056],[121.934547,6.970582],[121.934505,6.970443],[121.934104,6.970154],[121.933969,6.970357],[121.933755,6.970209],[121.934078,6.969725],[121.934292,6.969875],[121.934164,6.970074],[121.934675,6.970424],[121.935056,6.969921],[121.935404,6.969861],[121.936236,6.968791],[121.936522,6.96846],[121.937107,6.967581],[121.937313,6.967187],[121.93775,6.966072],[121.938037,6.966431],[121.937705,6.967009],[121.938512,6.968271],[121.938911,6.968006],[121.939676,6.968729],[121.939619,6.969779],[121.939806,6.970114],[121.939746,6.970343],[121.939281,6.970847],[121.938756,6.97127],[121.938343,6.971453],[121.938579,6.971852],[121.938579,6.97212],[121.938749,6.972461],[121.938745,6.973025],[121.93883,6.973064],[121.939199,6.973809],[121.939478,6.973849],[121.939468,6.974075],[121.939845,6.974235],[121.939997,6.974796],[121.940226,6.975209],[121.94126,6.975871],[121.941781,6.976457],[121.941978,6.976491],[121.941896,6.977077],[121.942503,6.977266],[121.943138,6.977528],[121.942407,6.979411],[121.942005,6.980836],[121.942017,6.981719],[121.942882,6.984485],[121.943672,6.985194],[121.944413,6.986026],[121.944842,6.986307]]]}},{"type":"Feature","properties":{"psgc_code":"0931700085","name":"Talon-talon"},"geometry":{"type":"Polygon","coordinates":[[[122.121214,6.921689],[122.120278,6.921997],[122.118122,6.921763],[122.118135,6.921369],[122.114993,6.920967],[122.113626,6.920507],[122.113845,6.919325],[122.114245,6.91653],[122.114343,6.914966],[122.113901,6.914772],[122.113619,6.914821],[122.113095,6.914801],[122.112755,6.91466],[122.112255,6.914558],[122.111983,6.914253],[122.111531,6.914179],[122.111563,6.9135],[122.110764,6.913707],[122.110745,6.913506],[122.109803,6.91348],[122.108622,6.913717],[122.10856,6.913262],[122.107283,6.913184],[122.106142,6.912806],[122.105186,6.914646],[122.104734,6.914476],[122.104346,6.914243],[122.10391,6.914092],[122.103195,6.913757],[122.103045,6.914217],[122.102816,6.914161],[122.102269,6.91415],[122.098981,6.913198],[122.098747,6.913603],[122.096362,6.913178],[122.096497,6.912741],[122.09667,6.912459],[122.096873,6.911765],[122.097291,6.911873],[122.097591,6.911815],[122.097985,6.91113],[122.098282,6.910699],[122.098614,6.909567],[122.099077,6.909308],[122.099068,6.908687],[122.098986,6.908295],[122.098965,6.907203],[122.0996,6.907224],[122.09974,6.907309],[122.099902,6.906737],[122.100145,6.90626],[122.100116,6.905762],[122.100229,6.905142],[122.100583,6.904619],[122.100679,6.904024],[122.100591,6.903565],[122.101108,6.903398],[122.101566,6.903341],[122.102347,6.902274],[122.102938,6.901988],[122.105644,6.902426],[122.105739,6.902846],[122.108617,6.90155],[122.108839,6.899152],[122.107731,6.898682],[122.106513,6.898239],[122.105766,6.897159],[122.104428,6.896775],[122.103257,6.896805],[122.101894,6.896992],[122.101173,6.897166],[122.100585,6.89619],[122.099828,6.895315],[122.099413,6.895232],[122.098841,6.895333],[122.097652,6.895776],[122.096463,6.895702],[122.096438,6.894515],[122.096571,6.894288],[122.096772,6.894303],[122.096748,6.893961],[122.09693,6.893819],[122.097425,6.894113],[122.097706,6.894007],[122.09781,6.894149],[122.098111,6.894103],[122.098058,6.893722],[122.098199,6.893358],[122.098534,6.893382],[122.098983,6.893108],[122.099355,6.893183],[122.099929,6.893593],[122.100531,6.893509],[122.100801,6.893314],[122.100948,6.893455],[122.101622,6.892988],[122.101348,6.89286],[122.10097,6.892517],[122.100576,6.892507],[122.10048,6.892235],[122.10063,6.892125],[122.101261,6.892315],[122.101315,6.892474],[122.101668,6.89265],[122.101869,6.892551],[122.101942,6.892773],[122.102323,6.893116],[122.102325,6.893259],[122.102914,6.893299],[122.102875,6.893084],[122.103079,6.892816],[122.103989,6.892605],[122.104544,6.89204],[122.105366,6.89135],[122.105742,6.891132],[122.106004,6.891056],[122.106969,6.890966],[122.10713,6.890849],[122.107172,6.890514],[122.107522,6.89046],[122.107744,6.890633],[122.107903,6.890555],[122.107876,6.890133],[122.107776,6.89],[122.1079,6.889603],[122.108291,6.88976],[122.10848,6.889413],[122.108665,6.889301],[122.108917,6.889424],[122.109463,6.889499],[122.109897,6.889795],[122.110244,6.889713],[122.111002,6.889724],[122.111779,6.889582],[122.111868,6.888908],[122.112382,6.888841],[122.112317,6.888442],[122.112687,6.888271],[122.112682,6.888556],[122.112846,6.889041],[122.113125,6.889278],[122.113206,6.889608],[122.113402,6.889781],[122.113716,6.889911],[122.113591,6.89017],[122.113821,6.890295],[122.113978,6.890102],[122.114246,6.890024],[122.114281,6.889788],[122.114525,6.889771],[122.114646,6.890006],[122.114954,6.890112],[122.11502,6.889898],[122.115569,6.88989],[122.116029,6.889488],[122.116338,6.889283],[122.116683,6.889285],[122.116935,6.889432],[122.118,6.890534],[122.117902,6.890899],[122.117941,6.891421],[122.117894,6.891722],[122.11803,6.892015],[122.118263,6.892111],[122.11855,6.891999],[122.118501,6.891405],[122.118381,6.891107],[122.118618,6.890811],[122.118796,6.890862],[122.119032,6.89114],[122.119282,6.891135],[122.119382,6.891282],[122.119647,6.891074],[122.119734,6.891211],[122.119729,6.891584],[122.119591,6.891696],[122.119727,6.891934],[122.119973,6.891992],[122.119903,6.892441],[122.120024,6.892732],[122.120393,6.89276],[122.120513,6.892544],[122.120602,6.892101],[122.120764,6.891903],[122.120949,6.89203],[122.120962,6.89223],[122.120823,6.892484],[122.12101,6.89289],[122.12128,6.893059],[122.121704,6.892774],[122.121894,6.892528],[122.122294,6.892426],[122.122623,6.892532],[122.122925,6.892291],[122.123194,6.892222],[122.123495,6.892575],[122.123763,6.892728],[122.124476,6.892758],[122.125309,6.892537],[122.125418,6.892303],[122.125628,6.892256],[122.125881,6.892474],[122.126136,6.8925],[122.1263,6.892251],[122.12657,6.892428],[122.126806,6.89232],[122.127091,6.892734],[122.127119,6.893015],[122.127369,6.89289],[122.127609,6.893068],[122.127612,6.89324],[122.128124,6.893551],[122.128526,6.893697],[122.128503,6.89388],[122.128314,6.894114],[122.128226,6.894444],[122.128779,6.89493],[122.128995,6.895209],[122.129062,6.895475],[122.129428,6.895495],[122.129675,6.895642],[122.129731,6.895895],[122.129995,6.895902],[122.130323,6.896119],[122.13043,6.895993],[122.130754,6.896363],[122.131152,6.89639],[122.131543,6.896982],[122.131772,6.897095],[122.131737,6.89758],[122.132066,6.89774],[122.131563,6.898223],[122.131894,6.89836],[122.131656,6.898562],[122.131684,6.898686],[122.131494,6.899031],[122.131679,6.899215],[122.131964,6.899118],[122.132061,6.898707],[122.132353,6.898375],[122.132582,6.898391],[122.132948,6.898164],[122.133115,6.897966],[122.133411,6.897782],[122.133714,6.897734],[122.134082,6.897817],[122.134464,6.898031],[122.134781,6.898433],[122.135455,6.89887],[122.135629,6.899126],[122.13565,6.899323],[122.135875,6.899632],[122.135768,6.900041],[122.135804,6.900191],[122.136137,6.90032],[122.135827,6.900822],[122.135072,6.901912],[122.133578,6.902401],[122.132291,6.903071],[122.131579,6.903749],[122.130051,6.904075],[122.127819,6.904976],[122.126094,6.905457],[122.125983,6.906804],[122.125954,6.907759],[122.125511,6.909865],[122.125423,6.910076],[122.125248,6.910102],[122.124702,6.909932],[122.12292,6.909221],[122.122133,6.908861],[122.121675,6.910408],[122.121439,6.911274],[122.120983,6.912442],[122.120752,6.9129],[122.121105,6.913034],[122.120918,6.914732],[122.120918,6.915696],[122.120624,6.915797],[122.120802,6.917756],[122.120771,6.918105],[122.121842,6.918437],[122.121448,6.921147],[122.121214,6.921689]]]}},{"type":"Feature","properties":{"psgc_code":"0931700086","name":"Taluksangay"},"geometry":{"type":"Polygon","coordinates":[[[122.176328,6.944791],[122.176755,6.944473],[122.17692,6.944889],[122.176841,6.945098],[122.177163,6.945286],[122.177151,6.945521],[122.177297,6.945785],[122.177621,6.945878],[122.177388,6.945446],[122.177539,6.945075],[122.17786,6.945142],[122.178057,6.945337],[122.177869,6.945452],[122.177864,6.945966],[122.17795,6.946174],[122.178191,6.946204],[122.178307,6.946369],[122.178638,6.946142],[122.178735,6.946258],[122.178206,6.946458],[122.178234,6.946739],[122.178543,6.9474],[122.178501,6.94775],[122.178941,6.948167],[122.178937,6.948346],[122.178742,6.948566],[122.178931,6.948756],[122.179071,6.94834],[122.179427,6.948526],[122.179745,6.948516],[122.179635,6.948794],[122.180119,6.94876],[122.179966,6.949077],[122.180181,6.949342],[122.180286,6.949745],[122.180511,6.949793],[122.180575,6.949527],[122.18102,6.949584],[122.181218,6.949471],[122.181308,6.949732],[122.181682,6.94986],[122.181943,6.94985],[122.181363,6.949451],[122.181175,6.949074],[122.181242,6.948872],[122.181541,6.949209],[122.182017,6.949518],[122.182168,6.949225],[122.182669,6.949712],[122.182554,6.949973],[122.182315,6.950099],[122.182076,6.94993],[122.181928,6.950008],[122.182472,6.950521],[122.182672,6.950276],[122.183257,6.950735],[122.183979,6.951005],[122.184247,6.951333],[122.184545,6.951554],[122.184566,6.951812],[122.184796,6.951951],[122.184983,6.952538],[122.184771,6.952723],[122.183864,6.952943],[122.184013,6.953143],[122.184006,6.953563],[122.18461,6.954388],[122.185237,6.954115],[122.18519,6.954333],[122.185481,6.954789],[122.1857,6.954752],[122.185809,6.955111],[122.185414,6.955174],[122.185578,6.955361],[122.185323,6.95561],[122.185361,6.95584],[122.1853,6.956221],[122.184843,6.956112],[122.184821,6.956438],[122.185034,6.956713],[122.184719,6.95676],[122.184619,6.957343],[122.184774,6.95749],[122.184997,6.957454],[122.185383,6.957784],[122.185634,6.958664],[122.185643,6.958959],[122.185423,6.959159],[122.18557,6.959555],[122.185483,6.959718],[122.185756,6.959903],[122.185565,6.960173],[122.185774,6.960222],[122.185887,6.960426],[122.18602,6.96106],[122.185924,6.961344],[122.186013,6.961678],[122.185983,6.962074],[122.186063,6.962175],[122.186024,6.962868],[122.186145,6.963516],[122.186139,6.96378],[122.185986,6.964506],[122.185624,6.964292],[122.182453,6.963165],[122.180447,6.964197],[122.179205,6.963719],[122.178632,6.962859],[122.177582,6.962286],[122.178499,6.961235],[122.178518,6.959134],[122.178365,6.957701],[122.179263,6.956651],[122.178949,6.954593],[122.17848,6.953925],[122.178288,6.953231],[122.176607,6.953269],[122.174086,6.952772],[122.174047,6.950575],[122.17336,6.949811],[122.173952,6.949334],[122.175327,6.946774],[122.176328,6.944791]]]}},{"type":"Feature","properties":{"psgc_code":"0931700087","name":"Tetuan"},"geometry":{"type":"Polygon","coordinates":[[[122.084411,6.926082],[122.084032,6.926125],[122.083911,6.92628],[122.083695,6.926884],[122.083333,6.927254],[122.082812,6.927487],[122.082371,6.927313],[122.0821,6.9269],[122.081601,6.926929],[122.081274,6.927228],[122.081145,6.927456],[122.081217,6.928425],[122.081174,6.928653],[122.08086,6.92881],[122.08096,6.929494],[122.080647,6.930007],[122.080376,6.930805],[122.080433,6.931033],[122.08096,6.931104],[122.081031,6.931532],[122.080561,6.93176],[122.079977,6.931774],[122.079635,6.932016],[122.079236,6.932615],[122.078435,6.933189],[122.078057,6.932411],[122.078537,6.931004],[122.07878,6.930135],[122.078808,6.929394],[122.078865,6.926102],[122.078979,6.923608],[122.078993,6.92177],[122.079077,6.919447],[122.079141,6.918349],[122.079268,6.917099],[122.079439,6.915779],[122.079647,6.913595],[122.079861,6.911202],[122.079887,6.910714],[122.081964,6.911084],[122.082218,6.91086],[122.083279,6.911287],[122.084537,6.91139],[122.085797,6.911066],[122.085829,6.911206],[122.086492,6.911149],[122.08703,6.911282],[122.087271,6.910838],[122.087539,6.910592],[122.088022,6.910705],[122.088418,6.910928],[122.088725,6.911245],[122.089157,6.91111],[122.089302,6.911788],[122.090351,6.911633],[122.091879,6.911454],[122.093306,6.911371],[122.093296,6.911616],[122.094417,6.91166],[122.095859,6.911553],[122.09692,6.911573],[122.096873,6.911765],[122.09667,6.912459],[122.096497,6.912741],[122.096362,6.913178],[122.098747,6.913603],[122.097854,6.915183],[122.096629,6.917473],[122.095769,6.917341],[122.093793,6.916947],[122.093702,6.917883],[122.093596,6.918557],[122.093626,6.919185],[122.093747,6.919722],[122.093997,6.920184],[122.094196,6.920749],[122.093899,6.920978],[122.093826,6.921172],[122.093873,6.921517],[122.094037,6.922012],[122.093994,6.922211],[122.09374,6.922499],[122.093839,6.923275],[122.093757,6.924095],[122.093451,6.924526],[122.09286,6.925026],[122.09239,6.925052],[122.092037,6.924862],[122.091675,6.924573],[122.091205,6.924474],[122.090692,6.924724],[122.089735,6.924778],[122.089386,6.924836],[122.08798,6.925681],[122.087692,6.925707],[122.087269,6.92559],[122.086855,6.925345],[122.086539,6.925449],[122.086178,6.925759],[122.086178,6.926336],[122.086015,6.926491],[122.085838,6.926448],[122.08501,6.92584],[122.084644,6.925858],[122.084411,6.926082]]]}},{"type":"Feature","properties":{"psgc_code":"0931700088","name":"Tictapul"},"geometry":{"type":"Polygon","coordinates":[[[122.346289,7.421136],[122.34519,7.420961],[122.341307,7.421948],[122.338834,7.420069],[122.333156,7.419556],[122.331735,7.419583],[122.331236,7.419643],[122.330018,7.418767],[122.328071,7.419034],[122.327744,7.41841],[122.326948,7.418271],[122.326294,7.418293],[122.325721,7.418685],[122.325164,7.418643],[122.324934,7.418546],[122.324714,7.418187],[122.324134,7.417742],[122.32357,7.417756],[122.323287,7.418262],[122.322752,7.4189],[122.319709,7.420146],[122.314385,7.42184],[122.309069,7.419569],[122.306926,7.42044],[122.302638,7.420842],[122.298283,7.421579],[122.292052,7.425197],[122.285758,7.427279],[122.2775,7.427279],[122.274865,7.435431],[122.272938,7.441068],[122.268657,7.451486],[122.265018,7.457123],[122.257097,7.461832],[122.237253,7.477233],[122.226422,7.453313],[122.236706,7.443088],[122.239628,7.437587],[122.243496,7.433032],[122.248911,7.430196],[122.26235,7.423177],[122.269207,7.422219],[122.273801,7.422672],[122.277354,7.422571],[122.281562,7.420711],[122.28349,7.419101],[122.285451,7.416788],[122.288553,7.414692],[122.291101,7.410434],[122.291369,7.40735],[122.292157,7.405137],[122.293397,7.403058],[122.29566,7.399907],[122.296281,7.398147],[122.299818,7.396085],[122.301796,7.3958],[122.304478,7.395917],[122.307555,7.395133],[122.310144,7.393168],[122.313202,7.385461],[122.313398,7.386208],[122.314156,7.386679],[122.3144,7.387436],[122.315913,7.386592],[122.316524,7.386889],[122.316784,7.387557],[122.317287,7.387589],[122.319066,7.384997],[122.31994,7.384843],[122.321557,7.384712],[122.322168,7.385309],[122.323129,7.385014],[122.323498,7.385444],[122.323996,7.385694],[122.324309,7.386759],[122.324512,7.387546],[122.324394,7.388697],[122.323593,7.390278],[122.323566,7.390951],[122.324414,7.391523],[122.32487,7.392152],[122.325164,7.392994],[122.330759,7.400322],[122.335604,7.403117],[122.336357,7.403687],[122.336183,7.40454],[122.335987,7.405976],[122.335632,7.407801],[122.335501,7.408975],[122.33686,7.410306],[122.338246,7.410823],[122.338871,7.412205],[122.339307,7.413951],[122.340544,7.415023],[122.342062,7.415389],[122.344708,7.415471],[122.347078,7.415406],[122.348403,7.415712],[122.348331,7.416844],[122.348661,7.416996],[122.349218,7.41712],[122.34936,7.417305],[122.349746,7.417435],[122.350111,7.417801],[122.35014,7.417938],[122.350414,7.418183],[122.350323,7.418492],[122.350373,7.418753],[122.350544,7.41891],[122.350452,7.419209],[122.350672,7.419224],[122.35064,7.419818],[122.350377,7.420059],[122.350065,7.419873],[122.349653,7.420065],[122.349321,7.419766],[122.349272,7.419925],[122.348683,7.419959],[122.348634,7.419727],[122.348371,7.419718],[122.348283,7.420384],[122.347938,7.420397],[122.347803,7.420612],[122.347015,7.420959],[122.346289,7.421136]]]}},{"type":"Feature","properties":{"psgc_code":"0931700089","name":"Tigbalabag"},"geometry":{"type":"Polygon","coordinates":[[[122.259073,7.344124],[122.258853,7.343065],[122.258586,7.342432],[122.257951,7.342599],[122.257186,7.342609],[122.25716,7.341983],[122.257031,7.341556],[122.255847,7.342713],[122.255075,7.342307],[122.254826,7.341956],[122.253963,7.340353],[122.252994,7.340265],[122.252236,7.340071],[122.251532,7.339649],[122.251426,7.339085],[122.251021,7.33838],[122.250303,7.33826],[122.248132,7.336954],[122.245554,7.336152],[122.24438,7.33479],[122.245879,7.331105],[122.244016,7.326063],[122.243499,7.324468],[122.247607,7.32439],[122.251538,7.321984],[122.253611,7.320654],[122.257582,7.318913],[122.25991,7.318111],[122.26257,7.31815],[122.263529,7.31786],[122.264467,7.315705],[122.266912,7.313945],[122.269298,7.313827],[122.270984,7.313997],[122.273507,7.31527],[122.274589,7.314938],[122.276493,7.315924],[122.277946,7.317162],[122.279834,7.318399],[122.280366,7.321009],[122.283833,7.320449],[122.286883,7.321744],[122.290181,7.321465],[122.290447,7.321522],[122.290574,7.321682],[122.290888,7.321845],[122.291539,7.321503],[122.291862,7.321537],[122.292215,7.321997],[122.2922,7.32228],[122.292064,7.322435],[122.29208,7.322772],[122.291933,7.323273],[122.292081,7.323679],[122.29206,7.324108],[122.29185,7.32462],[122.292004,7.324865],[122.291903,7.325318],[122.292466,7.32503],[122.292563,7.325184],[122.292912,7.325058],[122.292988,7.325171],[122.293565,7.325075],[122.293521,7.325302],[122.293938,7.325376],[122.294183,7.325541],[122.294393,7.325875],[122.294528,7.325842],[122.294837,7.326373],[122.294975,7.326352],[122.295116,7.326688],[122.295471,7.326978],[122.295919,7.327138],[122.296482,7.327814],[122.296583,7.328199],[122.296839,7.328304],[122.297254,7.328363],[122.297433,7.328637],[122.297714,7.328794],[122.297824,7.329173],[122.298161,7.329199],[122.298506,7.329515],[122.298563,7.329764],[122.298506,7.330201],[122.298409,7.330412],[122.298809,7.330485],[122.29877,7.330203],[122.299078,7.330195],[122.299133,7.330373],[122.298424,7.331303],[122.298372,7.331411],[122.296035,7.331938],[122.294477,7.333935],[122.291185,7.335822],[122.288881,7.335943],[122.288409,7.33715],[122.287553,7.338159],[122.286697,7.339674],[122.285874,7.34031],[122.285108,7.339977],[122.282725,7.338236],[122.279621,7.336407],[122.276086,7.336305],[122.270094,7.334749],[122.26813,7.338131],[122.264101,7.338657],[122.261064,7.339892],[122.259748,7.342241],[122.259073,7.344124]]]}},{"type":"Feature","properties":{"psgc_code":"0931700090","name":"Tigtabon"},"geometry":{"type":"MultiPolygon","coordinates":[[[[122.159627,6.890513],[122.159446,6.890414],[122.159373,6.889954],[122.159462,6.889746],[122.159211,6.889642],[122.158898,6.8893],[122.158822,6.889073],[122.158955,6.888927],[122.158911,6.888618],[122.158695,6.888405],[122.15852,6.888473],[122.158504,6.888837],[122.15858,6.889386],[122.158421,6.889413],[122.158105,6.889209],[122.157891,6.889307],[122.157563,6.889119],[122.157316,6.889512],[122.156897,6.889428],[122.156652,6.889239],[122.156077,6.889084],[122.155899,6.888985],[122.155685,6.88865],[122.155878,6.888436],[122.155873,6.888261],[122.155593,6.888163],[122.155248,6.887919],[122.15486,6.887904],[122.154665,6.887598],[122.154861,6.887321],[122.155111,6.88719],[122.15524,6.886822],[122.155105,6.886689],[122.15472,6.886912],[122.154355,6.886849],[122.154123,6.886527],[122.154272,6.886322],[122.154462,6.885825],[122.15368,6.885423],[122.153281,6.88528],[122.152359,6.885142],[122.15193,6.885165],[122.150725,6.885568],[122.150329,6.885667],[122.149942,6.885844],[122.149401,6.885841],[122.148713,6.88549],[122.148377,6.885669],[122.148243,6.885862],[122.148313,6.886253],[122.148996,6.886493],[122.149134,6.886907],[122.148892,6.887413],[122.148758,6.887476],[122.148515,6.887273],[122.1484,6.886984],[122.147958,6.886955],[122.147821,6.887099],[122.148112,6.887924],[122.148108,6.888193],[122.14786,6.88831],[122.147277,6.888061],[122.146797,6.888141],[122.146224,6.887901],[122.146113,6.887725],[122.145834,6.887685],[122.145605,6.887907],[122.145313,6.888055],[122.144619,6.888144],[122.144147,6.887996],[122.143872,6.887772],[122.14348,6.887565],[122.143025,6.887191],[122.142617,6.887207],[122.142312,6.886859],[122.142181,6.886879],[122.142126,6.887198],[122.141995,6.887293],[122.1421,6.887824],[122.141979,6.888056],[122.141552,6.887941],[122.141156,6.887645],[122.141053,6.887693],[122.141027,6.888114],[122.140798,6.88793],[122.140751,6.887741],[122.141028,6.887539],[122.141009,6.887284],[122.140169,6.886733],[122.139698,6.886839],[122.139414,6.886554],[122.13905,6.886432],[122.138746,6.886038],[122.139083,6.885762],[122.138863,6.885441],[122.138692,6.885438],[122.138511,6.885045],[122.138595,6.884701],[122.138364,6.884644],[122.138252,6.884255],[122.13807,6.884078],[122.137971,6.88377],[122.137792,6.883689],[122.137524,6.883385],[122.137271,6.883297],[122.136733,6.882921],[122.136216,6.882415],[122.135885,6.882249],[122.135734,6.882062],[122.135729,6.881445],[122.135851,6.880898],[122.136248,6.880303],[122.136809,6.879807],[122.137305,6.879562],[122.138238,6.879257],[122.138535,6.879016],[122.138904,6.879055],[122.13932,6.879176],[122.139672,6.879122],[122.139936,6.878863],[122.140404,6.878765],[122.140825,6.878782],[122.141291,6.878709],[122.141447,6.878852],[122.141556,6.879216],[122.141745,6.879253],[122.141913,6.878449],[122.142225,6.878405],[122.142284,6.879107],[122.142609,6.878937],[122.142713,6.87923],[122.142599,6.879385],[122.142772,6.879687],[122.142747,6.880172],[122.143065,6.880332],[122.143152,6.880519],[122.142902,6.880627],[122.142679,6.880873],[122.142677,6.881089],[122.143036,6.881222],[122.14342,6.880959],[122.14365,6.881006],[122.143898,6.881323],[122.144099,6.8812],[122.144171,6.881461],[122.144569,6.881399],[122.144646,6.880986],[122.144924,6.881008],[122.145216,6.881269],[122.145511,6.88177],[122.14599,6.881297],[122.145698,6.88078],[122.145779,6.880495],[122.146045,6.880537],[122.146233,6.881164],[122.14654,6.881169],[122.146538,6.880847],[122.146701,6.880692],[122.146996,6.880616],[122.148245,6.880756],[122.148639,6.880574],[122.1491,6.880748],[122.149018,6.881184],[122.149269,6.881423],[122.14962,6.881458],[122.149947,6.881696],[122.15016,6.881635],[122.150334,6.881446],[122.150824,6.881283],[122.151015,6.881519],[122.15129,6.88149],[122.151439,6.881719],[122.151737,6.881632],[122.152069,6.881768],[122.152777,6.881652],[122.15303,6.881726],[122.153205,6.881458],[122.153389,6.881448],[122.15354,6.881996],[122.153671,6.88207],[122.153793,6.881627],[122.154331,6.881442],[122.154569,6.881572],[122.154794,6.881968],[122.155153,6.881901],[122.155503,6.882005],[122.155802,6.882514],[122.155958,6.883101],[122.156189,6.883228],[122.15636,6.883064],[122.156835,6.88298],[122.157395,6.883051],[122.157164,6.882496],[122.15674,6.882233],[122.156559,6.882032],[122.156292,6.881928],[122.156096,6.881977],[122.156017,6.881609],[122.155888,6.881522],[122.155905,6.88118],[122.156242,6.881335],[122.156314,6.881515],[122.156584,6.881645],[122.156636,6.881997],[122.157157,6.881877],[122.15761,6.882141],[122.157581,6.882468],[122.157784,6.882549],[122.157878,6.882817],[122.157883,6.883247],[122.157663,6.883458],[122.157653,6.883771],[122.157284,6.883917],[122.157287,6.884073],[122.157031,6.884268],[122.157084,6.884497],[122.157668,6.88456],[122.15757,6.884932],[122.1574,6.885241],[122.157557,6.885488],[122.157977,6.885451],[122.158147,6.885698],[122.158129,6.88601],[122.157946,6.886438],[122.157964,6.886657],[122.157631,6.886911],[122.157714,6.887093],[122.158858,6.887783],[122.159528,6.888086],[122.159796,6.888376],[122.160055,6.88893],[122.16004,6.889296],[122.15984,6.889839],[122.159953,6.890233],[122.159862,6.89041],[122.159627,6.890513]]],[[[122.165937,6.89679],[122.165118,6.896754],[122.164931,6.89665],[122.164821,6.896259],[122.164315,6.896132],[122.164238,6.895781],[122.163999,6.89572],[122.163563,6.895485],[122.163252,6.895423],[122.1629,6.895022],[122.162823,6.894804],[122.16294,6.894544],[122.163401,6.894514],[122.163655,6.894592],[122.163991,6.894582],[122.164109,6.894746],[122.16469,6.894869],[122.165182,6.894857],[122.165149,6.895197],[122.165301,6.895394],[122.165537,6.895238],[122.165703,6.895553],[122.166187,6.895361],[122.16674,6.894966],[122.166901,6.894713],[122.166878,6.894523],[122.167058,6.894382],[122.167077,6.89416],[122.167339,6.893929],[122.16792,6.892851],[122.167958,6.892394],[122.167799,6.892147],[122.168137,6.891893],[122.168232,6.891645],[122.168598,6.891393],[122.168771,6.890833],[122.168486,6.889917],[122.168194,6.88969],[122.168184,6.889413],[122.167952,6.889021],[122.167329,6.888693],[122.166742,6.888674],[122.166503,6.888743],[122.166175,6.888554],[122.166148,6.888099],[122.166267,6.887907],[122.166528,6.887959],[122.166665,6.88779],[122.166922,6.887838],[122.167054,6.887482],[122.167417,6.886925],[122.167782,6.887432],[122.168055,6.887965],[122.168379,6.888065],[122.168751,6.888575],[122.168826,6.889028],[122.16912,6.889154],[122.169072,6.889608],[122.168946,6.889691],[122.169152,6.890233],[122.169289,6.890966],[122.169496,6.89184],[122.169463,6.892454],[122.169188,6.893044],[122.168937,6.893438],[122.168728,6.893634],[122.168405,6.894239],[122.167921,6.894911],[122.167637,6.89542],[122.167162,6.895945],[122.166301,6.896705],[122.165937,6.89679]]]]}},{"type":"Feature","properties":{"psgc_code":"0931700091","name":"Tolosa"},"geometry":{"type":"Polygon","coordinates":[[[122.14032,7.081899],[122.140003,7.082171],[122.139576,7.082226],[122.139186,7.081799],[122.138715,7.081473],[122.138479,7.081573],[122.138243,7.082597],[122.138222,7.083344],[122.137788,7.083778],[122.136892,7.084555],[122.136221,7.084858],[122.136023,7.085029],[122.135997,7.085556],[122.135746,7.086004],[122.135022,7.086004],[122.13439,7.08574],[122.13389,7.086293],[122.133165,7.08686],[122.133718,7.087834],[122.133416,7.08898],[122.133653,7.089322],[122.134219,7.08898],[122.134969,7.088888],[122.135127,7.089533],[122.135114,7.090455],[122.134851,7.090903],[122.134627,7.091087],[122.134509,7.091706],[122.13493,7.092259],[122.135391,7.092101],[122.135562,7.092193],[122.135286,7.092812],[122.135799,7.094037],[122.13655,7.094366],[122.137077,7.094801],[122.1373,7.095499],[122.136379,7.096341],[122.136089,7.096039],[122.135707,7.09596],[122.13547,7.095472],[122.135259,7.095156],[122.134969,7.09538],[122.134864,7.095762],[122.134232,7.095801],[122.133982,7.096118],[122.134087,7.096776],[122.133679,7.097263],[122.133653,7.097777],[122.134285,7.09858],[122.134285,7.099146],[122.133626,7.099647],[122.133455,7.100055],[122.133481,7.100661],[122.13335,7.10178],[122.133656,7.101939],[122.134383,7.101791],[122.134936,7.101497],[122.135784,7.100852],[122.136309,7.100502],[122.136871,7.100262],[122.13677,7.099875],[122.137018,7.099405],[122.137838,7.098917],[122.138926,7.098558],[122.138972,7.099009],[122.138437,7.100271],[122.138474,7.100787],[122.138916,7.10122],[122.139349,7.101533],[122.139377,7.102114],[122.138704,7.102952],[122.138649,7.103395],[122.138815,7.103597],[122.139313,7.103606],[122.140271,7.103735],[122.140648,7.103818],[122.140952,7.104086],[122.140842,7.104436],[122.139589,7.104758],[122.139165,7.105587],[122.138686,7.10556],[122.138336,7.105071],[122.137802,7.103846],[122.137571,7.103487],[122.136991,7.103487],[122.136475,7.103837],[122.136392,7.104205],[122.136724,7.104491],[122.137092,7.104675],[122.137369,7.105044],[122.13712,7.105385],[122.136567,7.1052],[122.136374,7.104813],[122.13606,7.105034],[122.135977,7.105467],[122.135655,7.10556],[122.134734,7.105514],[122.134559,7.105716],[122.134559,7.106149],[122.135535,7.106896],[122.135664,7.107153],[122.135323,7.107458],[122.134595,7.107605],[122.1336,7.107937],[122.132338,7.108397],[122.131481,7.108784],[122.131122,7.109613],[122.130809,7.110737],[122.131362,7.111659],[122.131085,7.112064],[122.129961,7.113114],[122.129906,7.1134],[122.130007,7.113695],[122.129961,7.11387],[122.128957,7.113741],[122.128782,7.113962],[122.129003,7.114395],[122.129252,7.115077],[122.129021,7.115418],[122.127529,7.11504],[122.126976,7.114791],[122.126294,7.114616],[122.125622,7.114717],[122.125078,7.115031],[122.125115,7.115372],[122.125825,7.115473],[122.12599,7.115712],[122.125843,7.116063],[122.125465,7.116293],[122.125051,7.11632],[122.123954,7.115786],[122.123641,7.115547],[122.123291,7.115676],[122.123613,7.116311],[122.123881,7.116652],[122.124212,7.117426],[122.124489,7.117905],[122.125216,7.118071],[122.125474,7.118172],[122.125778,7.118559],[122.125622,7.118734],[122.125198,7.118725],[122.124019,7.118458],[122.123835,7.11878],[122.123825,7.119186],[122.123945,7.119564],[122.12424,7.119748],[122.124654,7.119702],[122.125576,7.120927],[122.125944,7.121213],[122.125944,7.121489],[122.125696,7.121977],[122.125355,7.122355],[122.125207,7.122853],[122.124866,7.122853],[122.124341,7.122466],[122.123991,7.122567],[122.123162,7.123332],[122.117045,7.123662],[122.111479,7.122322],[122.113054,7.116808],[122.114912,7.111122],[122.11631,7.105872],[122.116133,7.103965],[122.114146,7.099595],[122.113169,7.09647],[122.112194,7.093092],[122.109442,7.089957],[122.108014,7.08731],[122.107561,7.083897],[122.10568,7.081807],[122.104775,7.0801],[122.103556,7.078567],[122.101048,7.077871],[122.099398,7.075112],[122.100102,7.073153],[122.098964,7.071134],[122.093933,7.068484],[122.098069,7.064151],[122.099746,7.062197],[122.100238,7.061508],[122.10155,7.05987],[122.104291,7.058659],[122.106355,7.057698],[122.10872,7.056244],[122.111444,7.05545],[122.112823,7.053185],[122.114561,7.051714],[122.115497,7.049224],[122.116057,7.046917],[122.116216,7.046065],[122.11669,7.045452],[122.117595,7.043416],[122.118882,7.041686],[122.118715,7.038903],[122.118756,7.038327],[122.119166,7.037474],[122.119885,7.035277],[122.118781,7.032185],[122.116024,7.031942],[122.114561,7.030538],[122.112439,7.028675],[122.111402,7.025658],[122.111352,7.023268],[122.112765,7.020677],[122.1135,7.018521],[122.112815,7.016131],[122.11309,7.012045],[122.114286,7.007674],[122.114836,7.006344],[122.118352,7.007387],[122.11995,7.008509],[122.120972,7.009659],[122.122051,7.01066],[122.123689,7.012086],[122.125047,7.014353],[122.125892,7.015682],[122.127707,7.016711],[122.127622,7.017201],[122.12785,7.017573],[122.128315,7.017986],[122.128695,7.018088],[122.128931,7.018333],[122.128956,7.018628],[122.133505,7.020145],[122.138106,7.02056],[122.137669,7.025344],[122.137149,7.027482],[122.135663,7.027503],[122.134991,7.029793],[122.133963,7.032288],[122.134233,7.034387],[122.135122,7.037428],[122.134842,7.037548],[122.134509,7.037844],[122.134444,7.037999],[122.133837,7.038552],[122.133828,7.039285],[122.134372,7.039778],[122.134424,7.039988],[122.13495,7.040169],[122.135514,7.040541],[122.135642,7.040742],[122.135939,7.040817],[122.136134,7.040981],[122.136531,7.041022],[122.136734,7.041117],[122.137413,7.041702],[122.137914,7.041813],[122.138279,7.041525],[122.138321,7.041085],[122.138786,7.040508],[122.139206,7.040385],[122.139463,7.04023],[122.139496,7.039823],[122.139794,7.039799],[122.139811,7.03957],[122.139473,7.039401],[122.139378,7.038605],[122.139461,7.038242],[122.139778,7.03795],[122.140519,7.037665],[122.142731,7.037092],[122.143849,7.036879],[122.14442,7.036884],[122.144738,7.036964],[122.144994,7.03715],[122.14509,7.037586],[122.145331,7.037597],[122.147819,7.03953],[122.149658,7.041494],[122.149634,7.041992],[122.149904,7.042249],[122.150712,7.042128],[122.150783,7.042254],[122.150318,7.042643],[122.150146,7.042983],[122.149989,7.04367],[122.150184,7.044194],[122.150224,7.044706],[122.150066,7.044798],[122.149596,7.044705],[122.14903,7.044683],[122.148918,7.045549],[122.148784,7.04591],[122.14889,7.046542],[122.148039,7.046775],[122.147643,7.046978],[122.147427,7.047294],[122.147417,7.04755],[122.147538,7.047772],[122.147531,7.048107],[122.14735,7.048398],[122.146933,7.048656],[122.146889,7.048884],[122.147093,7.049098],[122.14725,7.049591],[122.147411,7.04988],[122.147404,7.050184],[122.147492,7.050442],[122.147838,7.050862],[122.147764,7.051086],[122.147355,7.051457],[122.146821,7.051555],[122.146616,7.05169],[122.146694,7.052046],[122.147049,7.052317],[122.147279,7.051943],[122.14754,7.051757],[122.148159,7.051768],[122.148643,7.051721],[122.148705,7.051818],[122.148567,7.052157],[122.148646,7.052331],[122.149146,7.053079],[122.148605,7.053547],[122.148301,7.053504],[122.148444,7.053863],[122.148835,7.054002],[122.149105,7.05397],[122.149255,7.05416],[122.149271,7.054396],[122.149062,7.054702],[122.148528,7.054769],[122.148092,7.054685],[122.147766,7.054543],[122.147525,7.054588],[122.147496,7.05477],[122.147751,7.055264],[122.147752,7.055407],[122.14746,7.055505],[122.146892,7.05511],[122.14658,7.055097],[122.146446,7.055463],[122.146547,7.055686],[122.146935,7.056202],[122.146946,7.056454],[122.146779,7.056776],[122.146146,7.057376],[122.145705,7.057856],[122.145233,7.058141],[122.144622,7.058635],[122.144396,7.05895],[122.139731,7.064919],[122.138991,7.067299],[122.138749,7.068522],[122.139744,7.070257],[122.140902,7.071153],[122.142783,7.072441],[122.144467,7.074143],[122.145308,7.075288],[122.144881,7.075869],[122.144963,7.07654],[122.145371,7.076866],[122.14529,7.077292],[122.145027,7.077446],[122.144582,7.077492],[122.144219,7.077338],[122.143975,7.076857],[122.143884,7.07654],[122.143276,7.076367],[122.142605,7.076812],[122.142025,7.07683],[122.141807,7.077047],[122.141417,7.077737],[122.141372,7.078335],[122.141508,7.078943],[122.141499,7.079324],[122.140547,7.081418],[122.140383,7.081582],[122.14032,7.081899]]]}},{"type":"Feature","properties":{"psgc_code":"0931700092","name":"Tugbungan"},"geometry":{"type":"Polygon","coordinates":[[[122.107016,6.927828],[122.106511,6.927794],[122.105059,6.92842],[122.104754,6.928702],[122.10287,6.928148],[122.100727,6.927845],[122.100844,6.926865],[122.100857,6.92562],[122.100805,6.924575],[122.098269,6.924147],[122.098405,6.923129],[122.097503,6.92285],[122.097698,6.922383],[122.095914,6.921792],[122.095994,6.921428],[122.095473,6.921156],[122.094816,6.920926],[122.094647,6.921316],[122.094327,6.921113],[122.094196,6.920749],[122.093997,6.920184],[122.093747,6.919722],[122.093626,6.919185],[122.093596,6.918557],[122.093702,6.917883],[122.093793,6.916947],[122.095769,6.917341],[122.096629,6.917473],[122.097854,6.915183],[122.098747,6.913603],[122.098981,6.913198],[122.102269,6.91415],[122.102816,6.914161],[122.103045,6.914217],[122.103195,6.913757],[122.10391,6.914092],[122.104346,6.914243],[122.104734,6.914476],[122.105186,6.914646],[122.106142,6.912806],[122.107283,6.913184],[122.10856,6.913262],[122.108622,6.913717],[122.109803,6.91348],[122.110745,6.913506],[122.110764,6.913707],[122.111563,6.9135],[122.111531,6.914179],[122.111983,6.914253],[122.112255,6.914558],[122.112755,6.91466],[122.113095,6.914801],[122.113619,6.914821],[122.113901,6.914772],[122.114343,6.914966],[122.114245,6.91653],[122.113845,6.919325],[122.113626,6.920507],[122.114993,6.920967],[122.118135,6.921369],[122.118122,6.921763],[122.120278,6.921997],[122.118551,6.926497],[122.118053,6.926406],[122.117094,6.925659],[122.116074,6.925379],[122.115342,6.925447],[122.114997,6.925271],[122.114773,6.924961],[122.114484,6.924922],[122.114018,6.925375],[122.113436,6.925056],[122.112391,6.927027],[122.11108,6.927493],[122.108366,6.927701],[122.107016,6.927828]]]}},{"type":"Feature","properties":{"psgc_code":"0931700093","name":"Tulungatung"},"geometry":{"type":"Polygon","coordinates":[[[121.976743,6.987909],[121.976493,6.98856],[121.976295,6.988836],[121.975842,6.989143],[121.975186,6.989096],[121.974749,6.988898],[121.974322,6.988778],[121.973926,6.988518],[121.973723,6.988258],[121.973723,6.987794],[121.973603,6.987367],[121.973395,6.986925],[121.973156,6.986623],[121.972614,6.986529],[121.969628,6.988619],[121.96869,6.987604],[121.96823,6.986512],[121.967253,6.983523],[121.966228,6.981541],[121.964389,6.979654],[121.964025,6.976608],[121.963961,6.97543],[121.963467,6.975461],[121.962394,6.975877],[121.96115,6.976252],[121.95988,6.976429],[121.959677,6.976559],[121.959448,6.976846],[121.958969,6.977273],[121.958615,6.977319],[121.958313,6.976934],[121.958219,6.976294],[121.957943,6.975424],[121.957761,6.975226],[121.957209,6.975117],[121.956522,6.974826],[121.95623,6.974581],[121.955829,6.974013],[121.955677,6.97365],[121.955524,6.973268],[121.955155,6.972975],[121.954597,6.972728],[121.954075,6.972318],[121.953599,6.971596],[121.953159,6.971191],[121.952473,6.970275],[121.952332,6.970205],[121.951839,6.970492],[121.951616,6.970451],[121.951381,6.969958],[121.951381,6.969788],[121.951158,6.969536],[121.95073,6.969413],[121.949955,6.969348],[121.949855,6.969083],[121.950225,6.968279],[121.950338,6.967863],[121.951052,6.966721],[121.951139,6.966024],[121.952995,6.966024],[121.953208,6.964783],[121.952982,6.962865],[121.953722,6.962188],[121.956543,6.964156],[121.95712,6.963355],[121.957242,6.963163],[121.958463,6.963914],[121.958399,6.964047],[121.958952,6.964298],[121.959557,6.964705],[121.959819,6.964193],[121.960807,6.964676],[121.965054,6.966685],[121.966182,6.967331],[121.967325,6.968137],[121.967337,6.968456],[121.967551,6.969002],[121.967607,6.970268],[121.967996,6.970908],[121.968328,6.971008],[121.969632,6.971484],[121.970121,6.971685],[121.970829,6.971741],[121.971764,6.971484],[121.972453,6.971221],[121.972961,6.971114],[121.973532,6.971064],[121.974108,6.97124],[121.974359,6.971491],[121.974585,6.971929],[121.975666,6.972421],[121.974793,6.976016],[121.974207,6.979358],[121.975264,6.982838],[121.975597,6.985319],[121.976743,6.987909]]]}},{"type":"Feature","properties":{"psgc_code":"0931700094","name":"Tumaga"},"geometry":{"type":"Polygon","coordinates":[[[122.088003,6.948024],[122.087287,6.948281],[122.086992,6.948524],[122.086689,6.949415],[122.086581,6.949899],[122.086292,6.950673],[122.083756,6.95119],[122.083929,6.952038],[122.083743,6.952279],[122.082789,6.952137],[122.082141,6.95119],[122.081466,6.950383],[122.081306,6.950264],[122.078556,6.949819],[122.078222,6.948789],[122.077484,6.948754],[122.07745,6.948904],[122.076816,6.949007],[122.076751,6.948774],[122.076844,6.948605],[122.076863,6.94824],[122.07704,6.947388],[122.077012,6.947024],[122.076825,6.946275],[122.076563,6.944956],[122.076675,6.944582],[122.076797,6.943758],[122.076781,6.943053],[122.076728,6.942655],[122.075543,6.939567],[122.075465,6.939281],[122.075803,6.938746],[122.075986,6.938694],[122.07624,6.938812],[122.076917,6.938297],[122.076996,6.938173],[122.076885,6.937737],[122.076781,6.937072],[122.076338,6.936153],[122.076324,6.935495],[122.076181,6.935079],[122.075803,6.93472],[122.075367,6.934596],[122.074735,6.934518],[122.074396,6.934427],[122.073803,6.934101],[122.073484,6.933841],[122.073497,6.933574],[122.073699,6.933404],[122.074585,6.933],[122.074741,6.933039],[122.075158,6.933424],[122.075406,6.933495],[122.075614,6.933404],[122.075992,6.933078],[122.07682,6.933052],[122.077953,6.933208],[122.078435,6.933189],[122.079236,6.932615],[122.079635,6.932016],[122.079977,6.931774],[122.080561,6.93176],[122.081031,6.931532],[122.08096,6.931104],[122.080433,6.931033],[122.080376,6.930805],[122.080647,6.930007],[122.08096,6.929494],[122.08086,6.92881],[122.081174,6.928653],[122.081217,6.928425],[122.081145,6.927456],[122.081274,6.927228],[122.081601,6.926929],[122.0821,6.9269],[122.082371,6.927313],[122.082812,6.927487],[122.083333,6.927254],[122.083695,6.926884],[122.083911,6.92628],[122.084032,6.926125],[122.084411,6.926082],[122.084665,6.92656],[122.084889,6.927095],[122.08576,6.92875],[122.086088,6.929095],[122.086553,6.929354],[122.086452,6.930144],[122.086427,6.930643],[122.086441,6.931987],[122.087204,6.932092],[122.088066,6.932559],[122.088169,6.932552],[122.088203,6.933692],[122.087822,6.933768],[122.087627,6.934124],[122.087531,6.935335],[122.088296,6.93551],[122.08806,6.936429],[122.088415,6.936624],[122.088319,6.937326],[122.088351,6.937475],[122.088907,6.937649],[122.088634,6.938982],[122.088333,6.940166],[122.088539,6.940411],[122.088553,6.940748],[122.088475,6.941943],[122.087702,6.942944],[122.088651,6.944807],[122.088795,6.9471],[122.087873,6.947794],[122.088003,6.948024]]]}},{"type":"Feature","properties":{"psgc_code":"0931700095","name":"Tumalutab"},"geometry":{"type":"MultiPolygon","coordinates":[[[[122.326661,6.956277],[122.326459,6.956233],[122.324771,6.956199],[122.324491,6.956085],[122.324067,6.955812],[122.323886,6.955627],[122.323329,6.9548],[122.323295,6.954315],[122.323429,6.953775],[122.323858,6.953328],[122.324131,6.953244],[122.324595,6.953226],[122.324975,6.953317],[122.325757,6.953382],[122.326737,6.953651],[122.327439,6.953718],[122.327647,6.953444],[122.327846,6.953426],[122.32807,6.952982],[122.328374,6.953075],[122.32828,6.953325],[122.328086,6.953486],[122.328223,6.953794],[122.328576,6.954285],[122.328073,6.954709],[122.328097,6.955047],[122.328265,6.955637],[122.328249,6.955853],[122.328026,6.956042],[122.327646,6.956076],[122.327623,6.956227],[122.32729,6.956144],[122.326661,6.956277]]],[[[122.358473,6.983966],[122.358158,6.983818],[122.358022,6.983599],[122.357808,6.983724],[122.357351,6.983449],[122.356985,6.983511],[122.35677,6.983626],[122.356293,6.983565],[122.35571,6.983662],[122.355505,6.983491],[122.355461,6.983298],[122.355843,6.983176],[122.35581,6.983051],[122.355402,6.983181],[122.355274,6.983082],[122.355376,6.982845],[122.355576,6.982662],[122.356308,6.982459],[122.356536,6.982564],[122.356731,6.982289],[122.357083,6.98235],[122.357472,6.982152],[122.357747,6.982144],[122.358378,6.9827],[122.35874,6.983143],[122.358847,6.983542],[122.358832,6.983859],[122.358473,6.983966]]],[[[122.35616,6.98881],[122.355513,6.988811],[122.355027,6.98865],[122.354687,6.988287],[122.354787,6.987778],[122.35469,6.987575],[122.35411,6.98733],[122.353243,6.987211],[122.352903,6.986996],[122.35258,6.986707],[122.352396,6.986309],[122.352343,6.98571],[122.352517,6.985167],[122.352465,6.98493],[122.352696,6.984897],[122.352776,6.984629],[122.351743,6.983788],[122.351297,6.983482],[122.35075,6.983194],[122.350159,6.982953],[122.349792,6.982862],[122.349058,6.9829],[122.349032,6.982746],[122.348604,6.982683],[122.348183,6.982698],[122.346763,6.982485],[122.346315,6.98226],[122.346041,6.982021],[122.345793,6.981645],[122.345844,6.981435],[122.346069,6.98132],[122.34636,6.980765],[122.346716,6.98026],[122.34697,6.979675],[122.347187,6.97867],[122.347305,6.978441],[122.348018,6.97808],[122.349006,6.977539],[122.349733,6.977223],[122.350396,6.976981],[122.351172,6.976896],[122.352029,6.976744],[122.352582,6.976732],[122.353209,6.97681],[122.353827,6.976603],[122.353887,6.976705],[122.354373,6.976691],[122.354613,6.976843],[122.35484,6.977268],[122.354915,6.977533],[122.354937,6.978099],[122.355028,6.978415],[122.355206,6.979497],[122.354919,6.979474],[122.35462,6.979743],[122.35463,6.980372],[122.354378,6.980522],[122.354477,6.981036],[122.354733,6.981224],[122.354775,6.981467],[122.354733,6.981958],[122.354813,6.982587],[122.354707,6.982785],[122.355105,6.983394],[122.354935,6.983811],[122.354749,6.984712],[122.354641,6.98562],[122.354765,6.986478],[122.354993,6.986522],[122.355352,6.986379],[122.355708,6.986724],[122.356022,6.986834],[122.356509,6.98712],[122.356695,6.987357],[122.35718,6.987426],[122.357337,6.987553],[122.357678,6.988171],[122.357379,6.98839],[122.357127,6.988269],[122.356862,6.988376],[122.356594,6.988727],[122.35616,6.98881]]]]}},{"type":"Feature","properties":{"psgc_code":"0931700096","name":"Tumitus"},"geometry":{"type":"MultiPolygon","coordinates":[[[[122.409302,7.354126],[122.409485,7.354492],[122.409485,7.355896],[122.408691,7.356689],[122.408081,7.356689],[122.407898,7.355896],[122.408081,7.354919],[122.408508,7.354126],[122.409119,7.353882],[122.409302,7.354126]]],[[[122.405273,7.359314],[122.405518,7.35968],[122.405701,7.361511],[122.405701,7.362305],[122.405273,7.363098],[122.404724,7.363098],[122.40448,7.362488],[122.40448,7.361511],[122.404297,7.35968],[122.404724,7.359314],[122.405273,7.359314]]],[[[122.428894,7.385925],[122.429077,7.386108],[122.429504,7.386902],[122.429504,7.387695],[122.428894,7.388123],[122.428284,7.387695],[122.427917,7.387329],[122.42749,7.386475],[122.427917,7.385925],[122.428284,7.385681],[122.428894,7.385925]]],[[[122.387886,7.395486],[122.387409,7.395472],[122.387477,7.395161],[122.387642,7.395081],[122.38745,7.394652],[122.387568,7.394221],[122.387935,7.394443],[122.388048,7.394772],[122.388251,7.394896],[122.388321,7.395188],[122.388058,7.395459],[122.387886,7.395486]]],[[[122.403562,7.395193],[122.403777,7.395764],[122.403491,7.396335],[122.40242,7.396977],[122.401921,7.396977],[122.401635,7.396264],[122.401706,7.394988],[122.401306,7.395081],[122.400513,7.394897],[122.400085,7.39447],[122.400085,7.393921],[122.400513,7.393127],[122.401123,7.3927],[122.4021,7.392883],[122.402527,7.393311],[122.40271,7.393921],[122.402527,7.39447],[122.4021,7.394897],[122.402777,7.394836],[122.403562,7.395193]]],[[[122.378927,7.360462],[122.379467,7.360614],[122.38025,7.360477],[122.380606,7.360601],[122.380749,7.360963],[122.380712,7.36129],[122.381093,7.361609],[122.381524,7.362102],[122.3818,7.362878],[122.382161,7.363119],[122.382255,7.363409],[122.382493,7.363678],[122.382525,7.364011],[122.382158,7.364207],[122.381782,7.364568],[122.381618,7.364571],[122.381414,7.364238],[122.381028,7.363976],[122.380507,7.364031],[122.380383,7.363931],[122.380105,7.364012],[122.380304,7.36475],[122.380111,7.364768],[122.37987,7.365324],[122.379864,7.365916],[122.37991,7.366116],[122.379656,7.367223],[122.37978,7.368031],[122.379632,7.368206],[122.37982,7.369208],[122.379847,7.369728],[122.379989,7.370006],[122.380202,7.370024],[122.380245,7.370288],[122.380007,7.370493],[122.380012,7.371002],[122.379546,7.370905],[122.379266,7.371041],[122.379238,7.371424],[122.379315,7.371793],[122.379579,7.372277],[122.379777,7.372336],[122.379925,7.37267],[122.380235,7.373077],[122.381037,7.373742],[122.381697,7.374113],[122.38225,7.374321],[122.382493,7.374163],[122.382709,7.374472],[122.383009,7.374549],[122.383388,7.374479],[122.383458,7.374749],[122.383344,7.374845],[122.383438,7.375109],[122.383578,7.375908],[122.383731,7.37619],[122.383784,7.376797],[122.383928,7.376978],[122.383688,7.377249],[122.383484,7.377353],[122.383652,7.377796],[122.383711,7.378376],[122.38393,7.378938],[122.384538,7.379679],[122.385159,7.380514],[122.385483,7.380592],[122.3857,7.380795],[122.385827,7.380623],[122.386439,7.380644],[122.386653,7.380222],[122.386962,7.380256],[122.386999,7.380467],[122.387219,7.380692],[122.387374,7.38106],[122.387828,7.381331],[122.38782,7.381514],[122.388201,7.381529],[122.38843,7.381653],[122.388499,7.381906],[122.388784,7.382097],[122.388734,7.382372],[122.388872,7.382627],[122.389215,7.38298],[122.389682,7.383017],[122.389531,7.383676],[122.389733,7.383956],[122.390238,7.384331],[122.390286,7.38454],[122.390132,7.384982],[122.390264,7.385149],[122.390538,7.385254],[122.390472,7.385438],[122.390851,7.385955],[122.390931,7.386296],[122.391334,7.386295],[122.391264,7.386472],[122.390987,7.386662],[122.390904,7.386841],[122.390969,7.387143],[122.391149,7.387495],[122.391316,7.387978],[122.39171,7.388439],[122.391933,7.388854],[122.392341,7.389079],[122.392307,7.389275],[122.392669,7.389386],[122.392755,7.389547],[122.393132,7.389875],[122.393225,7.390161],[122.39347,7.390385],[122.393429,7.390615],[122.39355,7.390863],[122.393273,7.390861],[122.39277,7.39055],[122.392517,7.390565],[122.391321,7.390247],[122.390888,7.389945],[122.390396,7.389798],[122.389904,7.390128],[122.389097,7.390899],[122.388972,7.391138],[122.388539,7.391462],[122.387958,7.392231],[122.387569,7.392898],[122.387676,7.393123],[122.387415,7.393302],[122.387265,7.393624],[122.387223,7.393933],[122.386067,7.393972],[122.3856,7.394176],[122.385254,7.394617],[122.385356,7.395155],[122.385529,7.39542],[122.385263,7.39551],[122.385023,7.395384],[122.384574,7.395716],[122.384437,7.395262],[122.38423,7.395179],[122.384086,7.394976],[122.383635,7.39465],[122.383197,7.394521],[122.382838,7.394485],[122.382501,7.394198],[122.382037,7.393897],[122.381728,7.393357],[122.381534,7.393169],[122.381087,7.393134],[122.380577,7.39324],[122.380447,7.392707],[122.380498,7.39222],[122.380414,7.391902],[122.380156,7.391834],[122.379641,7.391916],[122.379444,7.391885],[122.379272,7.392053],[122.379488,7.392653],[122.379297,7.3929],[122.378994,7.393033],[122.378035,7.393168],[122.377307,7.39289],[122.37718,7.392914],[122.376808,7.392669],[122.376633,7.392698],[122.376238,7.392499],[122.375812,7.392537],[122.375658,7.392773],[122.375701,7.392923],[122.37533,7.392991],[122.375121,7.39264],[122.374853,7.39243],[122.374677,7.39246],[122.374492,7.392301],[122.374298,7.391796],[122.374065,7.391488],[122.37401,7.39192],[122.373759,7.39208],[122.37349,7.392433],[122.373476,7.392607],[122.373676,7.392929],[122.373241,7.393139],[122.372675,7.393711],[122.372354,7.393646],[122.372014,7.393411],[122.371636,7.393383],[122.371202,7.393562],[122.370902,7.393759],[122.37057,7.394297],[122.370124,7.394602],[122.369931,7.394535],[122.369301,7.394532],[122.369038,7.394454],[122.368461,7.393763],[122.368232,7.393911],[122.367703,7.393667],[122.366966,7.393927],[122.367078,7.394064],[122.366932,7.394302],[122.366676,7.394514],[122.366505,7.394885],[122.366019,7.394959],[122.365776,7.395143],[122.365483,7.394886],[122.365321,7.395004],[122.365776,7.395426],[122.366174,7.395567],[122.366058,7.395746],[122.365469,7.395697],[122.365111,7.395342],[122.364697,7.395116],[122.364427,7.39509],[122.363962,7.394808],[122.363314,7.395011],[122.363245,7.395146],[122.362825,7.395186],[122.362446,7.394906],[122.362333,7.39503],[122.362556,7.395303],[122.362619,7.395622],[122.362527,7.396111],[122.362685,7.396237],[122.363041,7.396878],[122.363239,7.397312],[122.363574,7.397557],[122.363761,7.397862],[122.363422,7.398092],[122.363097,7.397923],[122.362472,7.397859],[122.362116,7.398123],[122.361519,7.398285],[122.361117,7.398923],[122.36094,7.399498],[122.360918,7.39992],[122.361049,7.400046],[122.361049,7.400495],[122.360962,7.400629],[122.360535,7.400794],[122.360514,7.400947],[122.359953,7.400781],[122.359657,7.400857],[122.359399,7.400794],[122.359275,7.400954],[122.358873,7.401228],[122.358284,7.401436],[122.357825,7.401503],[122.357519,7.401424],[122.357291,7.401669],[122.357095,7.40141],[122.356644,7.401368],[122.356513,7.401536],[122.356226,7.401478],[122.35591,7.401261],[122.355553,7.4009],[122.355434,7.400677],[122.355104,7.400347],[122.354399,7.39912],[122.353963,7.398715],[122.353761,7.398647],[122.353514,7.398332],[122.353062,7.398061],[122.352949,7.397905],[122.352521,7.397586],[122.35236,7.397328],[122.352147,7.397441],[122.351847,7.397428],[122.351521,7.397266],[122.351331,7.396906],[122.35119,7.396789],[122.351051,7.397454],[122.350921,7.397591],[122.350691,7.397573],[122.350459,7.397708],[122.350154,7.397484],[122.34986,7.397389],[122.349734,7.39682],[122.349415,7.396579],[122.349244,7.396279],[122.348679,7.396368],[122.34808,7.396873],[122.347747,7.396807],[122.348,7.396504],[122.347314,7.396428],[122.346918,7.396339],[122.34655,7.396453],[122.346181,7.396649],[122.345767,7.396615],[122.345428,7.396725],[122.345212,7.396674],[122.345446,7.396124],[122.344195,7.393204],[122.348714,7.391118],[122.351773,7.384167],[122.353719,7.381177],[122.355388,7.376589],[122.355751,7.374541],[122.35658,7.373797],[122.356749,7.373289],[122.356834,7.372342],[122.3568,7.371733],[122.357392,7.370887],[122.358491,7.370177],[122.365607,7.3663],[122.374575,7.362754],[122.378927,7.360462]]],[[[122.373835,7.406503],[122.373748,7.407048],[122.373604,7.407188],[122.373351,7.407136],[122.373071,7.406686],[122.372868,7.406489],[122.372395,7.406387],[122.372134,7.406478],[122.37206,7.406996],[122.371858,7.407073],[122.371525,7.407032],[122.370787,7.406741],[122.369917,7.406937],[122.369724,7.406739],[122.369756,7.406392],[122.369971,7.405948],[122.37013,7.405764],[122.370213,7.405284],[122.370025,7.404877],[122.370119,7.404369],[122.370423,7.404214],[122.37073,7.403762],[122.371663,7.403553],[122.3717,7.403298],[122.372286,7.403204],[122.372571,7.403481],[122.37254,7.403837],[122.372697,7.4039],[122.372866,7.403682],[122.373149,7.403617],[122.373442,7.403834],[122.373133,7.404221],[122.373055,7.404547],[122.373359,7.404758],[122.373805,7.405682],[122.373572,7.406048],[122.373835,7.406503]]],[[[122.372095,7.410815],[122.371887,7.411169],[122.371685,7.411185],[122.371669,7.41183],[122.371509,7.412058],[122.371194,7.412328],[122.370521,7.412521],[122.370044,7.412427],[122.369805,7.41203],[122.369816,7.411817],[122.369993,7.411636],[122.370118,7.411196],[122.370391,7.411011],[122.37061,7.410725],[122.3706,7.410076],[122.370723,7.409854],[122.3706,7.409538],[122.370439,7.408814],[122.370331,7.408543],[122.370384,7.408358],[122.370613,7.408194],[122.371223,7.408112],[122.371574,7.408159],[122.371669,7.408432],[122.372079,7.40836],[122.372574,7.408564],[122.372702,7.408797],[122.372659,7.409188],[122.373033,7.409505],[122.37354,7.409784],[122.373813,7.410044],[122.373783,7.410933],[122.373677,7.411129],[122.373404,7.411193],[122.372805,7.411043],[122.372575,7.411032],[122.37234,7.41081],[122.372095,7.410815]]]]}},{"type":"Feature","properties":{"psgc_code":"0931700097","name":"Vitali"},"geometry":{"type":"Polygon","coordinates":[[[122.313202,7.385461],[122.310144,7.393168],[122.307555,7.395133],[122.304478,7.395917],[122.301796,7.3958],[122.299818,7.396085],[122.296281,7.398147],[122.29566,7.399907],[122.293397,7.403058],[122.292157,7.405137],[122.291369,7.40735],[122.291101,7.410434],[122.288553,7.414692],[122.285451,7.416788],[122.28349,7.419101],[122.281562,7.420711],[122.277354,7.422571],[122.273801,7.422672],[122.269207,7.422219],[122.26235,7.423177],[122.248911,7.430196],[122.243496,7.433032],[122.239628,7.437587],[122.236706,7.443088],[122.226422,7.453313],[122.217156,7.443884],[122.201883,7.437227],[122.188764,7.430569],[122.179169,7.415297],[122.177603,7.402373],[122.174862,7.3918],[122.178087,7.37147],[122.190317,7.370135],[122.205359,7.366844],[122.21573,7.362636],[122.225693,7.361132],[122.230243,7.358787],[122.235611,7.358556],[122.240319,7.356487],[122.245191,7.356466],[122.251232,7.355633],[122.258057,7.352946],[122.261151,7.351347],[122.262727,7.35052],[122.263022,7.349788],[122.263556,7.349154],[122.262923,7.347563],[122.262072,7.347134],[122.26144,7.347414],[122.260938,7.348041],[122.260079,7.348133],[122.259771,7.347156],[122.258801,7.346871],[122.25825,7.34651],[122.258831,7.345556],[122.258183,7.344734],[122.258697,7.344026],[122.259073,7.344124],[122.259748,7.342241],[122.261064,7.339892],[122.264101,7.338657],[122.26813,7.338131],[122.270094,7.334749],[122.271232,7.337684],[122.273604,7.343273],[122.275261,7.346068],[122.273685,7.34961],[122.272645,7.352794],[122.270972,7.355345],[122.270923,7.359001],[122.27453,7.359342],[122.278917,7.362169],[122.28176,7.36329],[122.285443,7.362857],[122.287349,7.361519],[122.289158,7.361648],[122.292355,7.361026],[122.30168,7.363424],[122.30461,7.362536],[122.303809,7.361441],[122.301711,7.360461],[122.301398,7.359836],[122.301468,7.359628],[122.302742,7.359715],[122.303066,7.359131],[122.302885,7.358276],[122.305351,7.357115],[122.305681,7.355364],[122.306258,7.355191],[122.307048,7.355102],[122.308045,7.355678],[122.308466,7.35673],[122.309021,7.357084],[122.310382,7.356604],[122.310838,7.356574],[122.311608,7.356376],[122.312375,7.356546],[122.313281,7.356096],[122.314826,7.355848],[122.315578,7.35635],[122.316992,7.357238],[122.318956,7.356709],[122.31806,7.355414],[122.318285,7.35487],[122.32216,7.354239],[122.324745,7.352332],[122.326816,7.355347],[122.32889,7.35799],[122.323936,7.359049],[122.323665,7.359548],[122.324674,7.361013],[122.32401,7.363031],[122.323457,7.363285],[122.322374,7.361271],[122.321631,7.361447],[122.321034,7.363836],[122.320275,7.364098],[122.320961,7.365498],[122.321716,7.366008],[122.322026,7.36691],[122.322912,7.36722],[122.324491,7.366593],[122.325099,7.366909],[122.325265,7.367492],[122.32364,7.367789],[122.323556,7.368299],[122.325195,7.369323],[122.325198,7.369841],[122.322847,7.370043],[122.322553,7.370446],[122.323834,7.371156],[122.323874,7.371553],[122.323118,7.372684],[122.323789,7.37289],[122.323576,7.373706],[122.324434,7.374693],[122.325293,7.37518],[122.325544,7.3759],[122.32526,7.376381],[122.324312,7.375718],[122.32341,7.375912],[122.32191,7.377303],[122.321422,7.376919],[122.321902,7.375225],[122.321135,7.3747],[122.319538,7.376369],[122.31847,7.376315],[122.318249,7.375595],[122.319187,7.374422],[122.318583,7.373183],[122.317369,7.374219],[122.315758,7.37481],[122.315576,7.375195],[122.316116,7.375739],[122.313608,7.37658],[122.313845,7.377356],[122.314771,7.377727],[122.314933,7.378516],[122.314821,7.379008],[122.313789,7.379483],[122.312954,7.379462],[122.313006,7.380541],[122.312816,7.381501],[122.31309,7.382546],[122.313546,7.382721],[122.312952,7.383955],[122.311788,7.384645],[122.311436,7.385321],[122.312581,7.385476],[122.313024,7.38507],[122.313202,7.385461]]]}},{"type":"Feature","properties":{"psgc_code":"0931700098","name":"Capisan"},"geometry":{"type":"Polygon","coordinates":[[[122.039324,6.965969],[122.039297,6.966273],[122.039641,6.966577],[122.039456,6.96733],[122.040368,6.967264],[122.040989,6.967779],[122.039998,6.967713],[122.039152,6.968057],[122.03906,6.968902],[122.039826,6.971585],[122.040724,6.972668],[122.04124,6.973223],[122.042482,6.973646],[122.043235,6.974888],[122.042759,6.977728],[122.042653,6.97897],[122.040668,6.982536],[122.040545,6.98279],[122.038693,6.982536],[122.038491,6.982606],[122.038404,6.982817],[122.038237,6.983571],[122.038314,6.984612],[122.037117,6.985431],[122.036007,6.986964],[122.035466,6.987968],[122.034831,6.988682],[122.034937,6.98925],[122.032585,6.990558],[122.031687,6.990492],[122.030828,6.990677],[122.02841,6.990386],[122.02623,6.989924],[122.024843,6.987889],[122.024565,6.984824],[122.02475,6.9823],[122.023839,6.980265],[122.023667,6.977715],[122.02405,6.974769],[122.023786,6.974491],[122.023072,6.974465],[122.022464,6.974505],[122.021024,6.974399],[122.019135,6.974095],[122.018487,6.973738],[122.018223,6.973302],[122.019359,6.973078],[122.02076,6.970726],[122.020998,6.969286],[122.019518,6.967832],[122.019029,6.966511],[122.019518,6.964899],[122.020443,6.964318],[122.020086,6.962838],[122.021143,6.962415],[122.020681,6.960843],[122.021328,6.959402],[122.022544,6.958953],[122.022834,6.958393],[122.023738,6.958985],[122.024744,6.958554],[122.025332,6.958642],[122.025402,6.958337],[122.025812,6.958033],[122.026468,6.958161],[122.026821,6.957765],[122.030366,6.957513],[122.031502,6.95898],[122.032308,6.961279],[122.037226,6.964395],[122.039324,6.965969]]]}},{"type":"Feature","properties":{"psgc_code":"0931700099","name":"Camino Nuevo"},"geometry":{"type":"Polygon","coordinates":[[[122.079647,6.913595],[122.079439,6.915779],[122.079268,6.917099],[122.079141,6.918349],[122.079077,6.919447],[122.078993,6.92177],[122.076856,6.921527],[122.075644,6.921428],[122.074754,6.92128],[122.073093,6.921171],[122.07283,6.921136],[122.072875,6.921001],[122.07288,6.919788],[122.072946,6.919037],[122.073086,6.918716],[122.073121,6.918145],[122.073236,6.917478],[122.073221,6.917103],[122.073306,6.916256],[122.073201,6.915624],[122.073161,6.914833],[122.073081,6.914322],[122.073256,6.912823],[122.073341,6.912503],[122.073582,6.912142],[122.073567,6.911791],[122.073677,6.911175],[122.073792,6.910954],[122.073923,6.910255],[122.074928,6.910615],[122.07596,6.9113],[122.076715,6.911765],[122.07893,6.913166],[122.079647,6.913595]]]}},{"type":"Feature","properties":{"psgc_code":"0931700100","name":"Licomo"},"geometry":{"type":"Polygon","coordinates":[[[122.346289,7.421136],[122.34623,7.421246],[122.345886,7.421261],[122.345653,7.421567],[122.345685,7.422226],[122.345326,7.422533],[122.345447,7.42266],[122.345426,7.422922],[122.345524,7.423355],[122.345445,7.423745],[122.345116,7.424148],[122.344922,7.424147],[122.344963,7.424595],[122.344855,7.424846],[122.344502,7.424919],[122.343957,7.424729],[122.343549,7.424719],[122.343512,7.425089],[122.343799,7.42508],[122.343953,7.425231],[122.344834,7.425566],[122.344981,7.425794],[122.344957,7.426121],[122.345054,7.426569],[122.345252,7.426981],[122.345362,7.427464],[122.345413,7.428292],[122.345235,7.428985],[122.345326,7.429298],[122.345299,7.429946],[122.345487,7.430084],[122.345217,7.430343],[122.345252,7.430619],[122.345418,7.430651],[122.345572,7.430927],[122.345453,7.431071],[122.34525,7.430971],[122.345324,7.431611],[122.345461,7.431704],[122.345829,7.431656],[122.34597,7.431816],[122.345781,7.432342],[122.345474,7.432395],[122.345543,7.43258],[122.345327,7.432812],[122.345393,7.433008],[122.346035,7.432524],[122.346384,7.432609],[122.346518,7.432937],[122.346523,7.43317],[122.346727,7.433597],[122.346618,7.433713],[122.346572,7.434344],[122.346366,7.434773],[122.346421,7.435308],[122.346059,7.435687],[122.346185,7.435977],[122.346242,7.436829],[122.346387,7.437449],[122.346604,7.437454],[122.346592,7.43779],[122.346708,7.437954],[122.346654,7.438356],[122.346747,7.438505],[122.34667,7.43874],[122.346918,7.439089],[122.346876,7.44054],[122.346402,7.440583],[122.346148,7.441113],[122.346274,7.44171],[122.3461,7.442178],[122.346304,7.442298],[122.346351,7.442526],[122.346928,7.442714],[122.347157,7.443049],[122.347128,7.443497],[122.346973,7.443688],[122.347041,7.443979],[122.346878,7.444272],[122.346919,7.444405],[122.346716,7.444749],[122.34616,7.445101],[122.346256,7.445549],[122.346718,7.445389],[122.347165,7.444974],[122.347383,7.445065],[122.347611,7.444773],[122.34795,7.444557],[122.348171,7.444643],[122.348519,7.444545],[122.348677,7.444322],[122.348945,7.444157],[122.349537,7.444123],[122.349851,7.444247],[122.350067,7.444216],[122.350287,7.444419],[122.350849,7.444467],[122.351324,7.444386],[122.35135,7.445035],[122.351614,7.445375],[122.351677,7.445657],[122.35158,7.4459],[122.351791,7.446471],[122.351663,7.447022],[122.351796,7.447214],[122.351434,7.447932],[122.351632,7.44826],[122.351349,7.448672],[122.350989,7.449311],[122.351066,7.449439],[122.350551,7.449679],[122.350586,7.449945],[122.350778,7.450304],[122.351066,7.450589],[122.351069,7.450892],[122.35128,7.451068],[122.351443,7.451408],[122.351734,7.45177],[122.352421,7.452728],[122.352824,7.453218],[122.352872,7.453352],[122.353389,7.453899],[122.353638,7.454337],[122.354002,7.454674],[122.35418,7.455142],[122.353799,7.455509],[122.353311,7.45581],[122.353378,7.456025],[122.352985,7.456003],[122.352646,7.456198],[122.352606,7.456464],[122.352785,7.457238],[122.35242,7.457651],[122.3491,7.458773],[122.348482,7.459924],[122.347951,7.460988],[122.347148,7.461618],[122.341154,7.465257],[122.333134,7.468315],[122.327882,7.469182],[122.323886,7.47118],[122.310043,7.474819],[122.297413,7.488947],[122.293845,7.49644],[122.28828,7.513065],[122.282892,7.513734],[122.27986,7.510425],[122.274365,7.507785],[122.271154,7.499865],[122.256097,7.484447],[122.237253,7.477233],[122.257097,7.461832],[122.265018,7.457123],[122.268657,7.451486],[122.272938,7.441068],[122.274865,7.435431],[122.2775,7.427279],[122.285758,7.427279],[122.292052,7.425197],[122.298283,7.421579],[122.302638,7.420842],[122.306926,7.42044],[122.309069,7.419569],[122.314385,7.42184],[122.319709,7.420146],[122.322752,7.4189],[122.323287,7.418262],[122.32357,7.417756],[122.324134,7.417742],[122.324714,7.418187],[122.324934,7.418546],[122.325164,7.418643],[122.325721,7.418685],[122.326294,7.418293],[122.326948,7.418271],[122.327744,7.41841],[122.328071,7.419034],[122.330018,7.418767],[122.331236,7.419643],[122.331735,7.419583],[122.333156,7.419556],[122.338834,7.420069],[122.341307,7.421948],[122.34519,7.420961],[122.346289,7.421136]]]}},{"type":"Feature","properties":{"psgc_code":"0931700101","name":"Kasanyangan"},"geometry":{"type":"Polygon","coordinates":[[[122.100591,6.903565],[122.100679,6.904024],[122.100583,6.904619],[122.100229,6.905142],[122.100116,6.905762],[122.100145,6.90626],[122.099902,6.906737],[122.09974,6.907309],[122.0996,6.907224],[122.098965,6.907203],[122.098986,6.908295],[122.099068,6.908687],[122.099077,6.909308],[122.098614,6.909567],[122.098282,6.910699],[122.097985,6.91113],[122.097591,6.911815],[122.097291,6.911873],[122.096873,6.911765],[122.09692,6.911573],[122.095859,6.911553],[122.094417,6.91166],[122.093296,6.911616],[122.093306,6.911371],[122.091879,6.911454],[122.090351,6.911633],[122.089302,6.911788],[122.089157,6.91111],[122.089353,6.910071],[122.089326,6.909296],[122.088035,6.909238],[122.088498,6.907966],[122.087559,6.907641],[122.087733,6.907271],[122.087902,6.907329],[122.088672,6.906889],[122.08874,6.906615],[122.091016,6.906119],[122.090306,6.904433],[122.09046,6.903629],[122.089998,6.902482],[122.090117,6.902379],[122.089946,6.901447],[122.089783,6.900717],[122.089824,6.900333],[122.089969,6.899992],[122.09149,6.899942],[122.093298,6.899826],[122.094095,6.899592],[122.094499,6.899556],[122.095043,6.899906],[122.095983,6.900801],[122.096251,6.901004],[122.097883,6.900755],[122.098784,6.902464],[122.099374,6.903417],[122.09944,6.903871],[122.099818,6.903614],[122.100591,6.903565]]]}},{"type":"Feature","properties":{"psgc_code":"0931700102","name":"Pasobolong"},"geometry":{"type":"Polygon","coordinates":[[[122.136785,6.977999],[122.136525,6.977985],[122.135828,6.97759],[122.135654,6.977595],[122.135443,6.97798],[122.134736,6.978331],[122.134481,6.978644],[122.134028,6.978956],[122.133408,6.979105],[122.133023,6.979125],[122.132869,6.979],[122.132426,6.97885],[122.13213,6.979198],[122.131388,6.979915],[122.131094,6.980698],[122.130429,6.981927],[122.129747,6.98241],[122.129459,6.982775],[122.129059,6.983086],[122.128276,6.983139],[122.128117,6.98331],[122.128123,6.983533],[122.128406,6.984181],[122.128264,6.984645],[122.127005,6.984304],[122.126882,6.984198],[122.126564,6.984398],[122.126188,6.985181],[122.125825,6.984903],[122.124129,6.983151],[122.123478,6.982258],[122.123657,6.981884],[122.123228,6.981373],[122.122892,6.980793],[122.123366,6.980014],[122.123808,6.978991],[122.124587,6.976305],[122.124694,6.975511],[122.125427,6.974412],[122.125365,6.972916],[122.125381,6.972442],[122.125686,6.971679],[122.125488,6.970336],[122.124952,6.968651],[122.126274,6.969055],[122.126326,6.968092],[122.12634,6.967184],[122.126228,6.965347],[122.128782,6.958792],[122.130492,6.96046],[122.131049,6.960972],[122.132203,6.961649],[122.132633,6.962122],[122.133117,6.962494],[122.133421,6.962593],[122.133712,6.962524],[122.134777,6.962399],[122.135552,6.962524],[122.136047,6.962655],[122.137489,6.963132],[122.137946,6.963354],[122.139214,6.964258],[122.138736,6.964731],[122.138045,6.965676],[122.138114,6.96591],[122.138396,6.966298],[122.139039,6.966542],[122.139214,6.966675],[122.139729,6.967275],[122.139798,6.967631],[122.139368,6.968284],[122.13889,6.968651],[122.138454,6.968852],[122.138141,6.969182],[122.138072,6.969649],[122.137886,6.970143],[122.137721,6.97035],[122.137822,6.970807],[122.137806,6.9712],[122.138088,6.971301],[122.138088,6.972029],[122.13779,6.972077],[122.137392,6.971896],[122.136903,6.972008],[122.136771,6.972225],[122.136717,6.972698],[122.137142,6.973288],[122.137408,6.973447],[122.138215,6.973771],[122.138274,6.97401],[122.138156,6.974208],[122.137641,6.974381],[122.13741,6.974704],[122.137487,6.975242],[122.13805,6.975343],[122.138228,6.975647],[122.138252,6.976113],[122.137992,6.976546],[122.137545,6.976825],[122.13742,6.977022],[122.137406,6.977412],[122.137661,6.977768],[122.137473,6.977956],[122.136785,6.977999]]]}},{"type":"Feature","properties":{"psgc_code":"0931700103","name":"Victoria"},"geometry":{"type":"Polygon","coordinates":[[[122.212577,7.057915],[122.207631,7.058043],[122.206498,7.058201],[122.205248,7.059268],[122.20451,7.061111],[122.202851,7.061335],[122.202522,7.061006],[122.201942,7.061006],[122.200784,7.061388],[122.199138,7.061888],[122.198358,7.062202],[122.198001,7.062448],[122.196583,7.063153],[122.195201,7.064385],[122.194442,7.061878],[122.193172,7.058961],[122.192812,7.056802],[122.191671,7.055382],[122.189892,7.052926],[122.188234,7.053187],[122.185136,7.052908],[122.182829,7.053415],[122.178901,7.054032],[122.174562,7.05436],[122.172027,7.054528],[122.17189,7.054313],[122.171304,7.053863],[122.171323,7.053681],[122.171708,7.053335],[122.172073,7.053081],[122.172184,7.052859],[122.172119,7.052553],[122.171271,7.052429],[122.170821,7.05192],[122.170456,7.051184],[122.170248,7.050251],[122.170052,7.049606],[122.169602,7.049039],[122.16927,7.048478],[122.169081,7.047865],[122.169126,7.047474],[122.168338,7.04508],[122.168813,7.044043],[122.168388,7.042793],[122.167733,7.039499],[122.169413,7.038518],[122.173123,7.037324],[122.173396,7.037154],[122.174772,7.036626],[122.17532,7.036346],[122.175952,7.036157],[122.175935,7.037028],[122.176222,7.038306],[122.176786,7.038624],[122.178937,7.039144],[122.179876,7.039231],[122.180584,7.039447],[122.18196,7.039531],[122.18238,7.039371],[122.183519,7.038282],[122.184478,7.038162],[122.185428,7.038122],[122.186577,7.037372],[122.186856,7.037253],[122.189535,7.037895],[122.190805,7.038152],[122.196313,7.037103],[122.196657,7.034333],[122.197473,7.033482],[122.197432,7.032491],[122.198025,7.031733],[122.198906,7.03045],[122.200942,7.030578],[122.202289,7.030628],[122.201928,7.029647],[122.202129,7.028725],[122.203576,7.028104],[122.205229,7.027616],[122.205739,7.027374],[122.205607,7.02761],[122.205847,7.027753],[122.205977,7.027977],[122.205964,7.028265],[122.206131,7.028327],[122.206381,7.028188],[122.206589,7.027934],[122.206787,7.027882],[122.207033,7.027567],[122.207373,7.027542],[122.207784,7.02761],[122.207882,7.028409],[122.208187,7.028431],[122.208072,7.028691],[122.207668,7.028844],[122.207783,7.028997],[122.207843,7.029509],[122.207772,7.029707],[122.207502,7.029874],[122.207257,7.029889],[122.207069,7.030215],[122.207495,7.030176],[122.207867,7.030256],[122.208084,7.03038],[122.208039,7.030649],[122.20773,7.030956],[122.207171,7.031087],[122.207324,7.031341],[122.20807,7.031386],[122.208803,7.031138],[122.208747,7.03147],[122.209108,7.031941],[122.209128,7.032583],[122.209081,7.032824],[122.209264,7.0329],[122.209402,7.033155],[122.209657,7.033043],[122.209756,7.03277],[122.21002,7.03285],[122.210379,7.032833],[122.21063,7.033125],[122.211052,7.033051],[122.211298,7.033177],[122.211391,7.033482],[122.211674,7.033794],[122.211823,7.034285],[122.211779,7.034577],[122.211941,7.034732],[122.211928,7.034974],[122.211769,7.035257],[122.211975,7.035706],[122.211904,7.036065],[122.212182,7.036172],[122.212269,7.036505],[122.212142,7.036662],[122.212265,7.036858],[122.212089,7.037194],[122.21206,7.037446],[122.212223,7.037758],[122.211994,7.037983],[122.211876,7.038251],[122.212087,7.038302],[122.212207,7.038631],[122.212033,7.038901],[122.21221,7.038961],[122.21224,7.039237],[122.212093,7.039475],[122.211661,7.039666],[122.211046,7.039611],[122.210567,7.039265],[122.21044,7.039608],[122.210038,7.039585],[122.209079,7.039173],[122.208771,7.039136],[122.208391,7.038929],[122.207924,7.038998],[122.207755,7.03891],[122.207454,7.038969],[122.207165,7.038529],[122.207082,7.038031],[122.207623,7.037796],[122.20765,7.037622],[122.207183,7.037597],[122.207691,7.036966],[122.207466,7.036775],[122.20728,7.03675],[122.207189,7.037148],[122.207048,7.03721],[122.206637,7.037179],[122.206615,7.036827],[122.206481,7.036705],[122.206228,7.036872],[122.205947,7.036898],[122.205917,7.036643],[122.205692,7.036358],[122.205564,7.036034],[122.205363,7.035928],[122.205394,7.035646],[122.205073,7.035815],[122.204985,7.035637],[122.204703,7.03553],[122.204532,7.035366],[122.204513,7.035144],[122.204129,7.035263],[122.203608,7.035109],[122.203008,7.0347],[122.202906,7.034516],[122.202959,7.034284],[122.202589,7.034231],[122.201907,7.034004],[122.201669,7.034395],[122.201382,7.03441],[122.201917,7.035178],[122.202117,7.035338],[122.202073,7.035565],[122.201839,7.035631],[122.201703,7.035805],[122.201182,7.036027],[122.20106,7.035916],[122.20088,7.03623],[122.201104,7.036414],[122.201367,7.036351],[122.201664,7.036457],[122.201844,7.036728],[122.202068,7.036767],[122.202073,7.03695],[122.202431,7.036783],[122.202889,7.036862],[122.203045,7.037294],[122.202972,7.037439],[122.202475,7.037559],[122.202405,7.037807],[122.202052,7.03782],[122.201674,7.037913],[122.20083,7.038383],[122.20056,7.038603],[122.200317,7.038538],[122.199987,7.038767],[122.199962,7.039004],[122.19947,7.039132],[122.198919,7.039372],[122.198819,7.039255],[122.19858,7.039524],[122.198247,7.039262],[122.198108,7.039465],[122.19784,7.039635],[122.198003,7.039982],[122.198339,7.04003],[122.198845,7.040236],[122.199051,7.040474],[122.199419,7.040326],[122.200159,7.040715],[122.201214,7.041189],[122.20146,7.041488],[122.201382,7.041979],[122.201669,7.041927],[122.20178,7.042694],[122.20195,7.042701],[122.202432,7.042281],[122.202757,7.041858],[122.202993,7.041642],[122.202948,7.041236],[122.202581,7.041377],[122.202726,7.041046],[122.203078,7.040969],[122.203192,7.040667],[122.203737,7.040472],[122.203889,7.040495],[122.204265,7.040276],[122.205062,7.040444],[122.204987,7.040674],[122.204771,7.040837],[122.204841,7.041128],[122.205075,7.040749],[122.205359,7.040637],[122.205601,7.040731],[122.205831,7.040567],[122.206268,7.041145],[122.206632,7.041828],[122.206644,7.042222],[122.206484,7.04235],[122.205885,7.042298],[122.205399,7.042677],[122.204945,7.042493],[122.204828,7.042312],[122.204577,7.042176],[122.204288,7.042245],[122.204209,7.042469],[122.204525,7.042717],[122.204624,7.042954],[122.20434,7.043227],[122.204724,7.043228],[122.204786,7.043534],[122.205,7.043332],[122.205572,7.043148],[122.205961,7.043277],[122.206184,7.04346],[122.206994,7.04368],[122.207096,7.04408],[122.206702,7.04404],[122.206525,7.044241],[122.207028,7.044257],[122.207203,7.044201],[122.207354,7.0444],[122.207223,7.044722],[122.207327,7.044924],[122.207583,7.044673],[122.207905,7.044185],[122.208299,7.043893],[122.208576,7.044117],[122.208816,7.044173],[122.209018,7.044441],[122.208764,7.04449],[122.208796,7.044708],[122.20899,7.044878],[122.208825,7.045016],[122.208475,7.045058],[122.208413,7.0452],[122.208692,7.045423],[122.208821,7.045299],[122.209477,7.045162],[122.210203,7.045404],[122.21031,7.045165],[122.211063,7.045015],[122.211358,7.045286],[122.211714,7.045265],[122.211685,7.04543],[122.211994,7.045467],[122.212255,7.045756],[122.212375,7.046033],[122.212227,7.046193],[122.212528,7.046897],[122.212597,7.047235],[122.212373,7.047965],[122.212486,7.048102],[122.21277,7.048099],[122.212847,7.048667],[122.212763,7.049062],[122.212411,7.049037],[122.212355,7.049152],[122.212557,7.049488],[122.212398,7.049646],[122.212183,7.049646],[122.211838,7.05014],[122.211381,7.050346],[122.210789,7.050452],[122.210709,7.050536],[122.210331,7.05044],[122.210277,7.050551],[122.209467,7.050123],[122.209368,7.0498],[122.208968,7.049942],[122.208855,7.049647],[122.208607,7.049716],[122.208319,7.049323],[122.208157,7.049511],[122.207597,7.049475],[122.207165,7.049144],[122.207073,7.048978],[122.206721,7.048687],[122.207267,7.048227],[122.207261,7.047943],[122.207058,7.047969],[122.20669,7.047539],[122.206186,7.047828],[122.206173,7.047571],[122.205909,7.047598],[122.205691,7.047038],[122.205544,7.047759],[122.205657,7.047927],[122.205176,7.04821],[122.204943,7.047981],[122.204934,7.047731],[122.204714,7.047725],[122.204776,7.048103],[122.204525,7.047994],[122.204342,7.048098],[122.204154,7.04791],[122.203489,7.048323],[122.203053,7.048519],[122.203029,7.048816],[122.203483,7.048679],[122.203842,7.048784],[122.204037,7.048987],[122.204352,7.048921],[122.204708,7.049034],[122.20503,7.049521],[122.205168,7.049571],[122.205544,7.049387],[122.205352,7.04894],[122.205795,7.048967],[122.205963,7.049254],[122.206006,7.049893],[122.206245,7.050227],[122.206278,7.050443],[122.20601,7.050647],[122.205692,7.050728],[122.205372,7.050707],[122.205238,7.050584],[122.205033,7.050686],[122.205102,7.050988],[122.205413,7.051254],[122.205712,7.051707],[122.205657,7.052162],[122.205867,7.052321],[122.206128,7.052169],[122.206355,7.051766],[122.206455,7.051431],[122.206752,7.051655],[122.206994,7.051686],[122.207202,7.051893],[122.207353,7.052275],[122.207324,7.052558],[122.207691,7.052502],[122.207976,7.052549],[122.208301,7.052762],[122.208369,7.053015],[122.208781,7.053061],[122.208919,7.053447],[122.209096,7.053116],[122.209242,7.053112],[122.209541,7.053319],[122.209463,7.05372],[122.209688,7.05391],[122.209329,7.053991],[122.209031,7.054147],[122.208899,7.054657],[122.208959,7.055179],[122.208921,7.055435],[122.209182,7.055555],[122.209221,7.055294],[122.209359,7.055123],[122.209708,7.055673],[122.209704,7.05597],[122.21013,7.055982],[122.209987,7.055775],[122.210156,7.055648],[122.210218,7.055233],[122.210417,7.055028],[122.210303,7.054779],[122.210107,7.054614],[122.21032,7.054365],[122.210208,7.054142],[122.210288,7.05369],[122.210543,7.053543],[122.210776,7.05362],[122.210755,7.053191],[122.210971,7.053054],[122.211227,7.05307],[122.211353,7.052941],[122.211642,7.053076],[122.211834,7.05334],[122.211737,7.053516],[122.212054,7.053979],[122.212034,7.054582],[122.212204,7.054949],[122.212049,7.055214],[122.212245,7.055669],[122.212128,7.055808],[122.21236,7.056131],[122.212418,7.056334],[122.212308,7.056628],[122.21236,7.056996],[122.212565,7.057093],[122.212638,7.05738],[122.21252,7.057532],[122.212577,7.057915]]]}},{"type":"Feature","properties":{"psgc_code":"0931700104","name":"Zambowood"},"geometry":{"type":"Polygon","coordinates":[[[122.136903,6.929165],[122.137259,6.930065],[122.138283,6.931793],[122.138891,6.932337],[122.139051,6.932992],[122.139355,6.933088],[122.139818,6.932832],[122.140394,6.932417],[122.140938,6.932385],[122.141914,6.932129],[122.142202,6.932449],[122.142122,6.932784],[122.141594,6.932912],[122.141146,6.933472],[122.141674,6.935312],[122.14113,6.9364],[122.140903,6.936626],[122.141066,6.937721],[122.140586,6.938226],[122.140535,6.938492],[122.140783,6.938757],[122.140937,6.939236],[122.140869,6.940923],[122.140715,6.941736],[122.140698,6.942079],[122.140475,6.94243],[122.139542,6.943123],[122.139482,6.943534],[122.139662,6.943988],[122.140038,6.944689],[122.140073,6.94516],[122.140167,6.945588],[122.140449,6.946402],[122.139585,6.947189],[122.139499,6.947489],[122.139628,6.947883],[122.140013,6.948216],[122.140492,6.948473],[122.140509,6.948833],[122.138155,6.949446],[122.135123,6.949983],[122.134049,6.952309],[122.132921,6.953386],[122.132389,6.95474],[122.132372,6.955347],[122.132225,6.955918],[122.131978,6.955973],[122.131172,6.956035],[122.131048,6.957162],[122.130796,6.957886],[122.130773,6.958363],[122.13091,6.958918],[122.131295,6.959683],[122.131877,6.960517],[122.132216,6.961118],[122.132299,6.96137],[122.132203,6.961649],[122.131049,6.960972],[122.130492,6.96046],[122.128782,6.958792],[122.128445,6.958437],[122.128295,6.958168],[122.128255,6.957851],[122.128303,6.956662],[122.128208,6.956289],[122.128041,6.956012],[122.12778,6.95579],[122.127051,6.955457],[122.126512,6.955346],[122.1256,6.955093],[122.125077,6.954768],[122.124879,6.954419],[122.124332,6.953626],[122.123958,6.953008],[122.126487,6.95149],[122.12602,6.950129],[122.12554,6.948918],[122.125224,6.947854],[122.127496,6.947434],[122.12901,6.946103],[122.129496,6.944304],[122.12671,6.941341],[122.1257,6.940473],[122.125763,6.939841],[122.125163,6.939652],[122.125552,6.93907],[122.125861,6.938688],[122.125934,6.938333],[122.125816,6.937651],[122.125133,6.937342],[122.124742,6.937105],[122.124597,6.93666],[122.124824,6.935568],[122.124861,6.935059],[122.124579,6.934641],[122.124115,6.934168],[122.123815,6.933686],[122.12316,6.933076],[122.122478,6.93264],[122.122041,6.932012],[122.121905,6.931539],[122.122014,6.930766],[122.122168,6.930384],[122.122696,6.929283],[122.122887,6.928974],[122.12346,6.928528],[122.124356,6.928159],[122.125774,6.925727],[122.127507,6.926467],[122.128429,6.926709],[122.129228,6.927365],[122.130172,6.927864],[122.132392,6.928777],[122.134333,6.929419],[122.135702,6.929838],[122.136366,6.929629],[122.136903,6.929165]]]}}]}